order_id,customer_id,order_date,ship_date,delivery_date,total_amount,discount_amount,order_status,payment_method,final_amount,shipping_country
3001,1038,2024-05-18,2024-05-19,2024-05-27,454.7792146958529,23.28,Shipped,PayPal,431.5,France
3002,1419,2024-08-11,2024-08-12,2024-08-18,174.1748579031895,23.01,Processing,PayPal,151.16,Poland
3003,1094,2024-12-06,2024-12-07,2024-12-21,892.2740044784434,65.05,Shipped,Credit Card,827.22,Germany
3004,1095,2024-04-11,2024-04-12,2024-04-19,477.29541638025637,75.04,Delivered,Debit Card,402.26,Spain
3005,1305,2024-09-28,2024-09-30,2024-10-05,234.8913862297268,5.71,Delivered,Debit Card,229.18,Germany
3006,1069,2023-02-11,2023-02-12,2023-02-25,399.3713833334251,9.3,Delivered,Debit Card,390.07,Germany
3007,1318,2024-11-30,2024-12-03,2024-12-10,443.4232649024807,18.13,Shipped,Bank Transfer,425.29,Spain
3008,1444,2024-03-16,2024-03-17,2024-03-30,836.1610007885306,14.1,Cancelled,Bank Transfer,822.06,France
3009,1236,2024-05-20,2024-05-22,2024-06-04,746.9336615333319,92.62,Delivered,Bank Transfer,654.31,Spain
3010,1434,2023-08-03,2023-08-06,2023-08-18,780.8396489592728,23.01,Delivered,Credit Card,757.83,UK
3011,1334,2023-08-24,2023-08-25,2023-09-07,60.47970120721485,1.93,Pending,PayPal,58.55,Poland
3012,1373,2023-06-11,2023-06-14,2023-06-27,445.34629827077345,1.27,Pending,PayPal,444.08,UK
3013,1376,2023-03-01,2023-03-02,2023-03-07,507.27694405355743,79.35,Processing,Credit Card,427.93,Netherlands
3014,1459,2023-08-13,2023-08-16,2023-08-26,68.23266298190386,11.09,Delivered,Credit Card,57.14,France
3015,1137,2023-10-14,2023-10-16,2023-10-29,296.82254830778254,9.62,Shipped,Debit Card,287.2,Germany
3016,1418,2023-03-03,2023-03-04,2023-03-18,772.2753319660283,114.22,Shipped,Debit Card,658.06,USA
3017,1076,2023-01-14,2023-01-15,2023-01-27,180.2542204425491,15.63,Cancelled,Bank Transfer,164.62,UK
3018,1483,2024-10-27,2024-10-28,2024-11-05,558.544624879962,26.76,Cancelled,Bank Transfer,531.78,UK
3019,1035,2024-03-21,2024-03-23,2024-03-30,254.44177841637563,31.62,Cancelled,Credit Card,222.82,Spain
3020,1001,2023-04-14,2023-04-16,2023-04-30,61.51473591169861,2.2,Shipped,Bank Transfer,59.31,Netherlands
3021,1296,2023-04-11,2023-04-12,2023-04-18,279.14138471956437,42.26,Delivered,PayPal,236.88,Spain
3022,1320,2024-06-05,2024-06-07,2024-06-18,977.0800671645511,9.3,Processing,Credit Card,967.78,UK
3023,1406,2023-10-04,2023-10-05,2023-10-13,811.4602562888401,155.66,Processing,Credit Card,655.8,France
3024,1060,2023-07-07,2023-07-08,2023-07-16,961.5978121049817,13.82,Processing,PayPal,947.78,Spain
3025,1320,2023-05-18,2023-05-21,2023-06-03,513.4613417300443,59.5,Shipped,Debit Card,453.96,UK
3026,1349,2024-06-29,2024-07-01,2024-07-06,154.24938874362834,27.83,Shipped,Debit Card,126.42,Germany
3027,1328,2023-12-20,2023-12-23,2024-01-06,570.5615145250083,1.36,Delivered,PayPal,569.2,France
3028,1267,2024-11-24,2024-11-25,2024-11-30,481.6584678319628,48.02,Processing,PayPal,433.64,Germany
3029,1361,2023-05-13,2023-05-16,2023-05-21,852.1392286026352,59.65,Delivered,Bank Transfer,792.49,Germany
3030,1229,2024-06-23,2024-06-26,2024-07-07,143.17845174503236,16.62,Shipped,Credit Card,126.56,Germany
3031,1270,2024-05-10,2024-05-11,2024-05-16,513.8290801706893,23.17,Processing,Bank Transfer,490.66,UK
3032,1316,2024-01-04,2024-01-06,2024-01-20,192.54623145928505,2.5,Shipped,PayPal,190.05,USA
3033,1286,2023-04-09,2023-04-10,2023-04-15,358.44213054555695,44.87,Processing,Bank Transfer,313.57,Netherlands
3034,1291,2024-05-09,2024-05-10,2024-05-24,750.4892235184096,62.57,Shipped,PayPal,687.92,Spain
3035,1213,2024-06-03,2024-06-04,2024-06-10,502.2172229003282,62.52,Shipped,Bank Transfer,439.7,France
3036,1165,2024-12-09,2024-12-11,2024-12-16,407.09387088848086,17.14,Processing,Bank Transfer,389.95,Spain
3037,1005,2023-01-20,2023-01-21,2023-01-27,424.75246464153355,28.78,Processing,Debit Card,395.97,UK
3038,1339,2023-10-20,2023-10-21,2023-10-29,486.4744299856873,54.65,Shipped,PayPal,431.82,Spain
3039,1379,2023-12-22,2023-12-24,2024-01-07,795.7657166452041,94.4,Cancelled,Bank Transfer,701.37,Netherlands
3040,1078,2024-01-22,2024-01-23,2024-02-02,897.4804544932227,66.83,Shipped,Credit Card,830.65,Spain
3041,1410,2023-08-03,2023-08-05,2023-08-11,957.5679521787318,53.63,Delivered,Bank Transfer,903.94,Poland
3042,1062,2023-02-12,2023-02-14,2023-02-24,797.5582169425303,43.66,Delivered,Bank Transfer,753.9,France
3043,1132,2023-05-10,2023-05-12,2023-05-18,349.6365509606121,12.22,Cancelled,Credit Card,337.42,Netherlands
3044,1089,2024-06-27,2024-06-29,2024-07-04,703.727970782215,45.8,Delivered,PayPal,657.93,Netherlands
3045,1237,2024-08-06,2024-08-08,2024-08-17,465.72296785262233,18.58,Shipped,Debit Card,447.14,Spain
3046,1042,2024-06-03,2024-06-05,2024-06-14,291.9370909437486,37.01,Delivered,Debit Card,254.93,Poland
3047,1089,2023-04-24,2023-04-27,2023-05-07,848.8280004546265,96.61,Cancelled,Debit Card,752.22,Netherlands
3048,1402,2024-01-14,2024-01-17,2024-01-26,86.50503151420875,6.62,Shipped,Credit Card,79.89,Spain
3049,1296,2023-10-26,2023-10-27,2023-11-02,906.6738925286523,59.08,Shipped,Bank Transfer,847.59,Spain
3050,1328,2023-06-27,2023-06-29,2023-07-05,488.40359139349744,23.21,Pending,PayPal,465.19,France
3051,1295,2023-06-03,2023-06-05,2023-06-18,655.3414029678664,70.18,Delivered,Bank Transfer,585.16,USA
3052,1104,2023-04-25,2023-04-28,2023-05-12,676.3862260954936,124.31,Delivered,Debit Card,552.08,Spain
3053,1014,2023-03-09,2023-03-10,2023-03-20,900.3618536712096,123.48,Processing,Bank Transfer,776.88,Poland
3054,1288,2024-12-08,2024-12-10,2024-12-21,654.836198058847,97.49,Shipped,Credit Card,557.35,UK
3055,1179,2023-05-25,2023-05-28,2023-06-04,633.2369055220587,105.67,Shipped,Credit Card,527.57,Canada
3056,1125,2024-04-21,2024-04-24,2024-05-07,113.31943853265545,7.97,Processing,PayPal,105.35,Spain
3057,1422,2023-04-14,2023-04-17,2023-04-28,542.4876208479438,6.82,Returned,PayPal,535.67,Canada
3058,1353,2024-10-27,2024-10-29,2024-11-11,192.66055077618958,23.99,Processing,Debit Card,168.67,Canada
3059,1023,2024-06-14,2024-06-17,2024-07-01,750.5620802854113,28.32,Pending,PayPal,722.24,USA
3060,1063,2024-03-01,2024-03-02,2024-03-10,536.6108247720408,61.07,Shipped,Bank Transfer,475.54,Spain
3061,1143,2023-01-23,2023-01-26,2023-02-08,696.2163902479357,102.97,Delivered,Credit Card,593.25,Canada
3062,1481,2024-12-06,2024-12-07,2024-12-14,89.58925557226505,14.04,Pending,Credit Card,75.55,Netherlands
3063,1153,2024-11-11,2024-11-12,2024-11-21,130.55241524351305,7.88,Delivered,Credit Card,122.67,Netherlands
3064,1145,2024-02-20,2024-02-22,2024-02-28,730.5072186595481,74.87,Shipped,PayPal,655.64,Canada
3065,1225,2024-03-31,2024-04-03,2024-04-16,118.4801191987397,14.71,Processing,Credit Card,103.77,Canada
3066,1495,2023-04-22,2023-04-24,2023-05-04,117.69389137699567,19.29,Processing,Credit Card,98.4,Spain
3067,1450,2023-04-06,2023-04-08,2023-04-20,61.503051473143074,9.37,Shipped,Credit Card,52.13,Germany
3068,1462,2024-01-13,2024-01-14,2024-01-27,958.6763283845061,189.43,Processing,Debit Card,769.25,Germany
3069,1309,2024-12-05,2024-12-06,2024-12-20,750.6329414860566,1.21,Cancelled,Debit Card,749.42,Canada
3070,1104,2024-03-14,2024-03-17,2024-03-31,385.58883807696094,33.74,Delivered,PayPal,351.85,Spain
3071,1104,2023-09-27,2023-09-29,2023-10-04,331.70880222327247,16.99,Returned,Credit Card,314.72,Spain
3072,1435,2024-04-08,2024-04-11,2024-04-17,382.2180682585571,9.17,Processing,PayPal,373.05,France
3073,1039,2023-11-27,2023-11-28,2023-12-11,785.9208546221228,143.28,Returned,Credit Card,642.64,Spain
3074,1435,2023-10-12,2023-10-14,2023-10-22,678.3020805168936,135.38,Shipped,Credit Card,542.92,France
3075,1198,2023-08-27,2023-08-29,2023-09-04,225.93578947409455,8.16,Shipped,Credit Card,217.78,USA
3076,1134,2023-11-06,2023-11-09,2023-11-23,215.40386856738013,1.66,Pending,PayPal,213.74,France
3077,1067,2023-04-14,2023-04-16,2023-04-30,143.47586722772746,7.89,Pending,PayPal,135.59,Spain
3078,1391,2023-05-08,2023-05-10,2023-05-23,677.2875837162712,113.09,Delivered,Credit Card,564.2,USA
3079,1179,2023-09-10,2023-09-13,2023-09-25,776.1540291106492,45.62,Shipped,Bank Transfer,730.53,Canada
3080,1456,2023-05-16,2023-05-19,2023-05-26,301.79410690875386,3.43,Processing,PayPal,298.36,Germany
3081,1042,2023-08-24,2023-08-27,2023-09-06,69.89771297936717,0.73,Delivered,Debit Card,69.17,Poland
3082,1448,2024-04-09,2024-04-10,2024-04-17,128.06308410260598,10.95,Processing,PayPal,117.11,USA
3083,1500,2024-06-04,2024-06-06,2024-06-15,969.4670331027789,180.67,Shipped,Credit Card,788.8,France
3084,1015,2024-11-07,2024-11-10,2024-11-18,330.67253860354924,18.91,Shipped,Bank Transfer,311.76,Germany
3085,1111,2023-10-18,2023-10-19,2023-10-27,780.761990446227,66.7,Delivered,Credit Card,714.06,Spain
3086,1157,2024-10-09,2024-10-12,2024-10-24,643.4303904115505,13.12,Delivered,Debit Card,630.31,UK
3087,1289,2023-02-16,2023-02-18,2023-02-27,412.8426576702511,40.75,Shipped,PayPal,372.09,Canada
3088,1500,2024-03-11,2024-03-14,2024-03-27,245.40289908577736,34.19,Shipped,PayPal,211.21,France
3089,1478,2024-05-30,2024-05-31,2024-06-14,165.3170972514361,8.97,Shipped,Credit Card,156.35,USA
3090,1231,2024-09-05,2024-09-07,2024-09-18,634.2623196369233,37.64,Delivered,Credit Card,596.62,Spain
3091,1411,2024-04-20,2024-04-22,2024-04-29,785.9020916058986,132.34,Shipped,Debit Card,653.56,Netherlands
3092,1420,2023-03-29,2023-04-01,2023-04-06,661.7090408640742,1.37,Processing,Bank Transfer,660.34,France
3093,1157,2023-03-18,2023-03-19,2023-04-02,553.7870265867004,70.49,Pending,Debit Card,483.3,UK
3094,1038,2024-06-23,2024-06-24,2024-06-30,89.85366226005445,7.08,Shipped,Bank Transfer,82.77,France
3095,1441,2024-01-17,2024-01-19,2024-02-02,970.0643387146646,57.89,Shipped,PayPal,912.17,France
3096,1097,2024-12-13,2024-12-14,2024-12-22,808.7784820718458,106.37,Delivered,Bank Transfer,702.41,France
3097,1485,2023-05-23,2023-05-24,2023-05-29,328.1809348659165,54.78,Processing,Bank Transfer,273.4,Canada
3098,1411,2023-06-01,2023-06-03,2023-06-09,980.9718128909082,109.55,Shipped,PayPal,871.42,Netherlands
3099,1439,2024-12-21,2024-12-24,2025-01-05,621.787510154506,3.87,Delivered,PayPal,617.92,France
3100,1289,2023-01-03,2023-01-04,2023-01-12,603.3015252968842,55.67,Delivered,PayPal,547.63,Canada
3101,1254,2023-01-16,2023-01-18,2023-01-27,760.6695204580556,70.4,Shipped,Debit Card,690.27,Canada
3102,1196,2023-06-26,2023-06-29,2023-07-04,821.1812986856306,89.31,Shipped,PayPal,731.87,Canada
3103,1086,2023-11-03,2023-11-05,2023-11-10,673.6546769649275,90.4,Shipped,Credit Card,583.25,Canada
3104,1322,2023-11-28,2023-12-01,2023-12-07,171.69095904789003,0.66,Cancelled,PayPal,171.03,Poland
3105,1010,2023-09-12,2023-09-14,2023-09-25,371.35413069477346,37.28,Processing,PayPal,334.07,Netherlands
3106,1005,2024-12-18,2024-12-20,2024-12-25,931.6794583097472,109.62,Cancelled,PayPal,822.06,UK
3107,1123,2024-04-07,2024-04-10,2024-04-18,263.3848312516593,18.09,Delivered,Bank Transfer,245.29,USA
3108,1330,2024-07-11,2024-07-13,2024-07-25,403.55867264563767,53.94,Shipped,Debit Card,349.62,Canada
3109,1353,2023-09-06,2023-09-08,2023-09-21,460.4730387969862,21.01,Pending,PayPal,439.46,Canada
3110,1118,2024-07-17,2024-07-19,2024-07-31,467.43474020972957,29.67,Shipped,Debit Card,437.76,USA
3111,1294,2023-11-09,2023-11-12,2023-11-18,632.2926033697993,121.75,Shipped,Credit Card,510.54,Poland
3112,1397,2024-10-23,2024-10-24,2024-11-05,945.9220458574722,65.85,Processing,Credit Card,880.07,Netherlands
3113,1159,2024-07-11,2024-07-12,2024-07-18,278.6580762408797,19.31,Delivered,PayPal,259.35,USA
3114,1303,2023-12-09,2023-12-10,2023-12-21,165.42630748587214,19.71,Returned,Credit Card,145.72,Germany
3115,1228,2023-03-02,2023-03-03,2023-03-15,237.59696536694045,46.14,Shipped,Debit Card,191.46,France
3116,1365,2023-09-29,2023-10-01,2023-10-09,892.578655198806,175.5,Delivered,Bank Transfer,717.08,Spain
3117,1216,2023-11-13,2023-11-16,2023-11-21,663.5202720224457,76.92,Pending,PayPal,586.6,UK
3118,1436,2024-10-23,2024-10-26,2024-11-05,321.6114497772021,0.07,Shipped,Credit Card,321.54,USA
3119,1184,2023-11-06,2023-11-08,2023-11-16,825.1495920201864,148.64,Processing,Debit Card,676.51,UK
3120,1015,2024-12-22,2024-12-25,2025-01-07,868.3014965452642,99.03,Delivered,Debit Card,769.27,Germany
3121,1157,2023-12-04,2023-12-07,2023-12-21,854.1886217557642,62.53,Cancelled,Credit Card,791.66,UK
3122,1136,2023-02-18,2023-02-21,2023-02-26,922.9802069575767,153.07,Delivered,Debit Card,769.91,Spain
3123,1261,2024-07-22,2024-07-25,2024-07-30,289.6289691646935,23.16,Pending,Debit Card,266.47,Poland
3124,1157,2023-05-13,2023-05-16,2023-05-23,767.2898323089644,5.22,Shipped,PayPal,762.07,UK
3125,1047,2023-02-26,2023-02-27,2023-03-06,487.512522410433,80.06,Shipped,Debit Card,407.45,Spain
3126,1324,2023-04-21,2023-04-22,2023-05-03,849.8986252455585,92.79,Shipped,Credit Card,757.11,Netherlands
3127,1332,2023-03-17,2023-03-19,2023-03-27,742.0661433035325,50.18,Delivered,PayPal,691.89,France
3128,1173,2024-10-04,2024-10-05,2024-10-19,787.6250741747384,39.52,Delivered,Credit Card,748.11,Poland
3129,1130,2023-02-10,2023-02-13,2023-02-27,673.353745797018,79.97,Delivered,Bank Transfer,593.38,Spain
3130,1411,2024-10-03,2024-10-06,2024-10-17,218.55733099622154,9.09,Shipped,Credit Card,209.47,Netherlands
3131,1095,2024-04-13,2024-04-14,2024-04-21,567.7755729520915,36.77,Processing,Credit Card,531.01,Spain
3132,1115,2023-02-21,2023-02-22,2023-03-04,985.4362525482828,125.45,Processing,PayPal,859.99,Germany
3133,1243,2024-09-03,2024-09-04,2024-09-10,940.518663172263,165.82,Shipped,Debit Card,774.7,Poland
3134,1420,2023-07-10,2023-07-13,2023-07-26,91.01504900716108,9.7,Shipped,Credit Card,81.32,France
3135,1292,2024-10-14,2024-10-17,2024-10-25,206.57407494296527,31.36,Delivered,PayPal,175.21,USA
3136,1282,2024-02-21,2024-02-24,2024-03-08,175.14233478183382,26.73,Delivered,Bank Transfer,148.41,France
3137,1299,2024-06-05,2024-06-07,2024-06-20,739.6809144860307,98.28,Pending,PayPal,641.4,Netherlands
3138,1283,2023-12-31,2024-01-03,2024-01-09,826.8960633640978,40.66,Shipped,PayPal,786.24,Spain
3139,1069,2024-08-28,2024-08-29,2024-09-06,252.8357979951383,43.83,Processing,Debit Card,209.01,Germany
3140,1148,2024-06-20,2024-06-21,2024-07-04,530.5600583042376,46.29,Processing,Credit Card,484.27,Spain
3141,1011,2023-01-11,2023-01-12,2023-01-18,848.66787661064,7.5,Delivered,Bank Transfer,841.17,Poland
3142,1254,2024-12-02,2024-12-05,2024-12-18,746.161467527938,36.5,Pending,PayPal,709.66,Canada
3143,1330,2023-12-21,2023-12-22,2023-12-27,565.1253452172559,86.53,Shipped,Credit Card,478.6,Canada
3144,1360,2023-07-28,2023-07-29,2023-08-10,610.8303059358342,8.45,Processing,Credit Card,602.38,Netherlands
3145,1038,2024-01-24,2024-01-25,2024-02-01,532.942519570466,15.71,Cancelled,PayPal,517.23,France
3146,1134,2023-05-27,2023-05-30,2023-06-12,332.6710287528795,46.19,Shipped,Credit Card,286.48,France
3147,1200,2024-09-21,2024-09-23,2024-09-29,586.7708932160654,104.75,Processing,PayPal,482.02,Spain
3148,1023,2023-05-24,2023-05-25,2023-05-31,704.4410369475861,89.29,Shipped,PayPal,615.15,USA
3149,1303,2023-01-14,2023-01-16,2023-01-21,879.6567700677673,39.11,Delivered,PayPal,840.55,Germany
3150,1346,2023-12-12,2023-12-14,2023-12-27,654.4767862802856,6.99,Returned,Bank Transfer,647.49,France
3151,1302,2024-02-04,2024-02-07,2024-02-21,773.065460191,95.11,Processing,PayPal,677.96,Netherlands
3152,1363,2023-06-21,2023-06-23,2023-07-05,202.06805320684435,1.92,Cancelled,Debit Card,200.15,Germany
3153,1396,2024-09-14,2024-09-17,2024-09-24,488.4796006988004,59.86,Cancelled,Credit Card,428.62,Spain
3154,1218,2023-03-13,2023-03-15,2023-03-21,58.86503883573863,2.66,Cancelled,Bank Transfer,56.21,Canada
3155,1141,2023-10-10,2023-10-12,2023-10-19,284.3449212955419,51.45,Delivered,Credit Card,232.89,Spain
3156,1104,2024-12-27,2024-12-28,2025-01-09,740.1386293573546,70.33,Delivered,Bank Transfer,669.81,Spain
3157,1446,2024-06-18,2024-06-20,2024-06-29,992.2194537818953,44.44,Shipped,Debit Card,947.78,Poland
3158,1210,2023-12-28,2023-12-29,2024-01-03,144.21919460785512,24.61,Delivered,Bank Transfer,119.61,USA
3159,1473,2023-11-20,2023-11-23,2023-11-28,431.4196000682238,21.92,Shipped,Bank Transfer,409.5,Canada
3160,1481,2023-12-12,2023-12-13,2023-12-24,810.0674202642015,49.67,Delivered,Bank Transfer,760.4,Netherlands
3161,1111,2023-08-03,2023-08-06,2023-08-12,243.8338528974539,40.69,Shipped,Credit Card,203.14,Spain
3162,1104,2024-01-15,2024-01-18,2024-01-30,577.3307018371719,35.66,Delivered,PayPal,541.67,Spain
3163,1316,2024-08-22,2024-08-25,2024-09-04,746.4177312281911,61.23,Delivered,Credit Card,685.19,USA
3164,1171,2023-01-15,2023-01-17,2023-01-30,635.1861777471701,44.17,Processing,PayPal,591.02,Poland
3165,1460,2024-02-15,2024-02-16,2024-02-24,228.62349788464533,5.32,Delivered,Credit Card,223.3,Poland
3166,1492,2024-10-01,2024-10-02,2024-10-07,387.61534025145244,3.02,Shipped,Debit Card,384.6,Spain
3167,1356,2023-12-17,2023-12-19,2023-12-28,794.6021952611273,115.14,Delivered,Debit Card,679.46,Germany
3168,1496,2023-07-29,2023-08-01,2023-08-11,576.5151884254158,74.39,Shipped,Bank Transfer,502.13,Canada
3169,1324,2024-08-04,2024-08-05,2024-08-16,54.9681328657671,3.1,Shipped,Debit Card,51.87,Netherlands
3170,1133,2023-02-23,2023-02-26,2023-03-09,772.9412220266892,45.7,Cancelled,Bank Transfer,727.24,UK
3171,1376,2023-02-27,2023-02-28,2023-03-14,83.54578719322711,15.79,Processing,PayPal,67.76,Netherlands
3172,1293,2024-06-05,2024-06-06,2024-06-17,758.4470935946705,149.82,Delivered,Debit Card,608.63,USA
3173,1328,2024-10-29,2024-10-31,2024-11-09,242.35653215697553,22.95,Shipped,PayPal,219.41,France
3174,1127,2024-09-22,2024-09-25,2024-10-01,960.1698061134111,154.1,Shipped,Credit Card,806.07,Canada
3175,1106,2023-10-26,2023-10-29,2023-11-07,399.54371373698024,58.87,Shipped,PayPal,340.67,Spain
3176,1497,2023-04-11,2023-04-14,2023-04-27,360.58503552117514,21.44,Shipped,Credit Card,339.15,Netherlands
3177,1092,2024-01-16,2024-01-19,2024-01-31,191.44364781582243,2.24,Shipped,PayPal,189.2,USA
3178,1287,2024-03-10,2024-03-12,2024-03-26,340.3240047157041,9.7,Pending,PayPal,330.62,UK
3179,1378,2023-08-10,2023-08-11,2023-08-21,882.8182237367905,148.01,Processing,Debit Card,734.81,UK
3180,1393,2024-07-22,2024-07-24,2024-07-30,996.517620745885,145.73,Pending,PayPal,850.79,France
3181,1051,2024-04-10,2024-04-13,2024-04-19,399.8940539815059,53.13,Returned,Debit Card,346.76,UK
3182,1029,2024-08-24,2024-08-26,2024-09-06,476.18009940681543,12.44,Returned,Debit Card,463.74,France
3183,1462,2023-10-15,2023-10-17,2023-10-31,735.9673912926002,94.19,Shipped,Bank Transfer,641.78,Germany
3184,1296,2023-11-09,2023-11-10,2023-11-23,891.8859914418208,137.73,Delivered,Bank Transfer,754.16,Spain
3185,1297,2023-09-26,2023-09-28,2023-10-05,613.3921174774449,105.58,Shipped,Credit Card,507.81,Poland
3186,1214,2023-12-17,2023-12-19,2024-01-01,421.94941326893786,1.12,Delivered,PayPal,420.83,UK
3187,1267,2023-06-12,2023-06-15,2023-06-27,441.9907488061926,60.51,Delivered,Credit Card,381.48,Germany
3188,1407,2023-04-06,2023-04-08,2023-04-17,710.8372391719665,2.72,Cancelled,PayPal,708.12,Germany
3189,1257,2023-12-19,2023-12-22,2023-12-27,53.05735042406475,7.5,Shipped,Bank Transfer,45.56,Germany
3190,1302,2024-02-16,2024-02-19,2024-02-28,638.6098705868486,81.18,Delivered,Bank Transfer,557.43,Netherlands
3191,1101,2023-04-28,2023-04-30,2023-05-07,387.7183599192895,11.5,Processing,PayPal,376.22,Netherlands
3192,1405,2023-04-17,2023-04-19,2023-04-29,804.48746471323,123.27,Returned,PayPal,681.22,UK
3193,1346,2023-09-01,2023-09-02,2023-09-11,138.34110783197553,1.89,Pending,Bank Transfer,136.45,France
3194,1110,2024-04-12,2024-04-14,2024-04-24,608.792153600971,100.62,Delivered,Bank Transfer,508.17,France
3195,1420,2024-06-21,2024-06-23,2024-07-04,506.9242453918176,26.56,Delivered,Credit Card,480.36,France
3196,1182,2023-03-14,2023-03-17,2023-03-26,660.209249609966,90.96,Delivered,Bank Transfer,569.25,USA
3197,1471,2024-11-26,2024-11-29,2024-12-09,111.61091475881993,20.62,Processing,PayPal,90.99,Poland
3198,1313,2024-08-12,2024-08-14,2024-08-26,600.9845980567247,40.85,Cancelled,Credit Card,560.13,Spain
3199,1001,2023-09-10,2023-09-11,2023-09-18,583.4103585615476,58.68,Processing,PayPal,524.73,Netherlands
3200,1319,2023-05-29,2023-06-01,2023-06-15,582.6270896953624,53.97,Delivered,Debit Card,528.66,Germany
3201,1438,2023-07-30,2023-08-01,2023-08-13,623.3132832666321,19.65,Processing,Credit Card,603.66,Poland
3202,1055,2023-03-23,2023-03-25,2023-03-30,692.6445403650441,81.78,Shipped,PayPal,610.86,Germany
3203,1371,2024-08-02,2024-08-03,2024-08-11,814.7395496967313,121.07,Shipped,Bank Transfer,693.67,UK
3204,1424,2023-11-26,2023-11-27,2023-12-04,306.3296841218036,56.17,Shipped,Debit Card,250.16,Poland
3205,1399,2023-04-21,2023-04-23,2023-05-06,833.7969396710589,141.88,Processing,PayPal,691.92,Germany
3206,1149,2023-03-30,2023-03-31,2023-04-10,523.3428981502809,53.38,Processing,Credit Card,469.96,Canada
3207,1431,2024-12-12,2024-12-15,2024-12-28,123.20536517761461,17.72,Shipped,PayPal,105.49,France
3208,1457,2023-05-26,2023-05-28,2023-06-02,105.62338278178024,16.92,Delivered,Debit Card,88.7,USA
3209,1309,2023-07-08,2023-07-11,2023-07-18,367.52640276125777,36.27,Cancelled,Credit Card,331.26,Canada
3210,1137,2024-05-17,2024-05-18,2024-05-27,795.6521282558941,18.37,Pending,Debit Card,777.28,Germany
3211,1202,2023-09-28,2023-09-30,2023-10-06,722.29688800387,63.26,Shipped,PayPal,659.04,Spain
3212,1436,2023-12-05,2023-12-08,2023-12-22,799.1842164387862,134.66,Processing,Bank Transfer,664.52,USA
3213,1313,2023-12-25,2023-12-27,2024-01-06,541.4056036195288,64.61,Pending,Bank Transfer,476.8,Spain
3214,1117,2023-11-30,2023-12-01,2023-12-14,468.18904805771604,67.84,Delivered,PayPal,400.35,Germany
3215,1154,2023-12-05,2023-12-07,2023-12-16,190.07990037096974,7.04,Delivered,PayPal,183.04,Poland
3216,1425,2023-07-18,2023-07-21,2023-07-29,361.783115928846,69.78,Processing,PayPal,292.0,UK
3217,1291,2024-04-16,2024-04-18,2024-05-01,462.3183978651815,37.36,Processing,Credit Card,424.96,Spain
3218,1063,2023-01-23,2023-01-24,2023-02-05,134.17040819563636,17.54,Pending,Debit Card,116.63,Spain
3219,1244,2023-01-06,2023-01-08,2023-01-21,259.58135507565066,0.98,Delivered,Debit Card,258.6,Netherlands
3220,1025,2023-07-22,2023-07-23,2023-08-05,618.3140293605519,15.74,Returned,Debit Card,602.57,UK
3221,1090,2023-09-01,2023-09-04,2023-09-17,748.8799585272303,117.13,Processing,PayPal,631.75,Canada
3222,1075,2024-08-13,2024-08-15,2024-08-29,998.4301358233022,193.29,Processing,Debit Card,805.14,Canada
3223,1294,2023-12-08,2023-12-09,2023-12-22,936.4576647763798,59.94,Cancelled,PayPal,876.52,Poland
3224,1386,2024-09-16,2024-09-18,2024-09-30,660.436939558432,4.91,Cancelled,Credit Card,655.53,Netherlands
3225,1391,2023-10-01,2023-10-04,2023-10-09,450.1856506293684,32.49,Shipped,Bank Transfer,417.7,USA
3226,1210,2024-09-06,2024-09-08,2024-09-21,654.3684964728211,2.29,Pending,PayPal,652.08,USA
3227,1475,2023-07-06,2023-07-09,2023-07-22,796.3690371762203,30.64,Pending,PayPal,765.73,USA
3228,1418,2024-03-17,2024-03-18,2024-03-24,162.41938137721797,24.44,Shipped,Bank Transfer,137.98,USA
3229,1347,2024-06-19,2024-06-21,2024-07-02,439.40964521147384,82.35,Shipped,Bank Transfer,357.06,France
3230,1017,2023-12-22,2023-12-24,2024-01-05,847.8121713538363,14.83,Pending,Credit Card,832.98,France
3231,1128,2024-10-28,2024-10-29,2024-11-08,414.6413043363918,46.27,Shipped,Debit Card,368.37,UK
3232,1427,2023-04-01,2023-04-04,2023-04-18,593.2786576658272,30.12,Pending,PayPal,563.16,Poland
3233,1443,2023-03-06,2023-03-07,2023-03-20,608.3808928190883,16.92,Delivered,Debit Card,591.46,France
3234,1364,2023-11-02,2023-11-04,2023-11-14,225.2524404769574,9.87,Shipped,PayPal,215.38,Poland
3235,1251,2024-01-30,2024-02-01,2024-02-06,394.12366956967395,45.54,Pending,Credit Card,348.58,Netherlands
3236,1179,2024-11-06,2024-11-09,2024-11-23,367.7857243048355,4.79,Shipped,Bank Transfer,363.0,Canada
3237,1182,2023-08-28,2023-08-29,2023-09-11,74.88687310546155,6.5,Shipped,Credit Card,68.39,USA
3238,1152,2023-05-19,2023-05-22,2023-06-01,72.98217569678748,1.97,Returned,Bank Transfer,71.01,USA
3239,1025,2024-01-20,2024-01-22,2024-02-01,840.1121914919848,45.82,Shipped,Debit Card,794.29,UK
3240,1455,2023-07-24,2023-07-26,2023-08-07,309.4172694741718,11.8,Processing,Debit Card,297.62,USA
3241,1180,2024-11-17,2024-11-20,2024-11-26,542.1748279268747,95.75,Delivered,Credit Card,446.42,Spain
3242,1198,2024-10-01,2024-10-04,2024-10-18,333.7892949093344,47.27,Processing,Bank Transfer,286.52,USA
3243,1344,2023-11-21,2023-11-23,2023-12-01,943.6452828595735,163.9,Cancelled,Credit Card,779.75,France
3244,1161,2023-10-15,2023-10-17,2023-10-28,296.3319209224851,22.73,Shipped,Bank Transfer,273.6,USA
3245,1177,2024-07-13,2024-07-15,2024-07-21,458.17397210198834,28.72,Shipped,Bank Transfer,429.45,Poland
3246,1285,2023-03-01,2023-03-02,2023-03-07,879.0937379603718,66.91,Pending,Debit Card,812.18,UK
3247,1063,2024-07-30,2024-08-02,2024-08-07,849.8368884522182,3.15,Shipped,Debit Card,846.69,Spain
3248,1491,2023-02-07,2023-02-08,2023-02-22,226.79634695396345,32.87,Delivered,Bank Transfer,193.93,Germany
3249,1150,2024-04-05,2024-04-08,2024-04-13,812.5111443059249,56.84,Delivered,Bank Transfer,755.67,Canada
3250,1154,2023-12-23,2023-12-26,2024-01-08,485.277542400998,30.41,Processing,Bank Transfer,454.87,Poland
3251,1156,2023-06-07,2023-06-08,2023-06-13,508.82042848108745,60.87,Processing,Debit Card,447.95,USA
3252,1370,2023-02-17,2023-02-18,2023-03-02,176.8059737951466,15.43,Delivered,Debit Card,161.38,Poland
3253,1469,2024-07-30,2024-07-31,2024-08-12,126.57143806926842,24.83,Cancelled,PayPal,101.74,Canada
3254,1049,2024-08-23,2024-08-24,2024-09-06,741.5423416250769,52.84,Pending,Bank Transfer,688.7,Spain
3255,1455,2023-09-14,2023-09-16,2023-09-30,521.6380947375347,64.05,Shipped,PayPal,457.59,USA
3256,1337,2024-10-04,2024-10-05,2024-10-12,465.0081674844206,28.98,Shipped,Bank Transfer,436.03,USA
3257,1084,2023-11-12,2023-11-15,2023-11-21,743.0328172197769,147.21,Cancelled,Debit Card,595.82,USA
3258,1361,2023-01-02,2023-01-03,2023-01-15,777.2372540415543,69.19,Pending,PayPal,708.05,Germany
3259,1177,2023-05-25,2023-05-27,2023-06-04,200.96275928588588,25.49,Processing,PayPal,175.47,Poland
3260,1148,2024-07-26,2024-07-27,2024-08-01,629.7138920037593,15.96,Delivered,Credit Card,613.75,Spain
3261,1118,2024-03-19,2024-03-21,2024-03-28,178.58637816380124,26.18,Pending,Bank Transfer,152.41,USA
3262,1342,2024-07-08,2024-07-09,2024-07-15,763.8063317275934,41.12,Shipped,Debit Card,722.69,Canada
3263,1476,2023-06-27,2023-06-28,2023-07-12,674.1073984537826,60.48,Shipped,Credit Card,613.63,Spain
3264,1063,2023-09-28,2023-09-29,2023-10-10,958.7838900292851,169.35,Shipped,Credit Card,789.43,Spain
3265,1189,2023-05-28,2023-05-30,2023-06-11,115.51011553860012,22.42,Shipped,Bank Transfer,93.09,Netherlands
3266,1360,2024-09-28,2024-09-30,2024-10-06,104.2019850936916,8.85,Shipped,Credit Card,95.35,Netherlands
3267,1049,2023-03-06,2023-03-07,2023-03-17,318.0777209585401,53.11,Processing,Bank Transfer,264.97,Spain
3268,1327,2023-07-23,2023-07-24,2023-08-06,298.62039954911063,3.19,Shipped,Credit Card,295.43,Spain
3269,1257,2024-04-20,2024-04-21,2024-04-28,284.62985911839985,48.25,Delivered,Bank Transfer,236.38,Germany
3270,1224,2024-06-22,2024-06-24,2024-07-08,910.9418514949848,114.69,Delivered,Debit Card,796.25,France
3271,1141,2023-03-02,2023-03-04,2023-03-17,287.0688898570308,28.06,Processing,Bank Transfer,259.01,Spain
3272,1478,2023-08-25,2023-08-28,2023-09-06,308.35223982219946,54.88,Processing,Bank Transfer,253.47,USA
3273,1215,2024-07-11,2024-07-12,2024-07-26,771.4283492970656,130.42,Processing,PayPal,641.01,Canada
3274,1435,2023-03-21,2023-03-24,2023-04-01,477.252850328013,28.34,Shipped,Debit Card,448.91,France
3275,1379,2024-04-17,2024-04-20,2024-04-28,787.8750291074222,124.72,Shipped,Debit Card,663.16,Netherlands
3276,1440,2023-10-19,2023-10-21,2023-10-31,112.09784968616597,2.23,Delivered,Debit Card,109.87,Germany
3277,1211,2024-09-22,2024-09-25,2024-09-30,513.1926339897151,84.45,Pending,Credit Card,428.74,Netherlands
3278,1318,2024-05-07,2024-05-10,2024-05-17,81.9329201741185,11.07,Pending,PayPal,70.86,Spain
3279,1032,2024-04-30,2024-05-02,2024-05-11,109.5205432825868,1.92,Shipped,Debit Card,107.6,Canada
3280,1158,2024-07-08,2024-07-11,2024-07-20,911.1155806771905,124.47,Delivered,Credit Card,786.65,France
3281,1285,2024-09-16,2024-09-19,2024-09-27,182.2831025617154,21.16,Processing,Credit Card,161.12,UK
3282,1305,2023-12-02,2023-12-03,2023-12-17,555.7996481614563,66.09,Delivered,Credit Card,489.71,Germany
3283,1429,2023-05-27,2023-05-29,2023-06-03,440.54082247067123,25.63,Processing,PayPal,414.91,Netherlands
3284,1477,2024-11-15,2024-11-17,2024-11-27,379.9761599459005,20.25,Cancelled,Credit Card,359.73,Canada
3285,1286,2024-01-10,2024-01-12,2024-01-24,904.8416784029089,137.99,Cancelled,PayPal,766.85,Netherlands
3286,1144,2024-10-29,2024-10-30,2024-11-07,70.73222693671502,3.63,Processing,Bank Transfer,67.1,UK
3287,1424,2024-03-02,2024-03-03,2024-03-09,680.6002018668096,60.75,Processing,Credit Card,619.85,Poland
3288,1019,2024-11-10,2024-11-12,2024-11-21,965.2247125028729,134.13,Shipped,Debit Card,831.09,Spain
3289,1018,2024-10-10,2024-10-11,2024-10-17,582.1597742887499,9.27,Processing,Credit Card,572.89,Poland
3290,1257,2024-09-09,2024-09-12,2024-09-26,939.9813389314372,111.77,Delivered,Bank Transfer,828.21,Germany
3291,1078,2023-07-24,2023-07-25,2023-07-30,99.64498532172257,11.75,Delivered,Bank Transfer,87.89,Spain
3292,1371,2024-04-16,2024-04-19,2024-04-27,447.8536531204533,61.29,Delivered,Credit Card,386.56,UK
3293,1175,2024-10-14,2024-10-17,2024-10-28,297.1499014139486,21.98,Delivered,Bank Transfer,275.17,UK
3294,1498,2024-07-19,2024-07-21,2024-07-27,744.2799167316933,66.83,Shipped,PayPal,677.45,UK
3295,1194,2024-07-26,2024-07-29,2024-08-04,982.2322359723844,64.82,Processing,PayPal,917.41,France
3296,1476,2023-06-27,2023-06-29,2023-07-04,293.7035593220354,47.47,Delivered,Credit Card,246.23,Spain
3297,1113,2024-04-06,2024-04-09,2024-04-14,671.4658714003707,17.54,Shipped,PayPal,653.93,Germany
3298,1114,2024-01-19,2024-01-22,2024-01-31,238.19275112175313,45.87,Delivered,PayPal,192.32,France
3299,1222,2024-09-10,2024-09-13,2024-09-18,587.0637418430294,74.54,Processing,Debit Card,512.52,Canada
3300,1166,2023-05-03,2023-05-05,2023-05-15,490.7358623539194,87.05,Pending,Credit Card,403.69,Germany
3301,1435,2024-09-10,2024-09-11,2024-09-24,973.4050631499603,82.98,Returned,Bank Transfer,890.43,France
3302,1319,2024-07-15,2024-07-16,2024-07-27,628.1009090616433,41.74,Processing,Credit Card,586.36,Germany
3303,1132,2024-07-19,2024-07-21,2024-07-30,382.03105348247783,68.82,Returned,PayPal,313.21,Netherlands
3304,1385,2023-08-23,2023-08-26,2023-09-03,158.3909956435367,3.13,Returned,Debit Card,155.26,Spain
3305,1264,2023-08-04,2023-08-07,2023-08-20,193.68448729818783,4.54,Delivered,Credit Card,189.14,UK
3306,1413,2024-10-18,2024-10-21,2024-11-04,264.0510834536733,15.81,Delivered,Credit Card,248.24,Netherlands
3307,1055,2023-11-07,2023-11-08,2023-11-13,288.4183282732831,55.36,Shipped,PayPal,233.06,Germany
3308,1359,2024-06-16,2024-06-19,2024-06-28,858.0852549490809,108.65,Cancelled,PayPal,749.44,Poland
3309,1131,2023-02-21,2023-02-23,2023-03-03,583.1616488683986,64.64,Processing,Credit Card,518.52,France
3310,1288,2023-03-08,2023-03-09,2023-03-14,547.2213658056481,77.2,Shipped,PayPal,470.02,UK
3311,1266,2023-10-27,2023-10-29,2023-11-10,159.0304282757566,13.28,Delivered,PayPal,145.75,USA
3312,1458,2023-03-09,2023-03-11,2023-03-20,867.1327086819632,131.47,Shipped,PayPal,735.66,Poland
3313,1467,2024-09-19,2024-09-22,2024-10-01,736.6735880480595,57.94,Shipped,PayPal,678.73,UK
3314,1366,2023-09-17,2023-09-20,2023-09-25,114.2849438050015,18.89,Shipped,PayPal,95.39,Germany
3315,1162,2024-09-11,2024-09-14,2024-09-28,722.4433423682802,38.62,Shipped,Debit Card,683.82,Germany
3316,1380,2024-11-17,2024-11-19,2024-12-01,566.3613064755137,31.44,Cancelled,PayPal,534.92,USA
3317,1481,2023-01-23,2023-01-25,2023-01-30,127.63907845943935,13.34,Processing,Bank Transfer,114.3,Netherlands
3318,1087,2023-10-18,2023-10-19,2023-11-02,485.38560945222366,41.82,Cancelled,Credit Card,443.57,UK
3319,1055,2024-04-23,2024-04-26,2024-05-01,510.46147277354464,66.17,Delivered,Debit Card,444.29,Germany
3320,1476,2024-10-04,2024-10-07,2024-10-16,207.48581315511197,15.12,Delivered,Debit Card,192.37,Spain
3321,1288,2024-04-11,2024-04-12,2024-04-25,948.4132396502682,43.73,Shipped,PayPal,904.68,UK
3322,1178,2024-02-21,2024-02-22,2024-03-07,857.4766029066288,80.57,Delivered,Credit Card,776.91,Netherlands
3323,1391,2024-01-23,2024-01-24,2024-01-30,685.571220462653,76.92,Pending,Bank Transfer,608.65,USA
3324,1349,2024-02-21,2024-02-23,2024-03-01,489.1807829505768,13.95,Delivered,PayPal,475.23,Germany
3325,1008,2024-04-15,2024-04-16,2024-04-29,441.17726450528306,49.12,Pending,Credit Card,392.06,France
3326,1321,2024-10-24,2024-10-25,2024-11-03,668.4247937934065,42.68,Cancelled,PayPal,625.74,Canada
3327,1313,2023-06-20,2023-06-23,2023-07-02,568.1602759365602,44.6,Returned,PayPal,523.56,Spain
3328,1247,2023-10-09,2023-10-10,2023-10-24,109.15945058779133,6.1,Processing,PayPal,103.06,France
3329,1323,2023-08-15,2023-08-17,2023-08-29,536.8775163318151,100.01,Processing,PayPal,436.87,Spain
3330,1472,2023-09-24,2023-09-25,2023-10-06,816.0834363711975,111.53,Delivered,PayPal,704.55,UK
3331,1471,2024-03-26,2024-03-27,2024-04-04,486.27788371711017,25.53,Processing,PayPal,460.75,Poland
3332,1443,2023-03-02,2023-03-04,2023-03-11,99.358748676555,12.82,Cancelled,PayPal,86.54,France
3333,1255,2024-11-16,2024-11-17,2024-11-27,796.9642894148315,135.26,Processing,Bank Transfer,661.7,Netherlands
3334,1328,2023-11-30,2023-12-01,2023-12-14,241.29559302917568,19.38,Processing,Debit Card,221.92,France
3335,1054,2023-05-22,2023-05-23,2023-06-02,295.68979314363685,49.08,Returned,Bank Transfer,246.61,UK
3336,1249,2024-05-11,2024-05-14,2024-05-21,206.4710357606811,6.38,Delivered,PayPal,200.09,Netherlands
3337,1239,2024-02-27,2024-02-28,2024-03-04,363.70431162792266,59.85,Delivered,PayPal,303.85,Germany
3338,1229,2023-11-21,2023-11-23,2023-12-06,768.9139304042033,83.09,Shipped,Bank Transfer,685.82,Germany
3339,1067,2023-04-22,2023-04-24,2023-04-29,543.4165665287405,24.23,Delivered,Bank Transfer,519.19,Spain
3340,1051,2024-12-17,2024-12-19,2024-12-31,244.63721044317694,19.92,Shipped,Debit Card,224.72,UK
3341,1097,2023-03-15,2023-03-16,2023-03-23,883.9385742444388,174.67,Delivered,Bank Transfer,709.27,France
3342,1092,2024-11-29,2024-12-01,2024-12-09,885.6027622039527,138.78,Delivered,Debit Card,746.82,USA
3343,1495,2024-03-08,2024-03-11,2024-03-22,877.0495037937065,100.88,Shipped,PayPal,776.17,Spain
3344,1264,2024-09-12,2024-09-13,2024-09-18,276.8564008124623,6.38,Shipped,Credit Card,270.48,UK
3345,1418,2023-09-05,2023-09-06,2023-09-18,478.6773769719387,40.0,Processing,Credit Card,438.68,USA
3346,1291,2023-03-08,2023-03-09,2023-03-20,985.7401733338313,51.86,Delivered,Credit Card,933.88,Spain
3347,1096,2024-12-03,2024-12-05,2024-12-16,783.4118524944909,11.12,Processing,Credit Card,772.29,UK
3348,1088,2023-10-13,2023-10-15,2023-10-27,75.80905016428183,8.22,Delivered,PayPal,67.59,UK
3349,1078,2023-11-05,2023-11-08,2023-11-13,111.94436169746746,19.91,Processing,Credit Card,92.03,Spain
3350,1288,2023-04-23,2023-04-24,2023-05-06,490.7348079717161,66.31,Delivered,Bank Transfer,424.42,UK
3351,1120,2024-04-07,2024-04-09,2024-04-18,913.7591955684821,45.63,Delivered,Bank Transfer,868.13,Canada
3352,1302,2023-05-01,2023-05-02,2023-05-12,561.7667080550785,64.44,Processing,Credit Card,497.33,Netherlands
3353,1491,2024-04-26,2024-04-28,2024-05-12,522.9218826325757,98.65,Pending,Bank Transfer,424.27,Germany
3354,1400,2023-02-08,2023-02-10,2023-02-24,150.20001495879904,21.72,Processing,Debit Card,128.48,USA
3355,1452,2023-06-10,2023-06-11,2023-06-23,673.9410994880793,92.93,Delivered,PayPal,581.01,Spain
3356,1500,2024-06-11,2024-06-12,2024-06-23,830.9980025702142,160.91,Delivered,Credit Card,670.09,France
3357,1165,2023-09-05,2023-09-08,2023-09-22,411.39900713218424,65.73,Pending,Credit Card,345.67,Spain
3358,1182,2023-03-28,2023-03-30,2023-04-07,786.8312583790611,21.5,Delivered,PayPal,765.33,USA
3359,1469,2023-02-11,2023-02-12,2023-02-26,966.252821205771,67.18,Shipped,Bank Transfer,899.07,Canada
3360,1398,2024-10-04,2024-10-07,2024-10-21,243.57813617130464,47.02,Shipped,PayPal,196.56,UK
3361,1223,2024-10-10,2024-10-12,2024-10-19,547.1631496350042,53.59,Cancelled,PayPal,493.57,Canada
3362,1311,2024-06-11,2024-06-13,2024-06-20,322.78106018034674,7.21,Shipped,Bank Transfer,315.57,France
3363,1432,2023-08-14,2023-08-15,2023-08-21,803.2116980821473,73.67,Shipped,PayPal,729.54,UK
3364,1466,2024-02-12,2024-02-13,2024-02-19,598.7136975870997,83.46,Pending,Bank Transfer,515.25,Netherlands
3365,1007,2024-12-11,2024-12-14,2024-12-23,652.8532966727886,130.25,Pending,Bank Transfer,522.6,Canada
3366,1330,2024-10-20,2024-10-21,2024-10-31,808.0184516350994,52.34,Processing,PayPal,755.68,Canada
3367,1263,2023-07-22,2023-07-23,2023-08-01,426.17194902933215,43.82,Pending,Debit Card,382.35,Canada
3368,1161,2023-06-16,2023-06-18,2023-06-27,919.335564986691,161.74,Delivered,Bank Transfer,757.6,USA
3369,1151,2024-06-04,2024-06-05,2024-06-18,556.377423883833,39.53,Shipped,PayPal,516.85,UK
3370,1085,2023-09-15,2023-09-18,2023-09-26,200.0570816935806,4.37,Shipped,Bank Transfer,195.69,Spain
3371,1147,2024-05-04,2024-05-05,2024-05-19,711.1041622603624,134.96,Processing,Debit Card,576.14,Netherlands
3372,1112,2023-11-22,2023-11-23,2023-12-06,803.5982829163416,78.5,Processing,Debit Card,725.1,UK
3373,1381,2024-04-30,2024-05-02,2024-05-10,350.92359321415034,35.29,Delivered,Credit Card,315.63,Spain
3374,1403,2024-01-22,2024-01-25,2024-02-01,864.3202941488153,107.38,Returned,Bank Transfer,756.94,Canada
3375,1036,2023-06-03,2023-06-04,2023-06-13,910.8360920274781,0.64,Pending,Bank Transfer,910.2,France
3376,1285,2024-05-07,2024-05-08,2024-05-13,313.0592630089185,58.3,Cancelled,PayPal,254.76,UK
3377,1188,2024-02-15,2024-02-16,2024-02-24,984.345399079461,71.16,Shipped,Bank Transfer,913.19,UK
3378,1082,2024-10-01,2024-10-03,2024-10-15,183.6759516463205,14.58,Shipped,Credit Card,169.1,Poland
3379,1002,2023-04-20,2023-04-23,2023-05-02,241.91488498236546,8.42,Shipped,Debit Card,233.49,Spain
3380,1385,2024-08-05,2024-08-06,2024-08-17,225.0135972761248,17.02,Pending,Debit Card,207.99,Spain
3381,1303,2024-01-16,2024-01-19,2024-01-31,899.2902245074769,144.6,Pending,Credit Card,754.69,Germany
3382,1197,2024-06-27,2024-06-28,2024-07-08,671.5779247087138,107.45,Delivered,Bank Transfer,564.13,Canada
3383,1404,2024-11-30,2024-12-02,2024-12-08,194.49906906115922,36.4,Shipped,Bank Transfer,158.1,UK
3384,1011,2023-01-19,2023-01-21,2023-01-26,468.30724744993154,37.77,Cancelled,Credit Card,430.54,Poland
3385,1234,2023-01-10,2023-01-12,2023-01-20,634.5331238163119,89.94,Shipped,PayPal,544.59,Spain
3386,1386,2024-04-19,2024-04-20,2024-04-28,129.29088073991414,13.12,Processing,Debit Card,116.17,Netherlands
3387,1195,2023-04-07,2023-04-10,2023-04-19,888.2955499869718,142.84,Delivered,Credit Card,745.46,Poland
3388,1471,2023-10-05,2023-10-06,2023-10-19,813.4233586694584,115.92,Processing,Credit Card,697.5,Poland
3389,1119,2024-04-01,2024-04-04,2024-04-09,529.9464348978063,38.99,Shipped,Bank Transfer,490.96,Netherlands
3390,1396,2023-01-08,2023-01-10,2023-01-15,968.770284496212,65.23,Delivered,Debit Card,903.54,Spain
3391,1020,2024-05-27,2024-05-29,2024-06-11,446.8729303113447,22.56,Cancelled,Bank Transfer,424.31,Poland
3392,1261,2024-05-31,2024-06-03,2024-06-09,984.904803084673,113.56,Delivered,Credit Card,871.34,Poland
3393,1293,2024-11-19,2024-11-21,2024-11-26,684.5239988634457,131.95,Delivered,PayPal,552.57,USA
3394,1422,2023-12-05,2023-12-07,2023-12-19,652.9377095912444,26.13,Delivered,Debit Card,626.81,Canada
3395,1256,2024-01-22,2024-01-24,2024-02-06,207.65715053099575,3.96,Cancelled,Credit Card,203.7,Netherlands
3396,1222,2024-05-20,2024-05-21,2024-06-01,887.8313703894117,21.2,Processing,Credit Card,866.63,Canada
3397,1393,2024-11-10,2024-11-13,2024-11-19,456.1152035245844,71.44,Pending,PayPal,384.68,France
3398,1226,2024-11-20,2024-11-21,2024-11-26,204.1217354933554,14.29,Processing,Credit Card,189.83,Germany
3399,1053,2024-09-14,2024-09-16,2024-09-29,61.97714397697109,2.78,Processing,Credit Card,59.2,Poland
3400,1428,2023-08-19,2023-08-22,2023-09-01,581.7678994564634,41.05,Delivered,Debit Card,540.72,USA
3401,1355,2024-02-29,2024-03-03,2024-03-12,551.0296410165424,71.12,Delivered,Debit Card,479.91,Poland
3402,1500,2024-01-03,2024-01-04,2024-01-14,733.3859412507006,80.2,Shipped,Debit Card,653.19,France
3403,1342,2024-10-23,2024-10-26,2024-11-03,895.7451503669121,133.21,Pending,Bank Transfer,762.54,Canada
3404,1364,2024-06-24,2024-06-25,2024-07-04,125.43625541087805,8.51,Delivered,PayPal,116.93,Poland
3405,1280,2024-07-29,2024-08-01,2024-08-14,744.9216658233443,67.35,Shipped,Debit Card,677.57,USA
3406,1081,2023-09-26,2023-09-27,2023-10-10,228.0413468927031,4.65,Delivered,Bank Transfer,223.39,Canada
3407,1202,2023-02-02,2023-02-03,2023-02-13,865.2682004993057,12.64,Shipped,Bank Transfer,852.63,Spain
3408,1158,2024-07-15,2024-07-16,2024-07-29,828.1103381685733,76.56,Shipped,PayPal,751.55,France
3409,1120,2024-12-22,2024-12-24,2025-01-04,563.7540672362671,34.01,Processing,PayPal,529.74,Canada
3410,1059,2024-09-03,2024-09-04,2024-09-09,724.730658692146,88.82,Pending,Credit Card,635.91,Spain
3411,1494,2023-02-25,2023-02-27,2023-03-06,348.63260752456097,3.0,Delivered,Bank Transfer,345.63,Netherlands
3412,1215,2023-07-16,2023-07-18,2023-07-25,497.6095039861739,12.12,Cancelled,Debit Card,485.49,Canada
3413,1128,2023-01-23,2023-01-26,2023-02-01,830.5550528249481,143.72,Delivered,PayPal,686.84,UK
3414,1224,2023-08-25,2023-08-26,2023-09-06,486.3019373145532,55.08,Processing,Bank Transfer,431.22,France
3415,1209,2024-07-19,2024-07-21,2024-08-03,389.9083520591697,55.53,Shipped,Debit Card,334.38,Spain
3416,1370,2024-07-06,2024-07-08,2024-07-19,519.5018248877849,87.48,Delivered,Bank Transfer,432.02,Poland
3417,1115,2024-10-01,2024-10-02,2024-10-12,836.8367898153574,77.63,Delivered,PayPal,759.21,Germany
3418,1209,2024-12-21,2024-12-24,2025-01-03,368.44764500232907,56.08,Processing,Credit Card,312.37,Spain
3419,1014,2024-09-03,2024-09-04,2024-09-17,215.0735134789566,22.56,Pending,Bank Transfer,192.51,Poland
3420,1009,2023-09-15,2023-09-17,2023-09-26,726.4133193142417,32.36,Delivered,Debit Card,694.05,Canada
3421,1040,2023-05-03,2023-05-05,2023-05-17,834.6793020726777,56.37,Shipped,PayPal,778.31,Poland
3422,1450,2023-02-28,2023-03-01,2023-03-06,145.60560459735666,14.28,Processing,Credit Card,131.33,Germany
3423,1237,2023-09-17,2023-09-18,2023-10-01,277.88040711814745,17.61,Pending,Debit Card,260.27,Spain
3424,1281,2023-09-11,2023-09-14,2023-09-25,184.8733902729442,12.41,Shipped,Debit Card,172.46,UK
3425,1359,2024-12-28,2024-12-31,2025-01-09,380.5443410030583,25.68,Cancelled,Debit Card,354.86,Poland
3426,1201,2023-03-10,2023-03-11,2023-03-24,477.83342996014204,11.74,Returned,Bank Transfer,466.09,Germany
3427,1246,2023-09-19,2023-09-20,2023-09-27,761.3850201151412,12.89,Shipped,PayPal,748.5,Poland
3428,1278,2023-07-27,2023-07-28,2023-08-03,668.5902056375904,6.22,Shipped,Debit Card,662.37,Poland
3429,1235,2023-09-23,2023-09-24,2023-10-06,639.8821391045096,14.2,Pending,Bank Transfer,625.68,USA
3430,1494,2024-03-02,2024-03-04,2024-03-16,384.7561992791717,26.45,Shipped,PayPal,358.31,Netherlands
3431,1004,2024-02-24,2024-02-26,2024-03-11,849.375175430522,100.88,Shipped,PayPal,748.5,France
3432,1154,2024-02-19,2024-02-20,2024-02-29,497.72280902825634,18.73,Delivered,Bank Transfer,478.99,Poland
3433,1442,2023-03-18,2023-03-19,2023-03-30,980.1496911143968,174.08,Shipped,Bank Transfer,806.07,UK
3434,1029,2024-05-02,2024-05-05,2024-05-12,652.43503138095,105.48,Processing,Debit Card,546.96,France
3435,1109,2024-03-30,2024-04-02,2024-04-14,169.9515044862776,17.69,Pending,PayPal,152.26,France
3436,1098,2023-07-14,2023-07-15,2023-07-26,692.3686839716623,100.28,Shipped,Credit Card,592.09,UK
3437,1215,2023-11-27,2023-11-30,2023-12-05,358.84881466011404,26.29,Pending,Bank Transfer,332.56,Canada
3438,1293,2024-04-30,2024-05-01,2024-05-15,702.0108368517925,5.16,Processing,PayPal,696.85,USA
3439,1075,2023-05-27,2023-05-30,2023-06-07,116.15909075428546,21.01,Returned,PayPal,95.15,Canada
3440,1326,2023-05-23,2023-05-24,2023-06-06,216.13736531716143,5.52,Shipped,Debit Card,210.62,Canada
3441,1146,2024-09-18,2024-09-19,2024-10-03,862.950395960497,163.6,Shipped,Credit Card,699.35,Spain
3442,1128,2024-12-20,2024-12-21,2024-12-29,265.82057917233914,30.4,Cancelled,Debit Card,235.42,UK
3443,1341,2023-03-18,2023-03-19,2023-03-28,845.1890689807931,51.65,Returned,Credit Card,793.54,USA
3444,1042,2024-04-29,2024-05-01,2024-05-12,315.3122840316899,31.25,Shipped,Credit Card,284.06,Poland
3445,1356,2023-04-14,2023-04-17,2023-04-25,660.7378145557723,66.29,Delivered,Bank Transfer,594.45,Germany
3446,1041,2023-12-05,2023-12-08,2023-12-18,709.4430448343395,3.3,Shipped,PayPal,706.14,Canada
3447,1422,2024-04-22,2024-04-25,2024-05-08,537.0220154878002,38.18,Shipped,PayPal,498.84,Canada
3448,1034,2023-02-22,2023-02-23,2023-03-06,340.0451428618947,50.32,Shipped,PayPal,289.73,UK
3449,1017,2023-11-12,2023-11-14,2023-11-24,252.0121575525413,25.71,Delivered,Credit Card,226.3,France
3450,1165,2024-09-15,2024-09-18,2024-09-27,81.5298868343049,3.98,Delivered,PayPal,77.55,Spain
3451,1153,2023-10-06,2023-10-09,2023-10-19,338.7490811786876,22.7,Shipped,Bank Transfer,316.05,Netherlands
3452,1486,2023-08-06,2023-08-08,2023-08-15,670.5046510047189,115.74,Processing,Credit Card,554.76,UK
3453,1378,2023-11-02,2023-11-05,2023-11-10,941.3895775260586,98.95,Delivered,Credit Card,842.44,UK
3454,1076,2023-10-23,2023-10-25,2023-10-31,877.6442581498994,92.74,Processing,Credit Card,784.9,UK
3455,1087,2024-07-05,2024-07-07,2024-07-18,777.7615377085375,149.56,Shipped,Credit Card,628.2,UK
3456,1117,2024-08-09,2024-08-10,2024-08-21,799.0249760906338,51.28,Delivered,Bank Transfer,747.74,Germany
3457,1362,2024-03-10,2024-03-13,2024-03-25,681.7356583021955,65.38,Delivered,PayPal,616.36,France
3458,1342,2023-03-27,2023-03-30,2023-04-11,297.2725146877028,48.26,Delivered,Bank Transfer,249.01,Canada
3459,1469,2023-05-17,2023-05-19,2023-05-25,911.8352791705383,138.4,Cancelled,PayPal,773.44,Canada
3460,1027,2023-12-02,2023-12-05,2023-12-15,687.1956963105423,36.53,Shipped,Bank Transfer,650.67,Netherlands
3461,1313,2024-04-13,2024-04-15,2024-04-22,582.418599431418,17.6,Delivered,Debit Card,564.82,Spain
3462,1287,2024-06-23,2024-06-25,2024-07-07,155.43999575280702,21.78,Delivered,Debit Card,133.66,UK
3463,1134,2024-09-15,2024-09-16,2024-09-28,474.70276661610416,24.46,Processing,Debit Card,450.24,France
3464,1219,2023-08-11,2023-08-14,2023-08-20,487.34035764183,89.93,Pending,Debit Card,397.41,Spain
3465,1168,2024-03-25,2024-03-26,2024-04-03,871.3354290465364,22.52,Processing,Credit Card,848.82,Canada
3466,1098,2024-05-06,2024-05-07,2024-05-13,569.315809178399,36.24,Shipped,Credit Card,533.08,UK
3467,1268,2024-02-24,2024-02-25,2024-03-09,411.38052152188914,4.51,Delivered,Bank Transfer,406.87,Netherlands
3468,1237,2023-06-13,2023-06-14,2023-06-24,977.9603120851264,137.56,Delivered,Bank Transfer,840.4,Spain
3469,1309,2024-02-21,2024-02-23,2024-03-04,155.1845636599999,27.66,Processing,Debit Card,127.52,Canada
3470,1455,2023-12-11,2023-12-12,2023-12-18,451.42100689634736,57.41,Processing,PayPal,394.01,USA
3471,1394,2023-03-11,2023-03-13,2023-03-21,89.92344141283502,16.87,Returned,Debit Card,73.05,UK
3472,1173,2024-08-14,2024-08-17,2024-08-29,752.9089147285838,19.35,Processing,Bank Transfer,733.56,Poland
3473,1401,2023-09-26,2023-09-29,2023-10-12,922.1727245891931,16.18,Shipped,Debit Card,905.99,USA
3474,1410,2024-12-11,2024-12-12,2024-12-18,316.03546307296494,52.99,Shipped,Bank Transfer,263.05,Poland
3475,1469,2023-10-15,2023-10-17,2023-10-28,865.4245929591648,148.08,Shipped,Debit Card,717.34,Canada
3476,1476,2024-05-13,2024-05-14,2024-05-25,327.6073189388029,54.45,Pending,PayPal,273.16,Spain
3477,1190,2024-03-13,2024-03-14,2024-03-24,915.2316535617194,146.25,Pending,Debit Card,768.98,USA
3478,1122,2024-07-13,2024-07-14,2024-07-28,766.2638084169447,55.51,Processing,PayPal,710.75,Spain
3479,1046,2024-11-05,2024-11-08,2024-11-22,814.6614379993667,35.43,Shipped,PayPal,779.23,Canada
3480,1064,2024-04-11,2024-04-12,2024-04-23,67.10622782043177,12.47,Shipped,Bank Transfer,54.64,France
3481,1130,2024-11-05,2024-11-06,2024-11-20,964.6698392203247,59.23,Processing,PayPal,905.44,Spain
3482,1310,2024-07-31,2024-08-02,2024-08-14,740.3374424668071,58.99,Delivered,Credit Card,681.35,Germany
3483,1363,2023-08-16,2023-08-17,2023-08-29,339.5135406168267,47.5,Delivered,Credit Card,292.01,Germany
3484,1193,2024-06-02,2024-06-04,2024-06-15,837.9249316159046,49.16,Pending,Credit Card,788.76,USA
3485,1307,2023-07-30,2023-08-01,2023-08-11,317.4451384941835,52.01,Shipped,Bank Transfer,265.44,Netherlands
3486,1181,2024-02-01,2024-02-02,2024-02-11,879.1161475878215,12.31,Delivered,Credit Card,866.81,Netherlands
3487,1292,2024-01-16,2024-01-17,2024-01-25,156.95137089134016,24.84,Processing,Bank Transfer,132.11,USA
3488,1371,2023-08-22,2023-08-25,2023-09-02,718.5016785877559,86.49,Shipped,Bank Transfer,632.01,UK
3489,1282,2023-03-11,2023-03-13,2023-03-24,563.6635528126648,64.6,Delivered,Credit Card,499.06,France
3490,1029,2023-12-30,2024-01-02,2024-01-07,141.70774668566878,12.99,Cancelled,PayPal,128.72,France
3491,1149,2023-05-24,2023-05-27,2023-06-08,279.799136845897,15.5,Delivered,Debit Card,264.3,Canada
3492,1267,2024-02-29,2024-03-02,2024-03-11,61.783834463449054,5.73,Shipped,Bank Transfer,56.05,Germany
3493,1296,2024-11-01,2024-11-03,2024-11-09,495.32956719128055,44.58,Delivered,Credit Card,450.75,Spain
3494,1011,2023-02-13,2023-02-16,2023-02-23,336.2019977220003,39.25,Shipped,Bank Transfer,296.95,Poland
3495,1164,2024-01-12,2024-01-15,2024-01-20,618.4396100828709,34.83,Delivered,PayPal,583.61,Canada
3496,1113,2024-02-06,2024-02-07,2024-02-20,332.37591732318634,5.16,Shipped,PayPal,327.22,Germany
3497,1187,2024-07-21,2024-07-24,2024-08-02,334.92315593163545,9.72,Processing,Credit Card,325.2,Poland
3498,1295,2023-02-28,2023-03-02,2023-03-07,756.0335387950232,105.72,Delivered,Bank Transfer,650.31,USA
3499,1232,2024-03-20,2024-03-23,2024-03-29,95.73569417943577,0.43,Shipped,Debit Card,95.31,Netherlands
3500,1227,2024-11-09,2024-11-12,2024-11-26,907.7502454323878,155.49,Shipped,Debit Card,752.26,Netherlands
3501,1310,2024-07-19,2024-07-20,2024-07-27,859.6506806716224,119.39,Cancelled,Bank Transfer,740.26,Germany
3502,1098,2023-03-17,2023-03-20,2023-04-02,684.4144490650862,105.14,Pending,Bank Transfer,579.27,UK
3503,1055,2023-01-25,2023-01-27,2023-02-04,613.5604916020151,102.59,Shipped,Bank Transfer,510.97,Germany
3504,1111,2024-05-16,2024-05-18,2024-05-27,897.6873732326696,22.03,Pending,Credit Card,875.66,Spain
3505,1152,2024-12-03,2024-12-06,2024-12-11,226.06367055227872,37.19,Delivered,PayPal,188.87,USA
3506,1246,2023-03-27,2023-03-29,2023-04-03,125.02070408128718,12.62,Delivered,Debit Card,112.4,Poland
3507,1406,2024-01-17,2024-01-19,2024-02-01,277.5346614140612,49.15,Shipped,Credit Card,228.38,France
3508,1069,2023-11-14,2023-11-17,2023-12-01,804.8493647651808,142.71,Delivered,Bank Transfer,662.14,Germany
3509,1312,2024-06-08,2024-06-11,2024-06-17,82.93675339015915,0.4,Shipped,Bank Transfer,82.54,Canada
3510,1289,2024-09-14,2024-09-15,2024-09-22,603.6664933293151,46.22,Delivered,PayPal,557.45,Canada
3511,1250,2023-05-24,2023-05-26,2023-06-06,995.6656403817444,104.82,Shipped,Bank Transfer,890.85,France
3512,1036,2024-11-06,2024-11-07,2024-11-21,862.9112891456624,117.07,Shipped,Credit Card,745.84,France
3513,1239,2023-08-21,2023-08-24,2023-09-05,545.37340459141,31.22,Cancelled,Credit Card,514.15,Germany
3514,1148,2024-04-11,2024-04-14,2024-04-23,110.45886382231024,5.57,Processing,PayPal,104.89,Spain
3515,1467,2024-12-06,2024-12-08,2024-12-19,839.8048386664243,64.04,Processing,Credit Card,775.76,UK
3516,1227,2023-08-20,2023-08-21,2023-09-01,619.02958276835,62.02,Shipped,Debit Card,557.01,Netherlands
3517,1244,2024-08-14,2024-08-16,2024-08-28,159.1863472065885,30.28,Returned,Credit Card,128.91,Netherlands
3518,1491,2024-03-03,2024-03-04,2024-03-14,139.1644205821884,21.21,Shipped,Credit Card,117.95,Germany
3519,1337,2023-12-30,2024-01-01,2024-01-07,914.1454784647627,78.49,Pending,Credit Card,835.66,USA
3520,1446,2023-05-26,2023-05-29,2023-06-11,685.7402497911745,7.46,Shipped,Debit Card,678.28,Poland
3521,1365,2023-05-15,2023-05-17,2023-05-29,837.8224593509177,28.24,Shipped,Bank Transfer,809.58,Spain
3522,1491,2023-03-05,2023-03-08,2023-03-19,885.0299552681539,80.7,Processing,Credit Card,804.33,Germany
3523,1482,2023-02-10,2023-02-13,2023-02-18,593.1837344459061,96.55,Delivered,PayPal,496.63,Netherlands
3524,1201,2024-12-06,2024-12-09,2024-12-15,541.5740341672893,41.23,Returned,Debit Card,500.34,Germany
3525,1154,2024-01-03,2024-01-05,2024-01-13,458.9060398049407,49.42,Shipped,PayPal,409.49,Poland
3526,1450,2023-09-01,2023-09-03,2023-09-13,351.0992584015633,62.62,Shipped,Credit Card,288.48,Germany
3527,1073,2023-01-26,2023-01-29,2023-02-12,462.8661628157762,84.59,Shipped,PayPal,378.28,Spain
3528,1201,2023-01-17,2023-01-20,2023-01-30,785.1856729436486,33.88,Processing,Credit Card,751.31,Germany
3529,1296,2024-02-04,2024-02-07,2024-02-13,621.827259464375,5.42,Cancelled,Debit Card,616.41,Spain
3530,1017,2023-04-11,2023-04-13,2023-04-18,897.8971254571038,54.85,Shipped,PayPal,843.05,France
3531,1129,2023-06-12,2023-06-13,2023-06-23,471.21101366022833,65.57,Shipped,PayPal,405.64,France
3532,1217,2024-06-30,2024-07-03,2024-07-13,626.7350997828163,119.22,Delivered,Credit Card,507.52,Germany
3533,1061,2024-06-16,2024-06-19,2024-07-03,649.7421754373893,10.01,Shipped,Credit Card,639.73,UK
3534,1427,2024-08-31,2024-09-03,2024-09-10,612.1123041910092,3.49,Delivered,Bank Transfer,608.62,Poland
3535,1104,2023-02-24,2023-02-27,2023-03-04,717.5020844312405,126.88,Pending,Credit Card,590.62,Spain
3536,1042,2023-08-31,2023-09-01,2023-09-13,275.56179495606597,41.23,Delivered,Credit Card,234.33,Poland
3537,1025,2024-02-13,2024-02-16,2024-02-27,536.7455886685011,106.52,Cancelled,Bank Transfer,430.23,UK
3538,1039,2024-08-26,2024-08-29,2024-09-10,149.01356266793027,11.83,Delivered,Credit Card,137.18,Spain
3539,1291,2023-02-07,2023-02-10,2023-02-17,415.2857612625719,34.56,Returned,Credit Card,380.73,Spain
3540,1131,2024-06-10,2024-06-11,2024-06-22,513.2837151902012,17.69,Processing,Bank Transfer,495.59,France
3541,1498,2023-01-01,2023-01-02,2023-01-15,669.6130465681988,15.51,Shipped,Debit Card,654.1,UK
3542,1229,2024-02-17,2024-02-19,2024-03-01,953.0044999568934,110.3,Delivered,Debit Card,842.7,Germany
3543,1108,2024-03-04,2024-03-07,2024-03-15,620.6185132209381,45.22,Shipped,Credit Card,575.4,UK
3544,1172,2024-04-25,2024-04-28,2024-05-08,756.4142203677318,12.15,Shipped,Credit Card,744.26,Netherlands
3545,1435,2023-02-20,2023-02-21,2023-03-01,530.9527565204426,94.19,Shipped,Bank Transfer,436.76,France
3546,1478,2023-03-08,2023-03-09,2023-03-15,652.3988298075147,25.88,Processing,Bank Transfer,626.52,USA
3547,1102,2024-10-28,2024-10-29,2024-11-10,117.38560532708476,17.57,Shipped,Debit Card,99.82,Canada
3548,1354,2024-04-25,2024-04-27,2024-05-05,291.67200179975464,16.46,Processing,PayPal,275.21,USA
3549,1012,2024-12-09,2024-12-12,2024-12-24,393.76043854488177,64.02,Delivered,Credit Card,329.74,USA
3550,1275,2024-08-13,2024-08-15,2024-08-20,498.8686872561879,11.81,Processing,PayPal,487.06,UK
3551,1101,2024-03-14,2024-03-17,2024-03-27,93.36630822726454,14.12,Pending,PayPal,79.25,Netherlands
3552,1044,2024-12-19,2024-12-22,2025-01-05,183.0228926756518,3.59,Shipped,Bank Transfer,179.43,Poland
3553,1443,2024-11-24,2024-11-25,2024-12-08,312.9735924017405,27.97,Shipped,Credit Card,285.0,France
3554,1305,2024-03-08,2024-03-09,2024-03-14,972.9560563559982,142.83,Cancelled,Credit Card,830.13,Germany
3555,1445,2024-03-15,2024-03-16,2024-03-30,364.77965674789823,12.64,Shipped,Bank Transfer,352.14,France
3556,1017,2023-11-07,2023-11-10,2023-11-16,507.9390052064784,29.02,Shipped,PayPal,478.92,France
3557,1330,2024-11-06,2024-11-09,2024-11-20,236.29282710147328,40.87,Delivered,Bank Transfer,195.42,Canada
3558,1057,2024-10-27,2024-10-30,2024-11-11,630.2410675219799,111.57,Shipped,Debit Card,518.67,France
3559,1311,2024-07-03,2024-07-06,2024-07-16,316.6490547401756,2.85,Pending,Credit Card,313.8,France
3560,1497,2023-09-12,2023-09-14,2023-09-25,246.64294951650544,8.29,Shipped,Debit Card,238.35,Netherlands
3561,1303,2024-04-22,2024-04-25,2024-05-09,540.7439970236801,12.7,Cancelled,Bank Transfer,528.04,Germany
3562,1012,2023-07-09,2023-07-12,2023-07-20,55.23050920239978,1.98,Shipped,Credit Card,53.25,USA
3563,1318,2024-06-19,2024-06-22,2024-06-30,57.28083101676406,11.11,Processing,Debit Card,46.17,Spain
3564,1080,2024-10-01,2024-10-02,2024-10-11,258.11536864676486,28.48,Processing,Debit Card,229.64,Canada
3565,1216,2023-02-24,2023-02-25,2023-03-11,84.88529437578009,7.95,Processing,PayPal,76.94,UK
3566,1339,2023-07-30,2023-08-01,2023-08-10,152.62446642415682,30.05,Shipped,Credit Card,122.57,Spain
3567,1264,2023-04-25,2023-04-26,2023-05-03,371.917616871814,41.43,Shipped,Debit Card,330.49,UK
3568,1479,2023-05-02,2023-05-05,2023-05-16,812.4563956008222,107.43,Pending,Debit Card,705.03,USA
3569,1149,2024-01-16,2024-01-17,2024-01-30,593.4462112008358,39.5,Cancelled,PayPal,553.95,Canada
3570,1081,2024-05-15,2024-05-16,2024-05-30,537.0343396585956,41.04,Delivered,Debit Card,495.99,Canada
3571,1215,2024-08-11,2024-08-14,2024-08-24,328.8143820477156,39.09,Shipped,Debit Card,289.72,Canada
3572,1485,2023-05-07,2023-05-08,2023-05-15,935.1660334611755,13.05,Delivered,Debit Card,922.12,Canada
3573,1374,2023-04-01,2023-04-04,2023-04-16,427.1642891753321,21.86,Pending,PayPal,405.3,Germany
3574,1464,2024-06-27,2024-06-29,2024-07-06,132.73812845598292,5.22,Shipped,Debit Card,127.52,USA
3575,1198,2023-03-02,2023-03-04,2023-03-16,636.2131903119113,2.02,Delivered,Debit Card,634.19,USA
3576,1200,2023-04-05,2023-04-06,2023-04-16,158.14647380277134,16.98,Delivered,Credit Card,141.17,Spain
3577,1025,2024-10-22,2024-10-25,2024-10-31,377.96198566160746,42.41,Delivered,Credit Card,335.55,UK
3578,1466,2024-11-20,2024-11-21,2024-11-27,532.0413417819184,40.85,Processing,PayPal,491.19,Netherlands
3579,1089,2024-04-26,2024-04-29,2024-05-06,880.511398450917,47.32,Cancelled,Bank Transfer,833.19,Netherlands
3580,1268,2023-07-15,2023-07-18,2023-07-31,518.8692513231127,67.67,Processing,Credit Card,451.2,Netherlands
3581,1143,2024-05-12,2024-05-13,2024-05-19,717.145827730081,19.31,Cancelled,PayPal,697.84,Canada
3582,1059,2024-10-12,2024-10-13,2024-10-18,993.1759970491169,103.02,Returned,Debit Card,890.16,Spain
3583,1410,2023-06-03,2023-06-04,2023-06-15,174.91466390308256,26.87,Processing,Debit Card,148.04,Poland
3584,1489,2024-03-15,2024-03-16,2024-03-22,310.99494924354354,10.22,Delivered,PayPal,300.77,Germany
3585,1365,2023-03-29,2023-04-01,2023-04-07,424.84727181776407,64.0,Pending,Debit Card,360.85,Spain
3586,1026,2024-05-19,2024-05-21,2024-05-29,450.7367696118898,68.58,Shipped,Debit Card,382.16,France
3587,1047,2023-08-29,2023-08-30,2023-09-07,440.4700215022685,5.28,Shipped,Bank Transfer,435.19,Spain
3588,1288,2024-11-05,2024-11-07,2024-11-18,912.2304524287272,3.43,Shipped,Debit Card,908.8,UK
3589,1266,2023-07-19,2023-07-21,2023-07-31,728.3310122435137,141.87,Cancelled,Credit Card,586.46,USA
3590,1016,2024-06-26,2024-06-28,2024-07-12,627.5099533861686,24.27,Delivered,Debit Card,603.24,Canada
3591,1199,2024-05-06,2024-05-07,2024-05-21,343.90408196964296,56.55,Shipped,PayPal,287.35,France
3592,1401,2024-12-14,2024-12-17,2024-12-24,832.60086501023,93.56,Delivered,Bank Transfer,739.04,USA
3593,1407,2024-02-20,2024-02-22,2024-03-06,957.3074859107395,50.64,Returned,Debit Card,906.67,Germany
3594,1282,2023-11-04,2023-11-07,2023-11-13,830.1383684227152,21.58,Pending,PayPal,808.56,France
3595,1469,2023-03-02,2023-03-03,2023-03-15,51.48684993189926,5.11,Returned,Credit Card,46.38,Canada
3596,1086,2023-03-12,2023-03-14,2023-03-20,654.5813016742367,53.33,Pending,Debit Card,601.25,Canada
3597,1250,2023-08-31,2023-09-02,2023-09-15,98.57861236999568,13.78,Delivered,Bank Transfer,84.8,France
3598,1391,2023-08-09,2023-08-10,2023-08-19,294.72685931703575,53.3,Processing,Debit Card,241.43,USA
3599,1270,2024-05-08,2024-05-11,2024-05-17,106.5484653303831,17.16,Processing,PayPal,89.39,UK
3600,1335,2024-06-05,2024-06-08,2024-06-19,623.6056803019184,34.23,Shipped,Bank Transfer,589.38,Spain
3601,1117,2024-10-18,2024-10-19,2024-11-02,702.2604178179764,123.45,Delivered,Debit Card,578.81,Germany
3602,1007,2023-04-24,2023-04-26,2023-05-03,158.76325616260988,26.46,Shipped,Credit Card,132.3,Canada
3603,1137,2024-05-22,2024-05-23,2024-06-01,414.64693889273053,77.05,Pending,Bank Transfer,337.6,Germany
3604,1371,2024-08-29,2024-09-01,2024-09-06,483.42468350776494,44.35,Shipped,Credit Card,439.07,UK
3605,1176,2024-03-31,2024-04-03,2024-04-13,400.6003706728708,61.58,Cancelled,PayPal,339.02,Germany
3606,1328,2024-08-17,2024-08-18,2024-08-31,164.9737504609334,19.52,Shipped,Debit Card,145.45,France
3607,1498,2023-02-01,2023-02-04,2023-02-09,448.00040067810164,27.82,Processing,Credit Card,420.18,UK
3608,1315,2024-03-10,2024-03-12,2024-03-24,763.6191454179972,151.87,Shipped,PayPal,611.75,Spain
3609,1215,2023-07-15,2023-07-16,2023-07-29,117.45728130659269,0.9,Pending,Debit Card,116.56,Canada
3610,1477,2023-03-27,2023-03-30,2023-04-10,126.17101337780828,4.09,Delivered,PayPal,122.08,Canada
3611,1082,2023-11-20,2023-11-22,2023-12-01,387.032727244185,69.09,Delivered,Credit Card,317.94,Poland
3612,1223,2023-04-15,2023-04-17,2023-04-28,944.6394260379788,11.44,Shipped,PayPal,933.2,Canada
3613,1478,2023-02-18,2023-02-19,2023-02-27,685.1440143867684,121.52,Shipped,Bank Transfer,563.62,USA
3614,1372,2023-12-20,2023-12-23,2023-12-29,694.7364588389365,99.38,Delivered,Debit Card,595.36,Canada
3615,1423,2024-07-31,2024-08-01,2024-08-12,393.8239912959717,2.89,Shipped,PayPal,390.93,France
3616,1483,2024-07-06,2024-07-08,2024-07-22,613.9777516481115,52.72,Delivered,Credit Card,561.26,UK
3617,1402,2023-02-11,2023-02-12,2023-02-25,59.62462482635621,9.0,Delivered,Debit Card,50.62,Spain
3618,1443,2024-12-27,2024-12-30,2025-01-04,654.2912440890651,76.3,Delivered,Bank Transfer,577.99,France
3619,1490,2023-09-22,2023-09-24,2023-10-02,917.622600197425,171.76,Shipped,Debit Card,745.86,UK
3620,1103,2024-04-08,2024-04-11,2024-04-16,631.9447949275782,109.66,Shipped,Bank Transfer,522.28,Canada
3621,1273,2023-04-05,2023-04-07,2023-04-21,880.0136637930278,58.55,Returned,Debit Card,821.46,Poland
3622,1014,2023-12-02,2023-12-04,2023-12-14,737.7744026927891,12.49,Shipped,PayPal,725.28,Poland
3623,1159,2023-03-18,2023-03-20,2023-03-30,164.53049558350574,31.07,Delivered,PayPal,133.46,USA
3624,1152,2024-02-14,2024-02-17,2024-02-29,907.3306419215496,93.87,Processing,Credit Card,813.46,USA
3625,1483,2023-03-15,2023-03-16,2023-03-21,113.12165213798613,1.68,Delivered,Bank Transfer,111.44,UK
3626,1108,2023-11-28,2023-11-30,2023-12-13,557.2690989203757,91.01,Shipped,Credit Card,466.26,UK
3627,1188,2024-08-06,2024-08-09,2024-08-17,185.03026760378478,32.14,Processing,PayPal,152.89,UK
3628,1301,2024-10-29,2024-11-01,2024-11-15,61.12128019435886,7.82,Pending,Bank Transfer,53.3,France
3629,1098,2023-04-25,2023-04-26,2023-05-10,450.9325471212571,40.36,Delivered,Credit Card,410.57,UK
3630,1131,2023-08-16,2023-08-18,2023-09-01,330.28867227144843,43.74,Delivered,Credit Card,286.55,France
3631,1293,2023-09-02,2023-09-04,2023-09-18,511.7004691077229,72.32,Shipped,Credit Card,439.38,USA
3632,1171,2024-06-11,2024-06-13,2024-06-27,598.3398923978233,106.87,Processing,Credit Card,491.47,Poland
3633,1424,2024-04-09,2024-04-11,2024-04-21,91.55211869349999,17.5,Delivered,Credit Card,74.05,Poland
3634,1474,2023-01-19,2023-01-21,2023-02-01,166.85313036755835,17.16,Pending,Bank Transfer,149.69,France
3635,1183,2024-08-07,2024-08-10,2024-08-20,580.7102766279041,92.74,Shipped,Credit Card,487.97,Canada
3636,1471,2024-02-13,2024-02-15,2024-02-26,376.0089855140253,72.53,Processing,Bank Transfer,303.48,Poland
3637,1364,2024-01-08,2024-01-09,2024-01-20,742.7148131719756,22.47,Processing,Credit Card,720.24,Poland
3638,1039,2023-04-15,2023-04-16,2023-04-30,669.6770661623427,2.45,Processing,PayPal,667.23,Spain
3639,1015,2023-03-02,2023-03-05,2023-03-11,853.3241448404115,148.3,Shipped,PayPal,705.02,Germany
3640,1376,2024-01-28,2024-01-30,2024-02-09,707.868185335764,27.65,Pending,Credit Card,680.22,Netherlands
3641,1497,2024-05-31,2024-06-02,2024-06-11,458.4345235206407,3.89,Shipped,Debit Card,454.54,Netherlands
3642,1004,2023-06-29,2023-07-01,2023-07-10,689.3182912747108,22.07,Shipped,PayPal,667.25,France
3643,1349,2024-03-18,2024-03-19,2024-04-01,311.6121155426476,23.94,Shipped,Bank Transfer,287.67,Germany
3644,1470,2023-04-03,2023-04-05,2023-04-19,340.99782383930204,14.95,Shipped,Credit Card,326.05,Canada
3645,1409,2023-07-27,2023-07-29,2023-08-12,799.5359019247536,48.81,Delivered,Bank Transfer,750.73,Canada
3646,1397,2024-07-26,2024-07-29,2024-08-12,474.0985405815031,92.48,Processing,Debit Card,381.62,Netherlands
3647,1210,2024-10-07,2024-10-09,2024-10-14,808.4613234924349,113.9,Shipped,Credit Card,694.56,USA
3648,1161,2024-01-13,2024-01-15,2024-01-27,831.3012549848645,118.41,Pending,PayPal,712.89,USA
3649,1016,2023-07-06,2023-07-09,2023-07-22,864.6842207782196,16.37,Pending,Bank Transfer,848.31,Canada
3650,1493,2023-07-06,2023-07-09,2023-07-15,920.803474049147,134.82,Shipped,PayPal,785.98,Poland
3651,1426,2023-05-12,2023-05-15,2023-05-27,459.4359594876314,67.94,Shipped,PayPal,391.5,Poland
3652,1108,2024-11-21,2024-11-24,2024-12-08,352.9234774050819,46.57,Cancelled,Credit Card,306.35,UK
3653,1382,2023-02-03,2023-02-05,2023-02-14,603.0888092644082,27.55,Shipped,Bank Transfer,575.54,UK
3654,1450,2023-01-19,2023-01-21,2023-02-03,402.6138022657462,34.06,Returned,Debit Card,368.55,Germany
3655,1311,2023-04-05,2023-04-06,2023-04-19,621.0204584602213,105.11,Pending,PayPal,515.91,France
3656,1227,2024-08-15,2024-08-18,2024-08-29,720.3065695116334,96.55,Pending,Credit Card,623.76,Netherlands
3657,1170,2023-02-23,2023-02-26,2023-03-05,703.9847675675301,103.17,Pending,Credit Card,600.81,Canada
3658,1034,2023-11-14,2023-11-17,2023-11-22,405.82524266911526,47.67,Processing,Debit Card,358.16,UK
3659,1414,2024-08-02,2024-08-04,2024-08-18,208.51719161381519,18.75,Shipped,Credit Card,189.77,UK
3660,1251,2023-12-26,2023-12-29,2024-01-09,459.00287153909716,69.68,Delivered,PayPal,389.32,Netherlands
3661,1247,2024-09-22,2024-09-23,2024-10-03,185.4644368778133,2.52,Pending,Credit Card,182.94,France
3662,1269,2024-10-02,2024-10-03,2024-10-10,895.5921834246179,120.58,Cancelled,Bank Transfer,775.01,Germany
3663,1141,2024-05-05,2024-05-06,2024-05-18,378.58358770096453,75.51,Delivered,Bank Transfer,303.07,Spain
3664,1274,2024-11-17,2024-11-20,2024-12-03,196.73675986215758,30.7,Processing,PayPal,166.04,Netherlands
3665,1416,2023-08-23,2023-08-26,2023-09-04,74.17537191046333,4.31,Pending,Bank Transfer,69.87,Netherlands
3666,1096,2024-01-29,2024-01-30,2024-02-11,663.53126697216,36.87,Processing,Debit Card,626.66,UK
3667,1227,2024-08-05,2024-08-06,2024-08-20,655.0572015820061,87.41,Processing,Credit Card,567.65,Netherlands
3668,1379,2023-01-10,2023-01-13,2023-01-23,373.5739582522271,66.93,Processing,PayPal,306.64,Netherlands
3669,1039,2023-09-30,2023-10-02,2023-10-11,118.12629440526845,13.65,Shipped,Debit Card,104.48,Spain
3670,1302,2023-07-29,2023-07-31,2023-08-14,439.14745015047043,46.32,Processing,Credit Card,392.83,Netherlands
3671,1500,2024-04-08,2024-04-09,2024-04-21,345.6566203102239,11.09,Shipped,Debit Card,334.57,France
3672,1029,2023-03-21,2023-03-24,2023-04-03,693.2646077482589,99.2,Returned,PayPal,594.06,France
3673,1446,2024-06-30,2024-07-01,2024-07-07,625.4902869800559,87.86,Delivered,PayPal,537.63,Poland
3674,1497,2023-06-14,2023-06-15,2023-06-29,396.364041787663,76.65,Cancelled,Debit Card,319.71,Netherlands
3675,1477,2023-12-12,2023-12-14,2023-12-19,256.99792654224063,15.43,Processing,Credit Card,241.57,Canada
3676,1318,2024-03-23,2024-03-24,2024-04-06,988.6341678478123,149.57,Shipped,Bank Transfer,839.06,Spain
3677,1245,2023-02-03,2023-02-06,2023-02-20,481.30154013630914,41.78,Shipped,Bank Transfer,439.52,Canada
3678,1236,2024-10-01,2024-10-04,2024-10-16,703.8605239912253,78.62,Pending,Debit Card,625.24,Spain
3679,1185,2023-03-21,2023-03-22,2023-03-27,183.52531919944275,29.97,Pending,PayPal,153.56,Poland
3680,1272,2024-12-24,2024-12-26,2025-01-02,511.3102146764279,22.7,Delivered,Credit Card,488.61,Spain
3681,1440,2024-01-13,2024-01-16,2024-01-25,76.15988387599221,5.22,Delivered,Credit Card,70.94,Germany
3682,1236,2023-10-25,2023-10-26,2023-11-09,530.1823620149274,82.0,Shipped,PayPal,448.18,Spain
3683,1239,2024-05-23,2024-05-25,2024-05-31,965.8165367618172,110.19,Shipped,Bank Transfer,855.63,Germany
3684,1377,2023-12-31,2024-01-03,2024-01-08,414.9963773365102,7.67,Shipped,Credit Card,407.33,Poland
3685,1266,2024-04-18,2024-04-21,2024-05-04,87.04621194616601,7.49,Pending,Debit Card,79.56,USA
3686,1414,2023-08-22,2023-08-25,2023-09-04,79.40800137337635,9.32,Shipped,Bank Transfer,70.09,UK
3687,1409,2024-01-25,2024-01-28,2024-02-09,418.587421949526,76.14,Processing,Debit Card,342.45,Canada
3688,1359,2023-05-29,2023-06-01,2023-06-14,202.02368964003435,7.62,Pending,Bank Transfer,194.4,Poland
3689,1340,2024-08-27,2024-08-29,2024-09-07,72.18449151177661,11.64,Returned,PayPal,60.54,USA
3690,1389,2023-02-28,2023-03-02,2023-03-11,768.4029332526679,20.07,Shipped,Debit Card,748.33,France
3691,1065,2024-03-21,2024-03-23,2024-03-29,485.59685843779613,23.53,Delivered,Debit Card,462.07,Poland
3692,1478,2023-08-15,2023-08-16,2023-08-22,324.7825333740218,15.81,Shipped,PayPal,308.97,USA
3693,1177,2024-09-17,2024-09-19,2024-09-29,905.0790238656567,158.84,Shipped,Debit Card,746.24,Poland
3694,1003,2024-02-03,2024-02-04,2024-02-11,160.3320121904993,6.38,Processing,Bank Transfer,153.95,Poland
3695,1429,2023-10-20,2023-10-21,2023-10-30,958.1228875075533,150.8,Pending,Credit Card,807.32,Netherlands
3696,1142,2024-03-22,2024-03-25,2024-04-02,348.26838150848516,32.17,Processing,Credit Card,316.1,Spain
3697,1376,2024-02-16,2024-02-18,2024-02-24,893.9834886932472,178.63,Delivered,PayPal,715.35,Netherlands
3698,1158,2023-09-01,2023-09-02,2023-09-16,622.7957326554885,104.52,Delivered,Bank Transfer,518.28,France
3699,1498,2024-02-28,2024-02-29,2024-03-12,835.3719917544131,123.59,Shipped,Debit Card,711.78,UK
3700,1324,2024-10-08,2024-10-09,2024-10-21,984.812505049941,171.5,Shipped,Debit Card,813.31,Netherlands
3701,1146,2023-05-08,2023-05-09,2023-05-21,323.98516592780845,41.08,Cancelled,Credit Card,282.91,Spain
3702,1446,2024-09-29,2024-10-02,2024-10-16,963.0787111372133,162.5,Pending,Debit Card,800.58,Poland
3703,1293,2024-10-13,2024-10-16,2024-10-23,420.00780015729936,21.94,Processing,Credit Card,398.07,USA
3704,1153,2024-03-22,2024-03-24,2024-04-04,416.2363095000762,8.13,Shipped,PayPal,408.11,Netherlands
3705,1432,2024-04-04,2024-04-05,2024-04-18,373.3677490417804,45.99,Delivered,Debit Card,327.38,UK
3706,1193,2023-11-23,2023-11-25,2023-12-09,564.337226980206,49.06,Returned,Bank Transfer,515.28,USA
3707,1437,2023-11-30,2023-12-03,2023-12-14,196.43779101956275,16.75,Processing,Debit Card,179.69,USA
3708,1494,2023-01-29,2023-01-31,2023-02-13,576.0259110901106,60.68,Cancelled,Credit Card,515.35,Netherlands
3709,1463,2024-11-18,2024-11-20,2024-11-27,564.6195717895038,40.81,Delivered,PayPal,523.81,Spain
3710,1073,2023-07-03,2023-07-06,2023-07-11,773.8067219746265,96.89,Processing,Credit Card,676.92,Spain
3711,1399,2024-10-10,2024-10-11,2024-10-16,841.9674638407063,5.15,Shipped,Debit Card,836.82,Germany
3712,1305,2023-09-22,2023-09-25,2023-10-02,468.41928279680286,90.86,Shipped,Credit Card,377.56,Germany
3713,1377,2024-10-07,2024-10-09,2024-10-16,337.21658688391904,62.37,Returned,Credit Card,274.85,Poland
3714,1344,2023-05-19,2023-05-20,2023-06-03,296.3681524512398,55.44,Processing,PayPal,240.93,France
3715,1452,2024-06-08,2024-06-11,2024-06-20,234.89264486962833,17.15,Delivered,Bank Transfer,217.74,Spain
3716,1140,2024-04-02,2024-04-04,2024-04-12,104.76520308907364,11.14,Shipped,Debit Card,93.63,Germany
3717,1187,2023-04-02,2023-04-03,2023-04-12,375.32557989297766,71.62,Delivered,PayPal,303.71,Poland
3718,1293,2023-05-20,2023-05-22,2023-05-29,306.7353075242441,55.36,Shipped,Bank Transfer,251.38,USA
3719,1061,2024-11-10,2024-11-12,2024-11-18,968.096516573087,153.01,Shipped,Credit Card,815.09,UK
3720,1485,2023-06-27,2023-06-28,2023-07-09,579.8233849375417,47.24,Delivered,Bank Transfer,532.58,Canada
3721,1427,2024-09-09,2024-09-10,2024-09-20,379.91318707898216,42.88,Delivered,Credit Card,337.03,Poland
3722,1380,2024-07-12,2024-07-13,2024-07-18,601.4442209440111,95.38,Cancelled,Credit Card,506.06,USA
3723,1198,2024-10-23,2024-10-25,2024-11-01,182.23686627841073,9.95,Pending,PayPal,172.29,USA
3724,1295,2024-12-20,2024-12-23,2024-12-30,471.8415617420928,59.12,Delivered,Credit Card,412.72,USA
3725,1440,2024-12-07,2024-12-10,2024-12-24,644.9226053500106,106.79,Processing,PayPal,538.13,Germany
3726,1319,2024-01-14,2024-01-16,2024-01-30,514.4529402028288,72.79,Shipped,Bank Transfer,441.66,Germany
3727,1302,2024-10-14,2024-10-16,2024-10-22,431.68986062160803,41.4,Shipped,Bank Transfer,390.29,Netherlands
3728,1344,2023-11-19,2023-11-21,2023-12-02,994.1559694547133,116.24,Shipped,Credit Card,877.92,France
3729,1011,2023-11-07,2023-11-08,2023-11-22,886.2990240414806,175.25,Shipped,PayPal,711.05,Poland
3730,1062,2024-05-06,2024-05-09,2024-05-17,642.2356602514681,77.32,Returned,Credit Card,564.92,France
3731,1333,2024-05-01,2024-05-02,2024-05-14,590.9084931231687,92.85,Processing,PayPal,498.06,Netherlands
3732,1226,2023-03-13,2023-03-14,2023-03-23,639.6274558333548,92.95,Delivered,PayPal,546.68,Germany
3733,1153,2023-04-04,2023-04-05,2023-04-12,241.2465024313116,33.85,Shipped,PayPal,207.4,Netherlands
3734,1199,2024-03-12,2024-03-13,2024-03-21,425.38085610110267,60.95,Processing,Bank Transfer,364.43,France
3735,1052,2023-02-09,2023-02-12,2023-02-22,87.48655624635435,7.95,Processing,PayPal,79.54,France
3736,1260,2024-08-03,2024-08-05,2024-08-14,501.76873561248533,47.58,Cancelled,Bank Transfer,454.19,Germany
3737,1059,2023-06-19,2023-06-21,2023-06-29,565.87335475978,52.95,Cancelled,PayPal,512.92,Spain
3738,1072,2024-08-06,2024-08-09,2024-08-14,266.3622492980491,1.77,Cancelled,Bank Transfer,264.59,USA
3739,1148,2023-12-07,2023-12-08,2023-12-22,965.827404807238,46.57,Returned,Debit Card,919.26,Spain
3740,1349,2024-09-10,2024-09-11,2024-09-22,913.98188039038,28.25,Processing,Bank Transfer,885.73,Germany
3741,1063,2024-12-30,2024-12-31,2025-01-05,736.0360736831105,130.49,Shipped,Bank Transfer,605.55,Spain
3742,1310,2023-01-31,2023-02-03,2023-02-13,556.7172973270945,30.62,Delivered,Credit Card,526.1,Germany
3743,1373,2023-04-18,2023-04-21,2023-04-27,876.4707016653007,24.27,Shipped,PayPal,852.2,UK
3744,1243,2024-09-11,2024-09-12,2024-09-20,174.11972663228977,4.17,Shipped,Debit Card,169.95,Poland
3745,1493,2024-08-08,2024-08-09,2024-08-19,800.9843045611408,112.14,Shipped,Credit Card,688.84,Poland
3746,1366,2023-08-23,2023-08-24,2023-09-02,168.5797732685059,0.21,Shipped,PayPal,168.37,Germany
3747,1330,2023-06-06,2023-06-08,2023-06-21,804.5001294219352,75.83,Shipped,Debit Card,728.67,Canada
3748,1107,2024-12-04,2024-12-05,2024-12-13,311.9791898387891,7.42,Processing,Debit Card,304.56,USA
3749,1226,2024-08-14,2024-08-16,2024-08-25,883.2360519672795,150.09,Shipped,Debit Card,733.15,Germany
3750,1313,2023-08-01,2023-08-03,2023-08-13,946.8399891341279,181.5,Shipped,PayPal,765.34,Spain
3751,1218,2023-12-14,2023-12-15,2023-12-26,191.35617093485985,36.69,Shipped,Debit Card,154.67,Canada
3752,1425,2024-12-26,2024-12-29,2025-01-03,489.5418248121238,43.27,Processing,Debit Card,446.27,UK
3753,1241,2023-08-09,2023-08-12,2023-08-25,981.9380092545508,126.57,Delivered,Credit Card,855.37,Canada
3754,1259,2024-12-19,2024-12-21,2024-12-28,509.23706417448926,61.08,Pending,Bank Transfer,448.16,USA
3755,1376,2023-08-30,2023-09-01,2023-09-07,870.3701463888178,60.93,Shipped,PayPal,809.44,Netherlands
3756,1262,2024-07-07,2024-07-10,2024-07-22,609.2949460247538,54.11,Delivered,Bank Transfer,555.18,UK
3757,1005,2023-08-15,2023-08-18,2023-08-30,406.56341252362176,5.23,Shipped,Credit Card,401.33,UK
3758,1261,2023-08-31,2023-09-02,2023-09-14,321.4943777495767,51.16,Processing,Bank Transfer,270.33,Poland
3759,1054,2024-01-06,2024-01-09,2024-01-14,243.06193653178292,11.71,Delivered,Debit Card,231.35,UK
3760,1047,2023-04-02,2023-04-04,2023-04-17,773.7082818088123,71.26,Shipped,Debit Card,702.45,Spain
3761,1215,2023-12-30,2024-01-02,2024-01-13,417.2134814818765,40.1,Delivered,PayPal,377.11,Canada
3762,1177,2023-10-07,2023-10-10,2023-10-17,535.7116890907137,60.08,Delivered,PayPal,475.63,Poland
3763,1009,2024-01-06,2024-01-07,2024-01-15,517.7092060011228,84.68,Delivered,PayPal,433.03,Canada
3764,1099,2024-11-10,2024-11-13,2024-11-25,598.4150777714747,82.81,Shipped,Credit Card,515.61,Netherlands
3765,1020,2023-10-31,2023-11-03,2023-11-12,872.2982883433247,115.68,Processing,PayPal,756.62,Poland
3766,1378,2024-03-12,2024-03-14,2024-03-28,981.702376404258,103.42,Processing,Credit Card,878.28,UK
3767,1241,2024-01-10,2024-01-11,2024-01-25,437.20499814512607,8.39,Shipped,Debit Card,428.81,Canada
3768,1061,2023-01-14,2023-01-17,2023-01-25,836.1429760009879,67.23,Shipped,Bank Transfer,768.91,UK
3769,1379,2024-10-07,2024-10-10,2024-10-19,776.3014049219818,148.63,Shipped,Debit Card,627.67,Netherlands
3770,1490,2024-07-18,2024-07-20,2024-07-31,594.8525038827946,118.44,Processing,Debit Card,476.41,UK
3771,1419,2024-05-06,2024-05-08,2024-05-13,958.2447864313365,140.0,Pending,Debit Card,818.24,Poland
3772,1178,2023-07-15,2023-07-18,2023-07-25,240.45078975198265,10.94,Shipped,PayPal,229.51,Netherlands
3773,1338,2024-12-27,2024-12-30,2025-01-13,153.80099979414035,3.13,Processing,PayPal,150.67,Netherlands
3774,1062,2023-11-04,2023-11-07,2023-11-19,861.263868607651,71.44,Delivered,PayPal,789.82,France
3775,1145,2023-07-27,2023-07-28,2023-08-04,467.1923258020609,80.04,Pending,Bank Transfer,387.15,Canada
3776,1216,2024-12-09,2024-12-11,2024-12-25,854.6204114967074,123.38,Shipped,PayPal,731.24,UK
3777,1003,2024-09-14,2024-09-16,2024-09-30,898.4356949356442,158.82,Cancelled,Credit Card,739.62,Poland
3778,1160,2024-04-28,2024-05-01,2024-05-10,109.33471393811786,13.47,Processing,Debit Card,95.86,Spain
3779,1227,2024-08-11,2024-08-12,2024-08-22,889.2915248367576,23.18,Shipped,Bank Transfer,866.11,Netherlands
3780,1486,2023-01-11,2023-01-12,2023-01-24,475.90310260095106,10.93,Pending,Bank Transfer,464.97,UK
3781,1269,2024-02-13,2024-02-15,2024-02-22,534.9108645540206,5.14,Delivered,Bank Transfer,529.77,Germany
3782,1120,2023-08-16,2023-08-19,2023-08-27,645.2628855385498,73.18,Shipped,Bank Transfer,572.08,Canada
3783,1381,2023-07-26,2023-07-28,2023-08-06,930.0634763935824,45.18,Shipped,Bank Transfer,884.88,Spain
3784,1495,2024-07-10,2024-07-11,2024-07-24,68.16028970827583,10.01,Shipped,Credit Card,58.15,Spain
3785,1089,2023-08-22,2023-08-23,2023-08-28,503.00129490192626,69.04,Cancelled,Debit Card,433.96,Netherlands
3786,1329,2023-05-22,2023-05-24,2023-05-29,703.3359403090326,44.75,Processing,Bank Transfer,658.59,Netherlands
3787,1068,2024-08-14,2024-08-16,2024-08-27,736.5716098133171,26.05,Pending,Debit Card,710.52,USA
3788,1398,2024-12-19,2024-12-20,2024-12-27,707.9058099602526,14.5,Cancelled,PayPal,693.41,UK
3789,1357,2024-07-20,2024-07-21,2024-08-03,177.71337293771575,26.21,Shipped,Bank Transfer,151.5,UK
3790,1098,2024-03-15,2024-03-18,2024-03-31,334.42580895309715,30.13,Cancelled,Bank Transfer,304.3,UK
3791,1267,2024-02-23,2024-02-24,2024-03-07,390.77974914616277,25.29,Shipped,Debit Card,365.49,Germany
3792,1105,2024-04-21,2024-04-24,2024-05-06,814.2153472955298,139.5,Delivered,Bank Transfer,674.72,Netherlands
3793,1440,2024-05-11,2024-05-13,2024-05-24,314.82187879382536,37.38,Shipped,Bank Transfer,277.44,Germany
3794,1323,2024-11-29,2024-11-30,2024-12-09,250.169715673843,25.92,Delivered,Bank Transfer,224.25,Spain
3795,1123,2023-08-19,2023-08-22,2023-08-29,959.5756180861914,142.67,Cancelled,Credit Card,816.91,USA
3796,1476,2024-01-25,2024-01-28,2024-02-02,58.42012085779545,9.53,Shipped,Credit Card,48.89,Spain
3797,1029,2023-10-27,2023-10-29,2023-11-06,997.9298128978793,136.93,Processing,Bank Transfer,861.0,France
3798,1137,2024-12-04,2024-12-07,2024-12-21,692.9802339145258,60.98,Processing,Credit Card,632.0,Germany
3799,1195,2023-10-05,2023-10-06,2023-10-20,837.0458344766612,63.5,Processing,PayPal,773.55,Poland
3800,1409,2023-10-30,2023-10-31,2023-11-10,329.8884265288835,50.91,Processing,Bank Transfer,278.98,Canada
3801,1226,2023-03-18,2023-03-19,2023-03-31,63.59951378370698,6.59,Shipped,PayPal,57.01,Germany
3802,1332,2023-01-15,2023-01-16,2023-01-25,750.9760426334535,105.8,Shipped,Debit Card,645.18,France
3803,1170,2023-11-23,2023-11-24,2023-12-07,842.437367150642,150.02,Shipped,PayPal,692.42,Canada
3804,1009,2024-04-06,2024-04-08,2024-04-16,753.4523253558432,138.02,Shipped,Debit Card,615.43,Canada
3805,1463,2024-01-07,2024-01-08,2024-01-20,185.70777293579667,10.31,Delivered,Bank Transfer,175.4,Spain
3806,1040,2024-02-28,2024-02-29,2024-03-05,765.7565261441206,28.78,Pending,Debit Card,736.98,Poland
3807,1025,2024-11-04,2024-11-05,2024-11-10,780.4766430022589,40.79,Pending,Debit Card,739.69,UK
3808,1261,2024-01-26,2024-01-27,2024-02-09,675.6134898865522,101.53,Processing,PayPal,574.08,Poland
3809,1395,2023-09-16,2023-09-19,2023-09-29,777.8101361558068,57.57,Shipped,PayPal,720.24,Canada
3810,1443,2024-04-08,2024-04-10,2024-04-20,853.6253676938455,29.6,Processing,PayPal,824.03,France
3811,1226,2024-09-26,2024-09-29,2024-10-09,632.9239085255855,12.45,Processing,Bank Transfer,620.47,Germany
3812,1472,2024-01-08,2024-01-10,2024-01-22,134.1744782711951,8.78,Shipped,Bank Transfer,125.39,UK
3813,1124,2023-05-05,2023-05-06,2023-05-15,513.2464191838503,13.97,Delivered,PayPal,499.28,France
3814,1463,2024-07-16,2024-07-18,2024-07-30,123.76686793802482,3.87,Pending,Bank Transfer,119.9,Spain
3815,1038,2023-06-19,2023-06-22,2023-07-01,437.1658794808093,59.79,Delivered,Bank Transfer,377.38,France
3816,1328,2023-08-24,2023-08-25,2023-09-07,436.7511646693463,1.72,Delivered,Debit Card,435.03,France
3817,1251,2023-10-04,2023-10-06,2023-10-13,112.7093519332295,2.65,Delivered,Debit Card,110.06,Netherlands
3818,1389,2024-06-10,2024-06-11,2024-06-18,381.37950727100537,64.4,Cancelled,PayPal,316.98,France
3819,1176,2024-07-27,2024-07-30,2024-08-08,155.4481938517491,26.27,Pending,Bank Transfer,129.18,Germany
3820,1090,2024-07-02,2024-07-04,2024-07-15,817.8234495087611,53.85,Processing,Debit Card,763.97,Canada
3821,1402,2023-01-26,2023-01-28,2023-02-09,950.3036246662473,16.72,Cancelled,Credit Card,933.58,Spain
3822,1454,2024-05-30,2024-05-31,2024-06-09,118.70065149504168,16.74,Shipped,Bank Transfer,101.96,UK
3823,1037,2024-05-02,2024-05-03,2024-05-14,957.3594469271163,68.96,Shipped,Credit Card,888.4,Netherlands
3824,1316,2024-10-16,2024-10-17,2024-10-24,546.447769369908,4.97,Delivered,PayPal,541.48,USA
3825,1176,2024-07-08,2024-07-09,2024-07-18,334.5873940561802,10.56,Delivered,Bank Transfer,324.03,Germany
3826,1461,2023-07-04,2023-07-06,2023-07-14,123.01897151235534,3.38,Cancelled,PayPal,119.64,USA
3827,1284,2024-07-18,2024-07-20,2024-07-25,525.5930546668969,61.93,Returned,PayPal,463.66,France
3828,1453,2024-12-09,2024-12-11,2024-12-23,804.7897672662112,144.56,Delivered,PayPal,660.23,Germany
3829,1461,2023-08-20,2023-08-23,2023-08-31,721.7321534033632,114.48,Processing,PayPal,607.25,USA
3830,1081,2024-07-03,2024-07-06,2024-07-17,97.71471089077508,10.68,Cancelled,PayPal,87.03,Canada
3831,1114,2024-01-31,2024-02-01,2024-02-06,119.25674359950834,10.07,Pending,Bank Transfer,109.19,France
3832,1040,2023-10-04,2023-10-07,2023-10-21,432.72961850100523,53.54,Processing,Credit Card,379.19,Poland
3833,1301,2024-04-08,2024-04-11,2024-04-25,330.5259693455461,29.34,Cancelled,Bank Transfer,301.19,France
3834,1224,2024-07-28,2024-07-31,2024-08-11,270.76510690324545,13.33,Processing,Bank Transfer,257.44,France
3835,1318,2023-04-03,2023-04-04,2023-04-13,316.9542739632779,43.05,Processing,Bank Transfer,273.9,Spain
3836,1349,2023-02-21,2023-02-24,2023-03-09,813.3086061320404,142.04,Processing,Debit Card,671.27,Germany
3837,1115,2023-06-30,2023-07-01,2023-07-13,932.7666509502612,69.56,Cancelled,Debit Card,863.21,Germany
3838,1186,2023-02-12,2023-02-15,2023-02-24,434.8475598011881,73.19,Shipped,Bank Transfer,361.66,Spain
3839,1323,2023-09-17,2023-09-18,2023-09-27,910.8054520258722,78.53,Delivered,Credit Card,832.28,Spain
3840,1056,2023-09-12,2023-09-13,2023-09-26,355.42091618548784,28.53,Processing,Bank Transfer,326.89,France
3841,1040,2024-05-16,2024-05-18,2024-05-26,502.61513702660204,2.85,Delivered,PayPal,499.77,Poland
3842,1354,2023-09-12,2023-09-14,2023-09-21,264.7275479251997,36.81,Delivered,Debit Card,227.92,USA
3843,1040,2023-08-30,2023-08-31,2023-09-10,658.4522400670518,106.34,Shipped,Debit Card,552.11,Poland
3844,1347,2023-10-26,2023-10-27,2023-11-02,980.0320594160685,130.06,Shipped,Bank Transfer,849.97,France
3845,1461,2024-09-11,2024-09-12,2024-09-25,623.3184412412097,18.87,Processing,Bank Transfer,604.45,USA
3846,1237,2023-07-31,2023-08-02,2023-08-08,389.92337990787144,8.06,Returned,Credit Card,381.86,Spain
3847,1289,2024-08-17,2024-08-20,2024-09-02,665.426573691002,76.24,Delivered,Credit Card,589.19,Canada
3848,1262,2024-09-03,2024-09-06,2024-09-11,166.77464454211818,13.39,Cancelled,PayPal,153.38,UK
3849,1216,2023-03-04,2023-03-07,2023-03-18,894.2261262521287,76.74,Shipped,Bank Transfer,817.49,UK
3850,1147,2023-04-15,2023-04-16,2023-04-25,527.9297532408445,102.19,Delivered,Bank Transfer,425.74,Netherlands
3851,1336,2023-01-15,2023-01-18,2023-01-25,476.88225493766,69.05,Delivered,Bank Transfer,407.83,Spain
3852,1168,2024-12-23,2024-12-26,2025-01-05,606.5715490308432,49.96,Delivered,Debit Card,556.61,Canada
3853,1092,2023-09-17,2023-09-20,2023-09-29,643.5446696499323,2.46,Returned,PayPal,641.08,USA
3854,1353,2023-07-12,2023-07-13,2023-07-18,118.18701591518737,0.81,Shipped,Credit Card,117.38,Canada
3855,1059,2024-01-09,2024-01-10,2024-01-17,698.4863601622322,95.67,Processing,Debit Card,602.82,Spain
3856,1059,2024-05-09,2024-05-11,2024-05-20,279.8350962997531,46.89,Delivered,Debit Card,232.95,Spain
3857,1304,2024-02-19,2024-02-21,2024-03-03,728.2550008812603,103.08,Delivered,Debit Card,625.18,Germany
3858,1169,2023-01-30,2023-02-01,2023-02-13,831.4080546649869,67.49,Shipped,Debit Card,763.92,UK
3859,1269,2024-05-06,2024-05-07,2024-05-17,813.7605821748942,5.07,Processing,PayPal,808.69,Germany
3860,1363,2024-02-03,2024-02-06,2024-02-19,574.8759190374947,111.23,Shipped,Bank Transfer,463.65,Germany
3861,1045,2024-11-26,2024-11-27,2024-12-11,544.1613976952136,107.35,Shipped,Credit Card,436.81,Poland
3862,1345,2024-10-21,2024-10-22,2024-11-02,185.73216327244114,20.41,Shipped,Credit Card,165.32,Poland
3863,1181,2024-10-02,2024-10-04,2024-10-18,786.5788428829788,11.12,Delivered,Debit Card,775.46,Netherlands
3864,1170,2023-05-27,2023-05-29,2023-06-10,307.83891142437864,33.31,Delivered,Debit Card,274.53,Canada
3865,1356,2024-04-30,2024-05-02,2024-05-11,521.8606516770492,93.14,Processing,PayPal,428.72,Germany
3866,1191,2023-09-10,2023-09-11,2023-09-24,320.0603882811409,43.53,Shipped,Debit Card,276.53,Canada
3867,1155,2024-10-19,2024-10-21,2024-11-03,177.13694484970847,25.51,Processing,Credit Card,151.63,Spain
3868,1422,2023-08-19,2023-08-22,2023-09-01,648.0798120471497,11.01,Processing,Credit Card,637.07,Canada
3869,1188,2023-04-21,2023-04-23,2023-05-03,101.61543308175864,2.16,Delivered,Bank Transfer,99.46,UK
3870,1007,2024-04-21,2024-04-22,2024-05-02,761.21297241989,19.39,Cancelled,Bank Transfer,741.82,Canada
3871,1133,2023-05-08,2023-05-09,2023-05-16,351.7074554980608,63.62,Shipped,Credit Card,288.09,UK
3872,1235,2024-09-10,2024-09-13,2024-09-20,50.127958354261054,5.27,Delivered,Credit Card,44.86,USA
3873,1045,2024-01-29,2024-02-01,2024-02-15,535.5726822753684,84.79,Cancelled,PayPal,450.78,Poland
3874,1314,2023-10-07,2023-10-08,2023-10-17,94.50931310122297,2.18,Delivered,PayPal,92.33,Canada
3875,1249,2023-05-12,2023-05-13,2023-05-26,312.3610799298545,57.95,Processing,Credit Card,254.41,Netherlands
3876,1499,2024-03-16,2024-03-17,2024-03-23,721.6276630829303,118.51,Returned,Debit Card,603.12,UK
3877,1031,2023-04-30,2023-05-01,2023-05-12,109.55514054077257,4.92,Shipped,Bank Transfer,104.64,Canada
3878,1023,2023-01-01,2023-01-03,2023-01-12,847.3715677382022,148.15,Shipped,Credit Card,699.22,USA
3879,1426,2024-01-30,2024-02-02,2024-02-16,53.62892652565395,2.83,Pending,Debit Card,50.8,Poland
3880,1394,2024-09-11,2024-09-13,2024-09-19,284.48267574180716,11.68,Shipped,Credit Card,272.8,UK
3881,1160,2023-06-11,2023-06-12,2023-06-20,753.8588533444679,39.84,Processing,Bank Transfer,714.02,Spain
3882,1363,2024-03-23,2024-03-26,2024-04-09,350.45664224284144,63.78,Processing,Bank Transfer,286.68,Germany
3883,1437,2024-10-17,2024-10-19,2024-10-25,146.79776866271285,26.88,Shipped,PayPal,119.92,USA
3884,1158,2023-02-04,2023-02-07,2023-02-17,392.2222228604065,25.81,Delivered,PayPal,366.41,France
3885,1039,2023-10-02,2023-10-05,2023-10-14,306.87362206529923,43.3,Cancelled,PayPal,263.57,Spain
3886,1415,2023-08-31,2023-09-02,2023-09-16,850.5763070525271,114.95,Shipped,PayPal,735.63,Canada
3887,1082,2024-11-08,2024-11-09,2024-11-20,347.68052170588595,56.09,Cancelled,Bank Transfer,291.59,Poland
3888,1356,2024-06-18,2024-06-20,2024-06-27,799.4858481872069,47.41,Cancelled,Debit Card,752.08,Germany
3889,1258,2024-06-23,2024-06-25,2024-07-09,897.278537570198,91.55,Delivered,Debit Card,805.73,Canada
3890,1206,2023-06-24,2023-06-27,2023-07-03,462.12654859770305,61.71,Processing,Debit Card,400.42,USA
3891,1077,2024-08-01,2024-08-04,2024-08-15,914.4459866616725,4.8,Delivered,Credit Card,909.65,USA
3892,1477,2024-06-26,2024-06-28,2024-07-05,408.4521512650332,30.78,Cancelled,PayPal,377.67,Canada
3893,1012,2023-06-05,2023-06-06,2023-06-13,965.8744956656028,134.43,Delivered,PayPal,831.44,USA
3894,1295,2024-04-29,2024-05-02,2024-05-10,134.82504829929428,6.81,Shipped,Bank Transfer,128.02,USA
3895,1450,2023-09-26,2023-09-27,2023-10-02,702.6683031780806,134.59,Shipped,Bank Transfer,568.08,Germany
3896,1224,2023-11-02,2023-11-05,2023-11-13,519.1233384340823,3.13,Delivered,Credit Card,515.99,France
3897,1013,2024-06-17,2024-06-19,2024-06-30,418.2663651828647,80.15,Shipped,Credit Card,338.12,Canada
3898,1046,2023-04-11,2023-04-14,2023-04-20,651.0762848111708,28.23,Processing,Debit Card,622.85,Canada
3899,1155,2023-12-19,2023-12-21,2024-01-02,718.6642370526147,7.02,Shipped,Bank Transfer,711.64,Spain
3900,1113,2023-12-19,2023-12-21,2024-01-04,54.145106167793635,3.17,Delivered,PayPal,50.98,Germany
3901,1233,2023-12-08,2023-12-09,2023-12-23,208.60543430983878,32.8,Cancelled,Debit Card,175.81,Poland
3902,1017,2024-08-01,2024-08-04,2024-08-16,727.3937481026028,109.46,Processing,PayPal,617.93,France
3903,1360,2023-11-28,2023-12-01,2023-12-06,683.0661428992961,28.53,Returned,Debit Card,654.54,Netherlands
3904,1223,2023-12-14,2023-12-15,2023-12-29,967.7451298722433,38.09,Shipped,PayPal,929.66,Canada
3905,1354,2024-08-20,2024-08-22,2024-09-04,772.9859007382438,99.34,Delivered,Credit Card,673.65,USA
3906,1188,2024-04-25,2024-04-27,2024-05-06,953.2340723447711,87.33,Delivered,Debit Card,865.9,UK
3907,1448,2024-08-25,2024-08-28,2024-09-07,717.4134764580666,113.68,Delivered,PayPal,603.73,USA
3908,1344,2024-02-28,2024-02-29,2024-03-06,333.149598207471,1.61,Cancelled,PayPal,331.54,France
3909,1365,2023-12-30,2024-01-01,2024-01-15,150.09667613831365,18.32,Shipped,Bank Transfer,131.78,Spain
3910,1163,2024-07-13,2024-07-14,2024-07-21,792.7326701776888,115.85,Cancelled,Debit Card,676.88,Canada
3911,1496,2024-06-28,2024-06-29,2024-07-08,661.9417604021202,131.51,Processing,PayPal,530.43,Canada
3912,1326,2024-01-03,2024-01-04,2024-01-12,95.77671177363142,13.0,Delivered,Bank Transfer,82.78,Canada
3913,1467,2023-10-13,2023-10-16,2023-10-29,392.0479426059294,18.18,Delivered,PayPal,373.87,UK
3914,1414,2024-10-25,2024-10-27,2024-11-08,958.9598247100719,20.75,Delivered,Debit Card,938.21,UK
3915,1455,2024-08-08,2024-08-09,2024-08-20,525.3810884246911,67.35,Processing,Credit Card,458.03,USA
3916,1074,2024-08-12,2024-08-14,2024-08-27,461.0926792187194,48.25,Cancelled,Debit Card,412.84,Germany
3917,1233,2023-02-12,2023-02-13,2023-02-22,484.8146249013293,87.18,Processing,Debit Card,397.63,Poland
3918,1224,2024-09-14,2024-09-17,2024-09-28,248.43858780490552,36.1,Pending,PayPal,212.34,France
3919,1482,2023-10-29,2023-10-31,2023-11-06,400.27181232155544,40.81,Delivered,PayPal,359.46,Netherlands
3920,1319,2024-07-26,2024-07-29,2024-08-11,401.3225931878178,32.39,Shipped,Debit Card,368.93,Germany
3921,1412,2023-11-04,2023-11-07,2023-11-16,99.73726917809879,8.07,Delivered,Bank Transfer,91.67,Germany
3922,1060,2024-08-01,2024-08-02,2024-08-09,779.1892470920224,35.27,Shipped,Bank Transfer,743.92,Spain
3923,1335,2024-05-28,2024-05-29,2024-06-08,445.679210308685,1.54,Processing,Bank Transfer,444.14,Spain
3924,1222,2023-11-30,2023-12-03,2023-12-13,831.0708924756021,95.56,Delivered,PayPal,735.51,Canada
3925,1037,2024-04-02,2024-04-05,2024-04-13,857.8306010639006,36.44,Shipped,PayPal,821.39,Netherlands
3926,1477,2024-09-05,2024-09-08,2024-09-21,251.39435196372517,10.47,Processing,Debit Card,240.92,Canada
3927,1278,2023-10-31,2023-11-03,2023-11-12,674.4858080616222,16.91,Delivered,Credit Card,657.58,Poland
3928,1196,2023-06-07,2023-06-10,2023-06-23,498.6677139548326,18.91,Shipped,PayPal,479.76,Canada
3929,1404,2023-08-23,2023-08-25,2023-09-03,886.1489010254109,5.63,Delivered,Debit Card,880.52,UK
3930,1352,2023-09-14,2023-09-15,2023-09-24,254.95364521763142,34.38,Shipped,Debit Card,220.57,Spain
3931,1484,2024-07-11,2024-07-12,2024-07-17,693.922540294542,55.71,Delivered,Credit Card,638.21,Canada
3932,1242,2023-02-16,2023-02-17,2023-02-28,627.3645161400865,70.46,Delivered,Bank Transfer,556.9,Poland
3933,1324,2024-07-24,2024-07-26,2024-08-05,330.53640369324114,42.11,Delivered,Debit Card,288.43,Netherlands
3934,1219,2024-06-07,2024-06-10,2024-06-20,179.770858468614,34.96,Processing,Debit Card,144.81,Spain
3935,1192,2023-05-24,2023-05-26,2023-06-04,669.0577724534128,9.13,Delivered,Debit Card,659.93,Netherlands
3936,1017,2024-08-07,2024-08-09,2024-08-21,751.6675852257141,62.83,Delivered,Bank Transfer,688.84,France
3937,1012,2023-09-27,2023-09-30,2023-10-14,349.8459765751825,17.21,Delivered,Bank Transfer,332.64,USA
3938,1406,2023-08-10,2023-08-12,2023-08-21,662.5909738211981,63.17,Shipped,Credit Card,599.42,France
3939,1401,2024-06-24,2024-06-27,2024-07-09,425.3743622309281,78.31,Cancelled,PayPal,347.06,USA
3940,1394,2024-09-20,2024-09-22,2024-09-29,727.5465391184869,105.35,Delivered,Bank Transfer,622.2,UK
3941,1374,2023-11-05,2023-11-08,2023-11-22,239.25451114935046,31.67,Processing,PayPal,207.58,Germany
3942,1193,2023-09-18,2023-09-19,2023-09-29,895.7042525043656,79.05,Shipped,PayPal,816.65,USA
3943,1022,2023-08-12,2023-08-14,2023-08-22,323.03911664230077,43.36,Cancelled,Bank Transfer,279.68,Spain
3944,1474,2024-09-14,2024-09-16,2024-09-21,399.3966883683453,2.59,Pending,Debit Card,396.81,France
3945,1120,2023-02-27,2023-02-28,2023-03-07,105.1873544763323,12.33,Returned,Credit Card,92.86,Canada
3946,1210,2023-08-20,2023-08-22,2023-09-02,155.93660170521258,17.27,Delivered,PayPal,138.67,USA
3947,1306,2024-07-15,2024-07-17,2024-07-29,540.0688075767117,37.44,Delivered,Debit Card,502.63,UK
3948,1270,2023-03-29,2023-03-31,2023-04-09,304.2130428915729,12.26,Processing,Bank Transfer,291.95,UK
3949,1192,2023-02-03,2023-02-04,2023-02-15,843.7062144550847,136.27,Processing,PayPal,707.44,Netherlands
3950,1175,2024-08-14,2024-08-17,2024-08-22,63.95871922220615,0.69,Cancelled,PayPal,63.27,UK
3951,1285,2024-06-28,2024-06-29,2024-07-07,410.1393462383394,5.72,Processing,PayPal,404.42,UK
3952,1204,2023-01-07,2023-01-10,2023-01-21,370.478269430638,32.64,Delivered,Debit Card,337.84,Canada
3953,1164,2024-06-19,2024-06-21,2024-07-01,68.36124937172099,3.45,Shipped,Debit Card,64.91,Canada
3954,1251,2023-08-04,2023-08-07,2023-08-17,168.14997905048472,25.07,Processing,Debit Card,143.08,Netherlands
3955,1227,2023-11-26,2023-11-29,2023-12-09,442.96054117270353,56.18,Pending,PayPal,386.78,Netherlands
3956,1436,2023-08-04,2023-08-05,2023-08-14,518.2213552250744,80.07,Shipped,PayPal,438.15,USA
3957,1381,2024-03-10,2024-03-13,2024-03-23,434.07525989212564,28.19,Returned,Credit Card,405.89,Spain
3958,1460,2023-11-14,2023-11-16,2023-11-27,554.3907944914891,82.11,Shipped,Credit Card,472.28,Poland
3959,1007,2024-05-17,2024-05-18,2024-05-27,615.3750911603975,106.13,Shipped,Debit Card,509.25,Canada
3960,1029,2024-09-07,2024-09-09,2024-09-18,59.42763007144385,4.1,Shipped,Debit Card,55.33,France
3961,1395,2023-06-18,2023-06-19,2023-06-25,490.8904014808287,33.37,Shipped,Bank Transfer,457.52,Canada
3962,1033,2023-12-22,2023-12-24,2024-01-06,965.3242788432088,173.75,Shipped,Debit Card,791.57,USA
3963,1134,2024-12-06,2024-12-08,2024-12-17,543.0806661230713,5.41,Cancelled,Credit Card,537.67,France
3964,1367,2024-06-14,2024-06-16,2024-06-22,693.6651540860055,48.58,Shipped,Credit Card,645.09,Spain
3965,1079,2023-09-11,2023-09-12,2023-09-21,346.27066502103906,8.22,Shipped,Credit Card,338.05,Canada
3966,1416,2023-02-06,2023-02-07,2023-02-17,785.2918092451245,4.55,Processing,PayPal,780.74,Netherlands
3967,1435,2023-01-13,2023-01-16,2023-01-21,784.2754077823093,17.7,Returned,PayPal,766.58,France
3968,1459,2023-09-22,2023-09-24,2023-10-06,545.231245271432,47.03,Processing,Debit Card,498.2,France
3969,1058,2023-04-29,2023-04-30,2023-05-07,977.213132115253,134.26,Pending,Bank Transfer,842.95,Canada
3970,1471,2024-03-22,2024-03-24,2024-04-06,169.2727040245207,9.79,Delivered,Bank Transfer,159.48,Poland
3971,1026,2024-08-28,2024-08-31,2024-09-14,66.10028164510194,11.23,Shipped,Bank Transfer,54.87,France
3972,1482,2023-02-15,2023-02-17,2023-02-26,781.6503011692412,68.41,Shipped,PayPal,713.24,Netherlands
3973,1430,2023-01-03,2023-01-04,2023-01-15,816.7977604966384,158.17,Shipped,Credit Card,658.63,Spain
3974,1226,2024-05-25,2024-05-26,2024-06-01,164.19686766454743,31.33,Delivered,Credit Card,132.87,Germany
3975,1285,2024-01-24,2024-01-27,2024-02-10,302.30369131067573,46.75,Processing,PayPal,255.55,UK
3976,1004,2024-07-24,2024-07-27,2024-08-10,66.67474519829747,12.43,Delivered,Bank Transfer,54.24,France
3977,1465,2023-10-30,2023-11-02,2023-11-07,328.64318024153647,46.48,Delivered,Bank Transfer,282.16,Germany
3978,1099,2024-09-12,2024-09-14,2024-09-27,784.484780222738,140.51,Shipped,Debit Card,643.97,Netherlands
3979,1397,2023-04-07,2023-04-09,2023-04-23,542.06250132695,25.64,Shipped,Debit Card,516.42,Netherlands
3980,1489,2024-01-11,2024-01-13,2024-01-23,380.6908135098737,26.3,Processing,Bank Transfer,354.39,Germany
3981,1039,2024-09-11,2024-09-12,2024-09-20,403.15233016101377,60.71,Delivered,PayPal,342.44,Spain
3982,1271,2023-11-16,2023-11-18,2023-11-24,51.285944429694744,4.35,Shipped,Bank Transfer,46.94,Canada
3983,1375,2024-04-19,2024-04-22,2024-05-04,334.8105011869741,56.07,Shipped,Debit Card,278.74,France
3984,1285,2024-06-27,2024-06-30,2024-07-08,664.1358045560339,116.57,Shipped,Bank Transfer,547.57,UK
3985,1157,2024-06-04,2024-06-07,2024-06-20,975.4847216255392,58.48,Returned,PayPal,917.0,UK
3986,1075,2023-07-19,2023-07-21,2023-07-26,854.7077856347046,140.76,Shipped,Credit Card,713.95,Canada
3987,1372,2024-08-21,2024-08-22,2024-09-02,72.41521641325267,2.23,Cancelled,PayPal,70.19,Canada
3988,1288,2024-08-10,2024-08-11,2024-08-17,903.6325744410974,60.4,Shipped,PayPal,843.23,UK
3989,1130,2024-10-14,2024-10-16,2024-10-24,794.0384926336947,82.26,Pending,Debit Card,711.78,Spain
3990,1175,2024-08-18,2024-08-20,2024-08-27,791.3573173924314,35.84,Processing,PayPal,755.52,UK
3991,1462,2024-07-13,2024-07-16,2024-07-28,485.09597105339293,56.2,Shipped,PayPal,428.9,Germany
3992,1084,2023-05-20,2023-05-21,2023-05-31,428.1050283067777,49.55,Processing,Debit Card,378.56,USA
3993,1022,2023-10-09,2023-10-11,2023-10-17,337.769942391533,13.98,Pending,Debit Card,323.79,Spain
3994,1459,2023-12-26,2023-12-28,2024-01-07,112.41011600664748,17.89,Cancelled,Credit Card,94.52,France
3995,1027,2024-10-01,2024-10-03,2024-10-08,266.82359531901415,33.71,Delivered,Bank Transfer,233.11,Netherlands
3996,1195,2024-12-29,2024-12-30,2025-01-04,284.2734532291234,18.07,Delivered,PayPal,266.2,Poland
3997,1337,2023-01-13,2023-01-16,2023-01-29,509.87321622469153,23.68,Processing,Debit Card,486.19,USA
3998,1382,2023-04-05,2023-04-08,2023-04-17,760.0721862668593,133.58,Processing,Credit Card,626.49,UK
3999,1236,2023-01-25,2023-01-26,2023-02-05,500.11933697804926,83.59,Pending,Bank Transfer,416.53,Spain
4000,1440,2023-03-28,2023-03-30,2023-04-09,104.95222697480258,4.82,Delivered,Debit Card,100.13,Germany
4001,1092,2024-09-29,2024-10-02,2024-10-10,959.9003109387937,6.84,Cancelled,Bank Transfer,953.06,USA
4002,1477,2023-04-13,2023-04-15,2023-04-25,945.5881031394066,152.15,Shipped,Bank Transfer,793.44,Canada
4003,1021,2024-07-28,2024-07-30,2024-08-05,795.9300659909879,97.98,Processing,PayPal,697.95,Spain
4004,1303,2023-09-11,2023-09-12,2023-09-24,991.7615064860096,20.01,Shipped,PayPal,971.75,Germany
4005,1464,2024-09-07,2024-09-08,2024-09-14,567.2582161602497,66.64,Shipped,Debit Card,500.62,USA
4006,1357,2023-08-24,2023-08-27,2023-09-04,964.6299327405458,87.24,Shipped,Bank Transfer,877.39,UK
4007,1443,2024-11-30,2024-12-01,2024-12-08,121.82478858591324,18.87,Delivered,Debit Card,102.95,France
4008,1084,2024-03-05,2024-03-07,2024-03-18,397.39671084830275,16.62,Delivered,Debit Card,380.78,USA
4009,1262,2023-02-09,2023-02-10,2023-02-21,264.11220460642755,23.94,Processing,Bank Transfer,240.17,UK
4010,1147,2023-06-28,2023-06-30,2023-07-09,236.04142992755652,7.38,Pending,Debit Card,228.66,Netherlands
4011,1441,2023-12-17,2023-12-18,2024-01-01,183.76280144804227,35.19,Returned,Bank Transfer,148.57,France
4012,1453,2023-03-25,2023-03-26,2023-04-06,641.2929594876969,99.88,Processing,Bank Transfer,541.41,Germany
4013,1387,2023-10-07,2023-10-09,2023-10-20,792.2557629599398,116.73,Pending,Bank Transfer,675.53,Poland
4014,1257,2023-06-15,2023-06-16,2023-06-24,599.3834794493426,82.74,Processing,Bank Transfer,516.64,Germany
4015,1058,2023-08-14,2023-08-16,2023-08-26,189.6145741087992,16.05,Pending,Credit Card,173.56,Canada
4016,1380,2024-10-06,2024-10-08,2024-10-22,820.5675814367974,151.52,Shipped,Bank Transfer,669.05,USA
4017,1422,2024-05-16,2024-05-19,2024-06-01,654.1569718055421,9.54,Delivered,PayPal,644.62,Canada
4018,1015,2024-09-10,2024-09-12,2024-09-21,418.75742082064573,67.27,Shipped,PayPal,351.49,Germany
4019,1162,2024-02-13,2024-02-14,2024-02-19,690.4237807592598,29.72,Shipped,PayPal,660.7,Germany
4020,1445,2023-05-17,2023-05-20,2023-05-30,296.9097302806912,19.24,Delivered,Bank Transfer,277.67,France
4021,1163,2023-05-30,2023-06-02,2023-06-13,377.9325980695,39.26,Shipped,PayPal,338.67,Canada
4022,1320,2024-08-02,2024-08-03,2024-08-08,921.6115509753907,144.26,Cancelled,Credit Card,777.35,UK
4023,1497,2024-06-15,2024-06-16,2024-06-29,325.97928038784937,54.67,Cancelled,Debit Card,271.31,Netherlands
4024,1281,2024-05-06,2024-05-08,2024-05-19,496.48885475003976,57.96,Pending,Bank Transfer,438.53,UK
4025,1280,2024-01-27,2024-01-28,2024-02-10,895.6340805262139,72.19,Delivered,PayPal,823.44,USA
4026,1012,2023-08-05,2023-08-07,2023-08-14,722.3352827541511,136.74,Shipped,Credit Card,585.6,USA
4027,1274,2024-11-14,2024-11-16,2024-11-25,109.0930648564676,5.38,Returned,Debit Card,103.71,Netherlands
4028,1271,2023-09-30,2023-10-03,2023-10-08,189.93789206502183,30.51,Shipped,Credit Card,159.43,Canada
4029,1492,2024-11-21,2024-11-22,2024-11-30,57.449511233320976,7.03,Returned,PayPal,50.42,Spain
4030,1208,2023-11-15,2023-11-16,2023-11-25,649.3757007177052,48.95,Delivered,Credit Card,600.43,Germany
4031,1027,2024-09-12,2024-09-13,2024-09-25,475.2897541398974,0.13,Processing,Debit Card,475.16,Netherlands
4032,1072,2024-02-01,2024-02-03,2024-02-12,177.56110835716174,15.86,Shipped,PayPal,161.7,USA
4033,1060,2024-08-13,2024-08-14,2024-08-19,960.037415003932,53.13,Returned,Debit Card,906.91,Spain
4034,1430,2023-05-01,2023-05-04,2023-05-10,553.1767377483388,11.54,Cancelled,Credit Card,541.64,Spain
4035,1473,2024-08-04,2024-08-05,2024-08-10,279.79862940724473,4.21,Pending,Bank Transfer,275.59,Canada
4036,1145,2024-05-19,2024-05-20,2024-05-29,525.5733925969721,36.53,Delivered,Bank Transfer,489.04,Canada
4037,1093,2024-12-27,2024-12-28,2025-01-07,695.6393160983524,85.53,Shipped,Bank Transfer,610.11,Germany
4038,1309,2024-12-18,2024-12-19,2025-01-01,122.42725707488626,20.51,Pending,Bank Transfer,101.92,Canada
4039,1008,2024-08-17,2024-08-18,2024-08-23,310.96862429549736,11.42,Shipped,Debit Card,299.55,France
4040,1079,2023-09-26,2023-09-28,2023-10-08,816.6172163397939,69.35,Processing,Bank Transfer,747.27,Canada
4041,1027,2024-11-29,2024-12-01,2024-12-06,486.6816268825282,38.15,Delivered,Debit Card,448.53,Netherlands
4042,1174,2023-12-16,2023-12-18,2023-12-25,569.2482849306801,58.45,Shipped,PayPal,510.8,Poland
4043,1050,2024-02-11,2024-02-13,2024-02-20,461.1752020989958,74.67,Delivered,Bank Transfer,386.51,France
4044,1500,2024-02-07,2024-02-10,2024-02-21,91.70494551085486,10.15,Pending,Debit Card,81.55,France
4045,1199,2023-03-09,2023-03-12,2023-03-26,207.46229082914815,35.13,Shipped,Bank Transfer,172.33,France
4046,1387,2023-02-26,2023-02-28,2023-03-08,473.26455680479637,49.08,Processing,Bank Transfer,424.18,Poland
4047,1349,2024-11-08,2024-11-10,2024-11-21,248.72619213753143,30.04,Processing,Bank Transfer,218.69,Germany
4048,1448,2023-04-22,2023-04-23,2023-05-04,97.4800772266948,8.53,Pending,Debit Card,88.95,USA
4049,1428,2023-06-27,2023-06-29,2023-07-13,851.4671808492326,140.17,Processing,Credit Card,711.3,USA
4050,1181,2024-06-14,2024-06-15,2024-06-23,982.13290270591,181.46,Shipped,Bank Transfer,800.67,Netherlands
4051,1024,2023-04-16,2023-04-17,2023-04-23,803.4857302969025,102.71,Processing,Bank Transfer,700.78,France
4052,1316,2024-04-08,2024-04-10,2024-04-15,861.0956756194337,141.35,Shipped,PayPal,719.75,USA
4053,1378,2024-10-23,2024-10-24,2024-11-07,279.87827380119313,3.3,Shipped,Credit Card,276.58,UK
4054,1387,2023-09-21,2023-09-22,2023-10-02,962.5956267375398,174.44,Cancelled,Debit Card,788.16,Poland
4055,1404,2023-10-01,2023-10-03,2023-10-16,237.07941923075697,8.96,Cancelled,PayPal,228.12,UK
4056,1046,2023-01-26,2023-01-27,2023-02-04,953.8583198437407,48.94,Shipped,Bank Transfer,904.92,Canada
4057,1015,2023-01-26,2023-01-28,2023-02-09,995.0783292676534,10.61,Shipped,PayPal,984.47,Germany
4058,1153,2023-05-18,2023-05-21,2023-05-27,726.1366654587463,140.2,Processing,PayPal,585.94,Netherlands
4059,1222,2024-07-19,2024-07-21,2024-08-02,982.0865452022308,167.35,Returned,Bank Transfer,814.74,Canada
4060,1206,2024-09-22,2024-09-25,2024-09-30,591.0627905887485,107.95,Pending,Credit Card,483.11,USA
4061,1455,2024-02-11,2024-02-13,2024-02-24,296.56469401728583,50.25,Processing,Credit Card,246.31,USA
4062,1273,2024-09-02,2024-09-05,2024-09-14,465.1460913823398,44.61,Processing,PayPal,420.54,Poland
4063,1382,2024-12-04,2024-12-07,2024-12-19,613.8828886098466,113.46,Shipped,Bank Transfer,500.42,UK
4064,1236,2024-05-01,2024-05-03,2024-05-09,119.42748392566423,23.16,Processing,Debit Card,96.27,Spain
4065,1340,2024-05-16,2024-05-17,2024-05-30,641.2261013863838,64.45,Delivered,PayPal,576.78,USA
4066,1228,2024-03-22,2024-03-24,2024-03-29,982.1189449241798,34.5,Processing,Debit Card,947.62,France
4067,1009,2024-04-19,2024-04-20,2024-04-29,230.60226729454124,30.38,Delivered,PayPal,200.22,Canada
4068,1166,2024-03-02,2024-03-04,2024-03-11,802.9653604739641,156.65,Processing,PayPal,646.32,Germany
4069,1432,2024-10-25,2024-10-28,2024-11-03,912.5038540906384,159.17,Pending,Bank Transfer,753.33,UK
4070,1444,2024-03-07,2024-03-10,2024-03-15,946.5165131792098,163.14,Cancelled,Bank Transfer,783.38,France
4071,1319,2024-01-12,2024-01-13,2024-01-24,962.1288241851748,179.69,Processing,Debit Card,782.44,Germany
4072,1214,2023-12-24,2023-12-25,2023-12-31,545.3866567853984,97.51,Delivered,Debit Card,447.88,UK
4073,1117,2023-08-15,2023-08-16,2023-08-30,978.4425125919284,151.91,Shipped,Credit Card,826.53,Germany
4074,1386,2024-01-24,2024-01-25,2024-02-04,769.4446967777169,110.53,Pending,Bank Transfer,658.91,Netherlands
4075,1344,2023-01-05,2023-01-08,2023-01-17,203.5878644251138,10.78,Returned,PayPal,192.81,France
4076,1072,2024-10-25,2024-10-27,2024-11-05,503.0551011445715,62.51,Processing,PayPal,440.55,USA
4077,1395,2024-01-29,2024-02-01,2024-02-10,732.4146166034038,76.39,Cancelled,Credit Card,656.02,Canada
4078,1064,2024-09-19,2024-09-20,2024-10-01,284.9733000281292,49.13,Processing,Bank Transfer,235.84,France
4079,1205,2023-05-30,2023-06-01,2023-06-13,658.584424371443,64.77,Cancelled,PayPal,593.81,UK
4080,1209,2024-08-04,2024-08-07,2024-08-14,683.2704550942883,17.46,Pending,Credit Card,665.81,Spain
4081,1072,2023-06-16,2023-06-18,2023-06-29,204.5647566181376,0.2,Shipped,Credit Card,204.36,USA
4082,1277,2024-05-28,2024-05-29,2024-06-03,586.8310468301185,79.56,Delivered,PayPal,507.27,Netherlands
4083,1274,2023-11-22,2023-11-23,2023-12-06,783.0455654296773,86.12,Cancelled,PayPal,696.93,Netherlands
4084,1478,2024-09-12,2024-09-15,2024-09-21,523.9508813091448,34.68,Cancelled,Debit Card,489.27,USA
4085,1320,2023-04-03,2023-04-06,2023-04-13,61.497960937302054,2.08,Delivered,Bank Transfer,59.42,UK
4086,1338,2024-09-15,2024-09-16,2024-09-28,58.58654562532757,5.47,Cancelled,Debit Card,53.12,Netherlands
4087,1366,2023-03-03,2023-03-06,2023-03-18,389.1778767715116,7.81,Processing,Credit Card,381.37,Germany
4088,1495,2024-07-20,2024-07-23,2024-07-29,929.8843650101929,62.51,Processing,PayPal,867.37,Spain
4089,1095,2023-09-10,2023-09-12,2023-09-17,267.24294062342835,20.27,Processing,Debit Card,246.97,Spain
4090,1166,2024-11-09,2024-11-10,2024-11-15,652.6455044281028,60.78,Shipped,Credit Card,591.87,Germany
4091,1032,2023-06-15,2023-06-16,2023-06-30,260.97207715865454,24.35,Shipped,Bank Transfer,236.62,Canada
4092,1011,2024-01-03,2024-01-06,2024-01-20,355.5864901765712,18.28,Shipped,PayPal,337.31,Poland
4093,1301,2024-07-20,2024-07-21,2024-07-26,855.6399851214097,145.49,Processing,Debit Card,710.15,France
4094,1217,2023-03-09,2023-03-10,2023-03-21,742.4183701564496,52.79,Delivered,Bank Transfer,689.63,Germany
4095,1289,2024-03-05,2024-03-07,2024-03-12,140.6293134475501,6.46,Processing,Debit Card,134.17,Canada
4096,1102,2024-11-13,2024-11-15,2024-11-26,457.26691993711194,16.08,Shipped,Credit Card,441.19,Canada
4097,1425,2023-08-30,2023-08-31,2023-09-06,77.71127546300124,5.01,Shipped,Bank Transfer,72.7,UK
4098,1392,2023-12-26,2023-12-28,2024-01-11,506.84563927285853,6.85,Delivered,Debit Card,500.0,Poland
4099,1267,2024-08-03,2024-08-05,2024-08-11,679.3123111160147,4.47,Delivered,Bank Transfer,674.84,Germany
4100,1214,2024-06-16,2024-06-18,2024-06-25,162.577492418244,19.68,Delivered,Credit Card,142.9,UK
4101,1179,2024-08-29,2024-08-31,2024-09-13,324.44069196370737,40.18,Processing,Bank Transfer,284.26,Canada
4102,1088,2023-08-17,2023-08-18,2023-08-24,427.9447942270491,45.33,Shipped,Debit Card,382.61,UK
4103,1041,2023-08-24,2023-08-26,2023-09-09,923.5544734232473,140.8,Pending,Credit Card,782.75,Canada
4104,1401,2023-12-19,2023-12-20,2024-01-03,993.5922646518159,7.78,Shipped,PayPal,985.81,USA
4105,1076,2024-07-12,2024-07-13,2024-07-26,92.66573404583507,17.35,Shipped,Debit Card,75.32,UK
4106,1377,2023-05-04,2023-05-05,2023-05-11,772.9575273206225,14.7,Pending,Debit Card,758.26,Poland
4107,1046,2023-07-20,2023-07-22,2023-07-28,403.1378630822261,54.34,Processing,Credit Card,348.8,Canada
4108,1160,2024-04-06,2024-04-09,2024-04-21,422.83527691800606,11.28,Returned,Credit Card,411.56,Spain
4109,1463,2023-09-30,2023-10-03,2023-10-17,766.5517246796716,134.9,Returned,PayPal,631.65,Spain
4110,1080,2024-04-09,2024-04-12,2024-04-24,922.5051105381382,94.23,Shipped,Debit Card,828.28,Canada
4111,1310,2023-03-06,2023-03-07,2023-03-16,953.3821647774209,15.69,Pending,Credit Card,937.69,Germany
4112,1086,2024-04-28,2024-05-01,2024-05-10,598.2664567364047,73.79,Processing,PayPal,524.48,Canada
4113,1092,2023-01-24,2023-01-26,2023-01-31,389.26510133547765,0.71,Shipped,PayPal,388.56,USA
4114,1148,2023-08-17,2023-08-20,2023-08-29,798.1716315658402,123.88,Cancelled,Credit Card,674.29,Spain
4115,1161,2024-12-30,2025-01-02,2025-01-09,288.45131409918525,37.53,Processing,Debit Card,250.92,USA
4116,1202,2024-03-07,2024-03-08,2024-03-15,585.8703273918419,24.91,Delivered,Bank Transfer,560.96,Spain
4117,1424,2023-07-12,2023-07-13,2023-07-26,390.6495384486295,29.28,Processing,Bank Transfer,361.37,Poland
4118,1416,2023-04-28,2023-04-30,2023-05-05,673.7995200224823,1.05,Returned,PayPal,672.75,Netherlands
4119,1242,2023-02-03,2023-02-04,2023-02-16,278.37896724883154,38.62,Shipped,Bank Transfer,239.76,Poland
4120,1353,2024-09-18,2024-09-19,2024-09-28,232.01329844808447,14.97,Delivered,Bank Transfer,217.04,Canada
4121,1002,2023-03-30,2023-04-02,2023-04-10,922.3271323416652,105.44,Shipped,Credit Card,816.89,Spain
4122,1225,2024-11-22,2024-11-24,2024-12-07,146.71349880206006,28.07,Delivered,PayPal,118.64,Canada
4123,1289,2024-09-29,2024-10-01,2024-10-13,530.6600123481851,31.78,Processing,Debit Card,498.88,Canada
4124,1233,2024-10-13,2024-10-15,2024-10-23,259.81014381485846,51.45,Processing,PayPal,208.36,Poland
4125,1461,2023-06-25,2023-06-28,2023-07-03,86.98346515938408,11.01,Cancelled,Credit Card,75.97,USA
4126,1414,2024-08-08,2024-08-11,2024-08-22,84.21787737685507,4.08,Cancelled,Bank Transfer,80.14,UK
4127,1417,2024-02-02,2024-02-04,2024-02-11,216.46068350053596,18.91,Cancelled,Debit Card,197.55,Spain
4128,1077,2024-01-04,2024-01-05,2024-01-11,873.4318367807002,129.35,Delivered,PayPal,744.08,USA
4129,1116,2024-08-01,2024-08-03,2024-08-13,318.3548067781753,28.43,Delivered,Bank Transfer,289.92,UK
4130,1154,2024-04-04,2024-04-06,2024-04-15,952.936212046531,13.06,Pending,PayPal,939.88,Poland
4131,1406,2024-06-05,2024-06-06,2024-06-11,602.5411783397338,20.32,Shipped,Debit Card,582.22,France
4132,1103,2024-02-01,2024-02-04,2024-02-11,464.7834802803278,73.56,Shipped,PayPal,391.22,Canada
4133,1194,2023-10-15,2023-10-18,2023-10-28,601.0843929359819,77.95,Delivered,PayPal,523.13,France
4134,1166,2024-06-19,2024-06-22,2024-06-29,540.8634659649545,61.64,Shipped,PayPal,479.22,Germany
4135,1359,2023-06-17,2023-06-19,2023-07-03,770.8374410694589,25.84,Processing,Bank Transfer,745.0,Poland
4136,1090,2023-12-21,2023-12-22,2024-01-03,318.3712626742097,53.34,Shipped,Debit Card,265.03,Canada
4137,1174,2024-11-24,2024-11-27,2024-12-04,385.39787202028725,74.05,Delivered,Debit Card,311.35,Poland
4138,1122,2023-01-11,2023-01-13,2023-01-26,899.3895874065882,7.35,Shipped,Bank Transfer,892.04,Spain
4139,1498,2024-02-13,2024-02-15,2024-02-22,949.1336874928852,14.81,Processing,Bank Transfer,934.32,UK
4140,1143,2023-01-03,2023-01-06,2023-01-13,897.9303161121508,158.88,Processing,Bank Transfer,739.05,Canada
4141,1482,2024-04-16,2024-04-19,2024-05-01,448.4755942594479,73.15,Processing,Credit Card,375.33,Netherlands
4142,1106,2023-05-14,2023-05-17,2023-05-26,791.3472278565376,97.8,Processing,PayPal,693.55,Spain
4143,1375,2023-08-24,2023-08-26,2023-09-05,502.51894663604384,94.97,Delivered,PayPal,407.55,France
4144,1428,2023-02-04,2023-02-07,2023-02-17,522.6628595387971,67.57,Delivered,Debit Card,455.09,USA
4145,1305,2024-02-16,2024-02-17,2024-02-23,244.44610360441976,10.56,Delivered,PayPal,233.89,Germany
4146,1360,2023-06-08,2023-06-09,2023-06-18,611.5737880955907,89.12,Shipped,Credit Card,522.45,Netherlands
4147,1459,2024-06-09,2024-06-10,2024-06-22,226.82910286568054,29.29,Delivered,Bank Transfer,197.54,France
4148,1317,2024-09-27,2024-09-30,2024-10-07,364.9864641138341,71.96,Processing,Debit Card,293.03,Canada
4149,1451,2023-03-31,2023-04-02,2023-04-09,862.2786915389383,36.89,Shipped,Debit Card,825.39,Germany
4150,1123,2024-06-22,2024-06-23,2024-07-05,246.72201875031246,29.5,Delivered,PayPal,217.22,USA
4151,1390,2024-04-30,2024-05-03,2024-05-10,117.60037091476117,18.35,Processing,Debit Card,99.25,Canada
4152,1009,2024-04-07,2024-04-08,2024-04-15,115.55721298217549,7.83,Processing,Bank Transfer,107.73,Canada
4153,1262,2024-06-06,2024-06-07,2024-06-16,943.7452944779525,71.66,Cancelled,Debit Card,872.09,UK
4154,1073,2023-11-16,2023-11-18,2023-11-24,531.5744160637429,94.4,Shipped,Bank Transfer,437.17,Spain
4155,1359,2024-08-06,2024-08-07,2024-08-18,438.9414682261674,35.48,Delivered,Credit Card,403.46,Poland
4156,1223,2024-01-18,2024-01-21,2024-01-30,820.3346519575225,102.5,Pending,Credit Card,717.83,Canada
4157,1416,2024-07-21,2024-07-22,2024-07-30,844.0346315149902,150.11,Delivered,Bank Transfer,693.92,Netherlands
4158,1041,2024-07-13,2024-07-14,2024-07-22,365.5814814598244,15.34,Shipped,PayPal,350.24,Canada
4159,1370,2023-12-15,2023-12-17,2023-12-26,708.9371546001055,139.22,Pending,Debit Card,569.72,Poland
4160,1204,2023-11-14,2023-11-15,2023-11-29,782.5666750592923,109.87,Delivered,PayPal,672.7,Canada
4161,1264,2023-08-21,2023-08-22,2023-08-30,671.9181525226568,66.67,Processing,Debit Card,605.25,UK
4162,1328,2023-02-13,2023-02-15,2023-02-23,194.0153210600944,16.72,Shipped,Credit Card,177.3,France
4163,1178,2023-04-24,2023-04-25,2023-05-01,882.0889293412042,168.37,Pending,Credit Card,713.72,Netherlands
4164,1348,2023-10-04,2023-10-07,2023-10-17,562.1398250992082,23.13,Processing,Credit Card,539.01,Spain
4165,1318,2024-03-16,2024-03-17,2024-03-27,318.3488050515035,19.84,Processing,Debit Card,298.51,Spain
4166,1084,2023-03-08,2023-03-09,2023-03-17,453.9667761658092,27.95,Pending,Credit Card,426.02,USA
4167,1318,2024-02-21,2024-02-24,2024-03-04,85.69253587896202,4.95,Cancelled,Credit Card,80.74,Spain
4168,1111,2023-01-27,2023-01-30,2023-02-11,171.47346116129668,16.07,Pending,Credit Card,155.4,Spain
4169,1251,2023-09-05,2023-09-06,2023-09-20,777.2694129900678,153.77,Shipped,Credit Card,623.5,Netherlands
4170,1383,2023-11-18,2023-11-20,2023-11-25,50.01105301759783,8.89,Processing,PayPal,41.12,Canada
4171,1007,2023-09-20,2023-09-23,2023-10-01,445.73753705817757,29.24,Shipped,Credit Card,416.5,Canada
4172,1459,2024-10-01,2024-10-02,2024-10-12,546.384672031309,46.21,Cancelled,Credit Card,500.17,France
4173,1084,2024-08-30,2024-09-02,2024-09-07,101.90269900092369,13.64,Processing,PayPal,88.26,USA
4174,1208,2023-06-29,2023-06-30,2023-07-12,974.4242548237162,3.34,Returned,PayPal,971.08,Germany
4175,1388,2023-12-03,2023-12-06,2023-12-14,264.8190646871883,43.44,Processing,Debit Card,221.38,UK
4176,1390,2024-10-19,2024-10-22,2024-11-01,338.98878365446683,59.65,Delivered,Bank Transfer,279.34,Canada
4177,1314,2023-09-29,2023-10-01,2023-10-10,338.74538664227595,58.07,Shipped,Credit Card,280.68,Canada
4178,1022,2024-08-16,2024-08-19,2024-08-29,268.8958290114824,20.17,Cancelled,Credit Card,248.73,Spain
4179,1410,2024-08-15,2024-08-17,2024-08-24,51.400130981995844,4.75,Shipped,Credit Card,46.65,Poland
4180,1383,2023-09-20,2023-09-22,2023-10-02,742.8775543835966,1.84,Shipped,Debit Card,741.04,Canada
4181,1003,2023-07-26,2023-07-29,2023-08-03,968.5032248093211,77.36,Processing,Credit Card,891.14,Poland
4182,1127,2024-07-08,2024-07-11,2024-07-24,263.0788091207928,24.23,Processing,Bank Transfer,238.85,Canada
4183,1297,2023-08-09,2023-08-10,2023-08-20,679.8948322132513,123.33,Cancelled,PayPal,556.56,Poland
4184,1188,2023-03-11,2023-03-13,2023-03-21,754.8015106107794,134.96,Shipped,Debit Card,619.84,UK
4185,1362,2024-07-21,2024-07-22,2024-08-04,856.0041101359985,165.4,Shipped,PayPal,690.6,France
4186,1014,2023-05-17,2023-05-20,2023-06-03,451.4977371629287,79.92,Delivered,Credit Card,371.58,Poland
4187,1459,2024-11-18,2024-11-21,2024-11-29,337.78436035840775,0.55,Shipped,Credit Card,337.23,France
4188,1466,2023-05-09,2023-05-10,2023-05-19,359.03037732187954,46.06,Returned,Credit Card,312.97,Netherlands
4189,1012,2023-09-03,2023-09-06,2023-09-20,726.9902664435872,9.92,Delivered,Bank Transfer,717.07,USA
4190,1087,2024-09-07,2024-09-10,2024-09-21,825.9404931803542,45.03,Shipped,Bank Transfer,780.91,UK
4191,1012,2023-09-14,2023-09-16,2023-09-25,222.53326936877252,25.74,Cancelled,Debit Card,196.79,USA
4192,1397,2024-03-17,2024-03-18,2024-03-28,402.39395774987696,56.38,Pending,PayPal,346.01,Netherlands
4193,1025,2024-12-23,2024-12-24,2025-01-03,906.8431869116926,118.73,Processing,Credit Card,788.11,UK
4194,1301,2024-10-25,2024-10-28,2024-11-03,816.3588437100022,8.01,Shipped,Credit Card,808.35,France
4195,1243,2023-03-07,2023-03-09,2023-03-18,985.615482624352,20.42,Processing,Credit Card,965.2,Poland
4196,1122,2023-04-16,2023-04-19,2023-05-01,766.5358466979767,19.71,Delivered,Credit Card,746.83,Spain
4197,1147,2023-02-11,2023-02-14,2023-02-26,423.53544097652616,7.74,Cancelled,Bank Transfer,415.8,Netherlands
4198,1055,2023-07-23,2023-07-26,2023-08-09,611.1059422949058,21.78,Shipped,PayPal,589.33,Germany
4199,1238,2023-02-12,2023-02-15,2023-02-21,677.9635415349543,93.35,Shipped,PayPal,584.61,Canada
4200,1356,2023-02-18,2023-02-21,2023-03-06,124.53302550126776,20.69,Returned,Debit Card,103.84,Germany
4201,1173,2024-05-17,2024-05-20,2024-05-25,567.2721111486718,46.38,Shipped,Bank Transfer,520.89,Poland
4202,1392,2024-12-11,2024-12-13,2024-12-24,723.8547870489791,100.29,Shipped,Credit Card,623.56,Poland
4203,1221,2024-06-02,2024-06-05,2024-06-19,208.95523880100737,8.36,Shipped,PayPal,200.6,Netherlands
4204,1119,2023-08-01,2023-08-02,2023-08-11,791.6001315542793,154.09,Cancelled,PayPal,637.51,Netherlands
4205,1309,2024-08-21,2024-08-22,2024-09-03,604.5841414884061,42.32,Shipped,Bank Transfer,562.26,Canada
4206,1183,2023-08-02,2023-08-05,2023-08-18,954.6106964127149,161.49,Delivered,Debit Card,793.12,Canada
4207,1288,2024-09-29,2024-10-02,2024-10-12,90.30118329654711,17.07,Delivered,Debit Card,73.23,UK
4208,1307,2024-05-30,2024-06-02,2024-06-09,302.05983067769364,52.24,Shipped,Credit Card,249.82,Netherlands
4209,1300,2024-03-01,2024-03-04,2024-03-11,621.4761853348328,8.34,Shipped,Debit Card,613.14,Germany
4210,1082,2024-12-03,2024-12-04,2024-12-18,331.7319165956342,43.15,Delivered,PayPal,288.58,Poland
4211,1454,2024-03-08,2024-03-10,2024-03-15,728.7029558676801,17.5,Shipped,Debit Card,711.2,UK
4212,1402,2023-11-05,2023-11-08,2023-11-18,771.0550183958344,0.87,Delivered,Credit Card,770.19,Spain
4213,1211,2024-04-04,2024-04-05,2024-04-15,147.39016586315074,1.53,Cancelled,PayPal,145.86,Netherlands
4214,1150,2023-01-20,2023-01-21,2023-01-26,538.1617409964293,98.61,Delivered,Debit Card,439.55,Canada
4215,1037,2024-10-08,2024-10-09,2024-10-16,533.4460278115031,96.92,Delivered,Debit Card,436.53,Netherlands
4216,1352,2023-01-16,2023-01-18,2023-01-28,400.81673170476404,18.1,Delivered,Bank Transfer,382.72,Spain
4217,1312,2024-10-07,2024-10-08,2024-10-19,936.2786194411885,102.44,Delivered,Credit Card,833.84,Canada
4218,1361,2023-05-13,2023-05-16,2023-05-22,836.1310038795601,159.71,Shipped,Debit Card,676.42,Germany
4219,1059,2024-06-27,2024-06-28,2024-07-11,712.3489128141549,70.77,Pending,Bank Transfer,641.58,Spain
4220,1131,2023-11-12,2023-11-15,2023-11-24,728.6103039482476,57.35,Shipped,PayPal,671.26,France
4221,1412,2024-10-29,2024-10-31,2024-11-08,488.6303366224631,47.23,Delivered,Bank Transfer,441.4,Germany
4222,1202,2024-01-24,2024-01-26,2024-02-06,924.944795041747,146.18,Shipped,Bank Transfer,778.76,Spain
4223,1243,2024-03-02,2024-03-03,2024-03-16,709.8656558906212,67.76,Delivered,Debit Card,642.11,Poland
4224,1035,2024-07-19,2024-07-20,2024-07-30,742.5320085730256,116.32,Shipped,Debit Card,626.21,Spain
4225,1445,2023-10-31,2023-11-02,2023-11-12,868.606358597978,75.0,Delivered,Debit Card,793.61,France
4226,1093,2023-04-22,2023-04-24,2023-05-04,310.36800987508144,15.64,Processing,Bank Transfer,294.73,Germany
4227,1438,2024-12-03,2024-12-05,2024-12-16,816.7173586733678,53.33,Delivered,PayPal,763.39,Poland
4228,1447,2024-01-17,2024-01-18,2024-01-31,235.47857280866742,3.67,Shipped,Credit Card,231.81,Germany
4229,1207,2023-06-09,2023-06-11,2023-06-17,378.07485463264345,37.61,Processing,Bank Transfer,340.46,France
4230,1353,2023-06-30,2023-07-02,2023-07-10,368.8299315563506,10.93,Processing,Debit Card,357.9,Canada
4231,1391,2024-01-12,2024-01-14,2024-01-24,979.5991949696835,159.0,Delivered,Credit Card,820.6,USA
4232,1332,2023-01-16,2023-01-19,2023-01-31,863.7103625605305,72.65,Shipped,PayPal,791.06,France
4233,1305,2023-09-10,2023-09-12,2023-09-25,716.1113685107467,109.57,Processing,Credit Card,606.54,Germany
4234,1350,2023-01-31,2023-02-01,2023-02-06,740.7039235346206,141.39,Returned,Debit Card,599.31,UK
4235,1213,2023-10-16,2023-10-19,2023-10-25,583.9691546824425,99.21,Delivered,Bank Transfer,484.76,France
4236,1159,2024-04-18,2024-04-19,2024-04-27,949.7361337530931,180.73,Returned,Bank Transfer,769.01,USA
4237,1442,2023-05-12,2023-05-14,2023-05-22,521.4458152382435,59.23,Shipped,Debit Card,462.22,UK
4238,1445,2024-06-04,2024-06-06,2024-06-13,411.4918243763998,13.61,Shipped,Bank Transfer,397.88,France
4239,1024,2023-10-28,2023-10-29,2023-11-09,204.88357008501146,38.33,Cancelled,Debit Card,166.55,France
4240,1404,2023-01-16,2023-01-18,2023-01-27,796.895369648005,138.42,Shipped,Bank Transfer,658.48,UK
4241,1293,2024-08-06,2024-08-08,2024-08-13,747.7217354718118,129.27,Delivered,Bank Transfer,618.45,USA
4242,1004,2024-05-17,2024-05-19,2024-05-28,415.13728659792815,57.56,Processing,Bank Transfer,357.58,France
4243,1220,2024-12-20,2024-12-23,2024-12-30,73.93374326126789,9.24,Shipped,PayPal,64.69,Spain
4244,1364,2023-03-06,2023-03-07,2023-03-13,847.0474613321102,2.49,Processing,PayPal,844.56,Poland
4245,1382,2023-10-28,2023-10-30,2023-11-06,60.84708428136995,9.1,Processing,Debit Card,51.75,UK
4246,1020,2023-06-01,2023-06-03,2023-06-16,718.5147906475984,13.15,Pending,PayPal,705.36,Poland
4247,1444,2023-06-12,2023-06-14,2023-06-25,971.7442542397542,50.48,Pending,Debit Card,921.26,France
4248,1152,2024-01-02,2024-01-03,2024-01-14,465.7782617407933,51.37,Returned,Credit Card,414.41,USA
4249,1050,2024-05-14,2024-05-15,2024-05-27,273.22473474615515,24.68,Processing,Credit Card,248.54,France
4250,1177,2024-05-25,2024-05-28,2024-06-06,719.6274595412126,2.27,Delivered,PayPal,717.36,Poland
4251,1435,2023-10-28,2023-10-30,2023-11-08,826.2717349148058,136.17,Delivered,Credit Card,690.1,France
4252,1096,2024-03-08,2024-03-11,2024-03-21,569.1088002739549,100.03,Shipped,Credit Card,469.08,UK
4253,1105,2024-01-21,2024-01-24,2024-02-04,968.6835114933389,132.1,Processing,Bank Transfer,836.58,Netherlands
4254,1420,2023-04-28,2023-04-29,2023-05-11,99.08528557506304,10.72,Delivered,Bank Transfer,88.37,France
4255,1250,2024-08-16,2024-08-18,2024-08-23,529.5558183893017,101.75,Delivered,Debit Card,427.81,France
4256,1117,2023-06-14,2023-06-16,2023-06-26,732.5312499564226,17.57,Delivered,Credit Card,714.96,Germany
4257,1354,2024-06-02,2024-06-04,2024-06-10,869.50844759172,128.32,Delivered,Debit Card,741.19,USA
4258,1228,2024-07-30,2024-08-01,2024-08-08,220.29283131240055,5.66,Returned,Debit Card,214.63,France
4259,1066,2024-11-13,2024-11-14,2024-11-20,810.0033076754974,61.86,Shipped,Credit Card,748.14,Germany
4260,1335,2024-12-21,2024-12-22,2024-12-30,575.0717219326181,67.34,Shipped,PayPal,507.73,Spain
4261,1418,2024-06-05,2024-06-06,2024-06-12,426.72599789046507,62.91,Delivered,Credit Card,363.82,USA
4262,1420,2024-04-09,2024-04-11,2024-04-19,175.12927715013888,0.13,Pending,Bank Transfer,175.0,France
4263,1262,2024-05-04,2024-05-05,2024-05-16,872.0309709634668,45.45,Cancelled,Credit Card,826.58,UK
4264,1295,2023-04-01,2023-04-03,2023-04-12,199.40954777072957,21.46,Processing,PayPal,177.95,USA
4265,1426,2024-12-30,2024-12-31,2025-01-06,344.2984662486443,36.69,Shipped,Debit Card,307.61,Poland
4266,1243,2023-12-23,2023-12-24,2024-01-06,325.54325536431503,41.51,Delivered,Debit Card,284.03,Poland
4267,1371,2023-02-27,2023-03-01,2023-03-09,877.8433324813116,53.35,Shipped,Bank Transfer,824.49,UK
4268,1186,2024-05-07,2024-05-08,2024-05-15,689.0678444984532,74.49,Shipped,Bank Transfer,614.58,Spain
4269,1246,2023-03-16,2023-03-17,2023-03-24,806.8473273318037,30.63,Shipped,Bank Transfer,776.22,Poland
4270,1125,2024-08-09,2024-08-10,2024-08-23,287.94450385287405,10.76,Cancelled,Debit Card,277.18,Spain
4271,1268,2023-10-31,2023-11-03,2023-11-10,643.6303946266489,74.22,Shipped,Bank Transfer,569.41,Netherlands
4272,1131,2023-06-13,2023-06-16,2023-06-27,593.1586839865613,81.32,Cancelled,Credit Card,511.84,France
4273,1237,2023-08-08,2023-08-10,2023-08-16,841.1888579488575,20.26,Pending,Debit Card,820.93,Spain
4274,1018,2023-07-07,2023-07-10,2023-07-19,910.7827074571975,22.37,Delivered,PayPal,888.41,Poland
4275,1040,2023-08-03,2023-08-06,2023-08-16,61.54893290351747,6.96,Delivered,Debit Card,54.59,Poland
4276,1021,2024-04-18,2024-04-20,2024-05-02,690.3189231058531,37.29,Processing,Credit Card,653.03,Spain
4277,1399,2024-06-14,2024-06-17,2024-06-22,99.24400916374256,7.79,Shipped,Credit Card,91.45,Germany
4278,1225,2024-04-19,2024-04-21,2024-04-27,571.4157318234882,45.8,Processing,Bank Transfer,525.62,Canada
4279,1355,2024-01-17,2024-01-19,2024-01-28,323.2510925914943,11.54,Delivered,Debit Card,311.71,Poland
4280,1282,2023-04-03,2023-04-04,2023-04-18,341.43776954603413,0.09,Shipped,Debit Card,341.35,France
4281,1008,2024-04-12,2024-04-14,2024-04-28,385.31057827973876,65.75,Delivered,Debit Card,319.56,France
4282,1100,2023-05-13,2023-05-15,2023-05-24,640.2278265971296,91.55,Processing,PayPal,548.68,France
4283,1240,2023-11-10,2023-11-13,2023-11-21,367.34746738533073,50.73,Processing,Bank Transfer,316.62,Canada
4284,1478,2024-06-03,2024-06-04,2024-06-13,746.0640980607664,81.55,Pending,Credit Card,664.51,USA
4285,1087,2024-08-25,2024-08-27,2024-09-01,434.3010162951762,60.89,Shipped,Credit Card,373.41,UK
4286,1298,2024-02-14,2024-02-16,2024-02-24,114.93554029446068,21.51,Shipped,Bank Transfer,93.43,Poland
4287,1428,2024-11-10,2024-11-11,2024-11-17,794.5718503599019,105.79,Cancelled,Credit Card,688.78,USA
4288,1014,2024-06-06,2024-06-09,2024-06-15,321.4704083630707,17.04,Delivered,Credit Card,304.43,Poland
4289,1334,2023-03-06,2023-03-09,2023-03-19,461.1285356192995,52.62,Shipped,Bank Transfer,408.51,Poland
4290,1002,2024-10-23,2024-10-25,2024-10-31,701.1716890608064,62.03,Returned,Credit Card,639.14,Spain
4291,1375,2023-07-28,2023-07-30,2023-08-13,365.8333492912764,40.71,Delivered,Debit Card,325.12,France
4292,1293,2023-07-05,2023-07-07,2023-07-16,103.75637333937985,10.74,Cancelled,PayPal,93.02,USA
4293,1325,2024-04-08,2024-04-10,2024-04-17,405.2249946621729,69.6,Shipped,Bank Transfer,335.62,Spain
4294,1422,2023-06-20,2023-06-21,2023-06-27,947.2261535595883,123.48,Processing,PayPal,823.75,Canada
4295,1493,2024-05-16,2024-05-19,2024-05-29,659.6476774336303,24.9,Pending,Credit Card,634.75,Poland
4296,1041,2023-03-09,2023-03-11,2023-03-23,687.9051912338466,8.67,Delivered,Credit Card,679.24,Canada
4297,1318,2024-07-05,2024-07-06,2024-07-20,650.6680459557579,55.22,Processing,Debit Card,595.45,Spain
4298,1316,2024-07-31,2024-08-02,2024-08-08,239.04253201146494,0.75,Shipped,Bank Transfer,238.29,USA
4299,1381,2023-08-25,2023-08-28,2023-09-11,447.4171708971661,28.48,Shipped,Credit Card,418.94,Spain
4300,1111,2024-10-22,2024-10-24,2024-11-07,763.3928084451524,56.19,Shipped,Bank Transfer,707.2,Spain
4301,1014,2024-01-11,2024-01-14,2024-01-27,146.30425267550117,10.99,Delivered,Bank Transfer,135.31,Poland
4302,1231,2023-07-15,2023-07-18,2023-07-30,313.96013728522666,61.5,Processing,Bank Transfer,252.46,Spain
4303,1473,2024-09-21,2024-09-23,2024-10-04,312.50315304256094,18.99,Shipped,Bank Transfer,293.51,Canada
4304,1084,2023-03-02,2023-03-03,2023-03-12,460.4179812147807,24.42,Delivered,Bank Transfer,436.0,USA
4305,1130,2024-07-16,2024-07-18,2024-07-29,981.3503038950759,25.39,Returned,PayPal,955.96,Spain
4306,1231,2023-01-08,2023-01-09,2023-01-21,114.12741934963084,11.66,Delivered,Debit Card,102.47,Spain
4307,1326,2024-01-10,2024-01-13,2024-01-18,542.7659446615653,16.68,Cancelled,Bank Transfer,526.09,Canada
4308,1145,2023-12-23,2023-12-25,2024-01-04,220.39644791159992,27.17,Delivered,PayPal,193.23,Canada
4309,1379,2024-09-24,2024-09-27,2024-10-06,972.1427181392569,30.17,Shipped,Credit Card,941.97,Netherlands
4310,1345,2024-08-28,2024-08-31,2024-09-07,157.63832949109099,18.18,Processing,Bank Transfer,139.46,Poland
4311,1028,2024-11-18,2024-11-19,2024-11-28,433.4209522435117,71.62,Delivered,Credit Card,361.8,Canada
4312,1066,2024-02-20,2024-02-23,2024-03-01,750.9907355928759,6.39,Delivered,Bank Transfer,744.6,Germany
4313,1163,2024-11-18,2024-11-20,2024-11-25,719.326706626073,60.39,Delivered,PayPal,658.94,Canada
4314,1229,2024-01-14,2024-01-15,2024-01-27,451.59220504923564,41.64,Shipped,PayPal,409.95,Germany
4315,1261,2023-03-05,2023-03-06,2023-03-12,379.1979595550823,59.99,Shipped,PayPal,319.21,Poland
4316,1449,2023-03-07,2023-03-10,2023-03-21,427.731759625227,40.03,Shipped,Debit Card,387.7,Spain
4317,1424,2024-04-02,2024-04-05,2024-04-14,301.0624500007073,34.17,Shipped,Credit Card,266.89,Poland
4318,1460,2023-09-16,2023-09-18,2023-10-02,245.06629177145982,38.78,Processing,Debit Card,206.29,Poland
4319,1440,2023-06-27,2023-06-30,2023-07-12,508.88771268094547,56.97,Delivered,Bank Transfer,451.92,Germany
4320,1164,2023-12-10,2023-12-11,2023-12-23,305.107068264227,21.86,Processing,Credit Card,283.25,Canada
4321,1301,2023-07-21,2023-07-23,2023-08-03,323.08858165238763,5.55,Pending,PayPal,317.54,France
4322,1407,2023-07-13,2023-07-14,2023-07-25,673.9182603008292,98.38,Shipped,Credit Card,575.54,Germany
4323,1303,2023-02-04,2023-02-05,2023-02-16,970.1104651148976,169.02,Delivered,PayPal,801.09,Germany
4324,1287,2023-08-09,2023-08-10,2023-08-19,623.4553405314064,120.96,Shipped,Debit Card,502.5,UK
4325,1395,2023-12-19,2023-12-21,2024-01-04,123.13049371171796,22.82,Processing,Debit Card,100.31,Canada
4326,1010,2023-04-27,2023-04-29,2023-05-13,121.80443316136363,19.43,Shipped,PayPal,102.37,Netherlands
4327,1195,2023-10-22,2023-10-24,2023-10-31,953.8520598032877,122.76,Shipped,PayPal,831.09,Poland
4328,1118,2024-06-01,2024-06-02,2024-06-15,332.42625079196694,51.96,Cancelled,Bank Transfer,280.47,USA
4329,1270,2023-02-05,2023-02-08,2023-02-15,137.46363677835166,11.88,Cancelled,Debit Card,125.58,UK
4330,1080,2023-08-21,2023-08-23,2023-08-28,619.0923577928625,73.64,Shipped,Debit Card,545.45,Canada
4331,1458,2023-07-25,2023-07-27,2023-08-01,642.4663393757528,44.81,Shipped,Bank Transfer,597.66,Poland
4332,1093,2024-04-14,2024-04-15,2024-04-22,666.0795791127538,43.52,Delivered,Debit Card,622.56,Germany
4333,1266,2024-03-29,2024-03-30,2024-04-06,304.03192646466425,46.01,Pending,PayPal,258.02,USA
4334,1332,2023-11-29,2023-12-02,2023-12-16,64.35515000375128,5.84,Shipped,Credit Card,58.52,France
4335,1350,2024-04-14,2024-04-15,2024-04-23,966.7646009817482,41.02,Shipped,Credit Card,925.74,UK
4336,1361,2024-01-11,2024-01-13,2024-01-24,288.34839340654736,11.65,Cancelled,Debit Card,276.7,Germany
4337,1257,2024-02-08,2024-02-10,2024-02-21,692.2249736499201,118.95,Pending,Bank Transfer,573.27,Germany
4338,1133,2024-02-01,2024-02-02,2024-02-10,721.2983763847741,97.77,Shipped,PayPal,623.53,UK
4339,1276,2024-05-19,2024-05-21,2024-05-29,629.5070462255114,68.75,Delivered,Credit Card,560.76,Poland
4340,1264,2023-01-13,2023-01-16,2023-01-30,347.2620245029658,27.85,Shipped,PayPal,319.41,UK
4341,1171,2023-08-12,2023-08-14,2023-08-21,307.54144107586245,26.5,Pending,Debit Card,281.04,Poland
4342,1460,2024-01-20,2024-01-22,2024-02-03,617.784868567568,7.1,Returned,Debit Card,610.68,Poland
4343,1001,2023-08-29,2023-09-01,2023-09-08,872.7908519311069,79.41,Shipped,Credit Card,793.38,Netherlands
4344,1313,2024-02-01,2024-02-04,2024-02-10,949.3970424772258,151.04,Delivered,Debit Card,798.36,Spain
4345,1064,2023-11-30,2023-12-01,2023-12-15,150.61051418356976,11.69,Processing,Bank Transfer,138.92,France
4346,1374,2023-01-03,2023-01-06,2023-01-18,197.08718196783386,15.12,Shipped,Debit Card,181.97,Germany
4347,1468,2024-03-27,2024-03-30,2024-04-04,947.4994458439256,2.98,Shipped,Debit Card,944.52,UK
4348,1284,2024-05-09,2024-05-10,2024-05-21,749.708466918053,68.65,Pending,Debit Card,681.06,France
4349,1121,2024-01-08,2024-01-11,2024-01-21,888.8441335882844,4.5,Processing,PayPal,884.34,Canada
4350,1107,2024-04-08,2024-04-10,2024-04-15,242.50100242857602,27.66,Delivered,PayPal,214.84,USA
4351,1421,2023-08-26,2023-08-28,2023-09-09,608.2065775539318,61.65,Processing,Credit Card,546.56,Canada
4352,1175,2024-07-26,2024-07-28,2024-08-03,716.0826146966,120.3,Processing,Credit Card,595.78,UK
4353,1485,2024-08-20,2024-08-21,2024-08-26,696.1062911746241,81.0,Shipped,Credit Card,615.11,Canada
4354,1204,2024-10-01,2024-10-03,2024-10-09,437.7441063233632,28.32,Delivered,Debit Card,409.42,Canada
4355,1165,2023-01-06,2023-01-07,2023-01-14,64.62514710674306,6.67,Pending,PayPal,57.96,Spain
4356,1305,2024-07-01,2024-07-04,2024-07-12,603.77975396405,84.49,Shipped,Bank Transfer,519.29,Germany
4357,1497,2024-01-30,2024-02-01,2024-02-15,290.4464622206283,5.46,Processing,Debit Card,284.99,Netherlands
4358,1120,2023-02-19,2023-02-20,2023-03-04,477.7415338357458,59.34,Pending,Debit Card,418.4,Canada
4359,1044,2024-09-13,2024-09-14,2024-09-28,959.7019643296264,175.94,Pending,Debit Card,783.76,Poland
4360,1312,2024-08-22,2024-08-23,2024-09-06,429.08355176031296,25.67,Delivered,Bank Transfer,403.41,Canada
4361,1156,2023-05-24,2023-05-27,2023-06-03,847.8115263312054,106.25,Processing,Credit Card,741.56,USA
4362,1367,2024-07-28,2024-07-30,2024-08-08,229.11357546178857,37.64,Pending,Bank Transfer,191.47,Spain
4363,1207,2023-10-02,2023-10-04,2023-10-15,688.8374731237774,70.51,Shipped,Credit Card,618.33,France
4364,1390,2024-11-13,2024-11-14,2024-11-27,978.1566067169963,140.46,Delivered,Bank Transfer,837.7,Canada
4365,1108,2023-09-12,2023-09-15,2023-09-27,146.79844582928996,9.13,Processing,PayPal,137.67,UK
4366,1251,2024-07-03,2024-07-06,2024-07-19,57.903945115832414,3.54,Shipped,Debit Card,54.36,Netherlands
4367,1445,2023-09-02,2023-09-05,2023-09-19,461.90365300098364,61.67,Pending,Debit Card,400.23,France
4368,1404,2023-07-01,2023-07-03,2023-07-16,137.99420889879883,19.47,Shipped,Debit Card,118.52,UK
4369,1370,2023-07-18,2023-07-19,2023-07-25,760.9651321924198,142.61,Shipped,Credit Card,618.36,Poland
4370,1334,2024-10-03,2024-10-06,2024-10-20,918.821230656131,41.32,Shipped,Bank Transfer,877.5,Poland
4371,1130,2024-07-09,2024-07-12,2024-07-20,462.3199240733209,43.29,Shipped,PayPal,419.03,Spain
4372,1457,2023-07-23,2023-07-26,2023-08-09,295.7760600476689,14.82,Shipped,Bank Transfer,280.96,USA
4373,1293,2023-09-14,2023-09-15,2023-09-28,462.6831530562793,7.41,Processing,Debit Card,455.27,USA
4374,1020,2023-07-20,2023-07-23,2023-08-03,737.2754269575009,59.46,Shipped,PayPal,677.82,Poland
4375,1282,2024-01-28,2024-01-31,2024-02-13,58.60145350135243,4.38,Pending,PayPal,54.22,France
4376,1285,2024-02-03,2024-02-05,2024-02-17,609.9812900104623,32.99,Delivered,Debit Card,576.99,UK
4377,1001,2024-11-25,2024-11-27,2024-12-06,632.6271006430101,37.58,Returned,Bank Transfer,595.05,Netherlands
4378,1119,2023-12-21,2023-12-23,2023-12-28,655.8038345511387,47.27,Returned,Debit Card,608.53,Netherlands
4379,1035,2023-04-17,2023-04-19,2023-05-02,279.92097598183335,55.36,Cancelled,Bank Transfer,224.56,Spain
4380,1198,2024-09-20,2024-09-23,2024-10-05,728.3500872092204,114.05,Delivered,PayPal,614.3,USA
4381,1485,2023-05-27,2023-05-30,2023-06-05,136.8219120151876,1.95,Delivered,PayPal,134.87,Canada
4382,1245,2023-10-23,2023-10-25,2023-11-05,239.30681964346078,41.75,Processing,Debit Card,197.56,Canada
4383,1059,2024-09-27,2024-09-28,2024-10-06,883.5965443217578,111.92,Delivered,PayPal,771.68,Spain
4384,1325,2023-07-28,2023-07-29,2023-08-11,751.786993190238,133.91,Shipped,Credit Card,617.88,Spain
4385,1161,2023-04-19,2023-04-20,2023-04-26,63.05827631077799,4.31,Shipped,PayPal,58.75,USA
4386,1497,2023-04-15,2023-04-16,2023-04-28,285.9574473513102,26.57,Delivered,Credit Card,259.39,Netherlands
4387,1179,2023-09-30,2023-10-01,2023-10-14,253.68615884350632,45.47,Processing,PayPal,208.22,Canada
4388,1206,2023-12-06,2023-12-07,2023-12-13,307.26601163512396,16.75,Shipped,Debit Card,290.52,USA
4389,1012,2024-06-27,2024-06-28,2024-07-11,285.1817817658921,52.22,Cancelled,Debit Card,232.96,USA
4390,1490,2024-06-25,2024-06-27,2024-07-02,109.39998095570346,18.13,Pending,Credit Card,91.27,UK
4391,1276,2023-09-18,2023-09-21,2023-09-28,485.99349076697933,95.31,Shipped,Debit Card,390.68,Poland
4392,1181,2024-11-06,2024-11-07,2024-11-20,746.0968010468569,48.39,Cancelled,PayPal,697.71,Netherlands
4393,1242,2023-08-10,2023-08-12,2023-08-25,626.3951384815646,29.53,Delivered,PayPal,596.87,Poland
4394,1216,2023-07-15,2023-07-16,2023-07-30,689.2280851681758,45.61,Shipped,Debit Card,643.62,UK
4395,1251,2024-10-08,2024-10-10,2024-10-18,127.0917196094272,24.27,Processing,PayPal,102.82,Netherlands
4396,1299,2024-05-12,2024-05-15,2024-05-28,953.9161746679479,63.54,Shipped,Bank Transfer,890.38,Netherlands
4397,1126,2024-05-18,2024-05-20,2024-05-26,846.5672421508735,95.7,Cancelled,Bank Transfer,750.87,Spain
4398,1482,2024-08-06,2024-08-09,2024-08-23,814.8358025708795,65.79,Shipped,PayPal,749.05,Netherlands
4399,1217,2023-06-14,2023-06-17,2023-06-28,831.8346147896791,65.92,Shipped,Debit Card,765.91,Germany
4400,1306,2024-12-16,2024-12-17,2024-12-24,936.0749827261233,36.2,Pending,Credit Card,899.87,UK
4401,1285,2023-03-31,2023-04-02,2023-04-10,567.0412678080128,60.91,Pending,Debit Card,506.13,UK
4402,1185,2023-03-20,2023-03-21,2023-04-04,240.2679169742446,40.82,Returned,Credit Card,199.45,Poland
4403,1039,2023-09-03,2023-09-06,2023-09-13,635.9444274599141,6.29,Shipped,Debit Card,629.65,Spain
4404,1223,2024-10-30,2024-11-02,2024-11-08,755.737418984542,134.4,Delivered,PayPal,621.34,Canada
4405,1184,2024-03-17,2024-03-18,2024-03-23,751.0215236863241,99.96,Pending,Bank Transfer,651.06,UK
4406,1495,2023-02-25,2023-02-28,2023-03-11,545.3765729585361,67.27,Delivered,Debit Card,478.11,Spain
4407,1427,2023-10-11,2023-10-12,2023-10-21,115.03578336689915,14.4,Cancelled,Credit Card,100.64,Poland
4408,1178,2024-09-09,2024-09-11,2024-09-20,402.55729150862146,23.85,Shipped,Bank Transfer,378.71,Netherlands
4409,1407,2024-09-03,2024-09-05,2024-09-10,924.7282780401895,76.78,Processing,Credit Card,847.95,Germany
4410,1428,2024-02-04,2024-02-07,2024-02-20,605.2264642695548,96.75,Shipped,PayPal,508.48,USA
4411,1294,2023-03-27,2023-03-30,2023-04-13,561.4153460929277,34.4,Delivered,Bank Transfer,527.02,Poland
4412,1340,2023-06-23,2023-06-25,2023-07-04,305.41083866308384,28.71,Shipped,Credit Card,276.7,USA
4413,1151,2024-07-28,2024-07-29,2024-08-07,400.02647392074994,1.57,Cancelled,Debit Card,398.46,UK
4414,1384,2023-03-22,2023-03-23,2023-04-03,900.5787846955108,132.13,Delivered,PayPal,768.45,Poland
4415,1126,2024-11-27,2024-11-29,2024-12-10,683.1398951504939,57.07,Cancelled,PayPal,626.07,Spain
4416,1301,2024-10-27,2024-10-28,2024-11-08,798.0176754147162,83.85,Delivered,PayPal,714.17,France
4417,1308,2023-02-15,2023-02-18,2023-02-28,481.6281519142724,11.05,Processing,Debit Card,470.58,France
4418,1336,2023-05-29,2023-05-31,2023-06-06,648.73485848335,128.67,Shipped,Debit Card,520.06,Spain
4419,1434,2024-03-31,2024-04-03,2024-04-14,285.9644283060471,17.3,Processing,Bank Transfer,268.66,UK
4420,1234,2024-05-19,2024-05-20,2024-06-02,720.187788769312,91.46,Cancelled,Debit Card,628.73,Spain
4421,1380,2023-09-01,2023-09-03,2023-09-14,456.22126701817047,53.03,Delivered,Bank Transfer,403.19,USA
4422,1375,2024-05-03,2024-05-04,2024-05-13,470.4182390740083,73.86,Delivered,PayPal,396.56,France
4423,1008,2024-06-03,2024-06-06,2024-06-18,666.8562083480376,39.19,Shipped,Bank Transfer,627.67,France
4424,1498,2023-04-17,2023-04-19,2023-04-25,939.4665903954804,142.03,Processing,Credit Card,797.44,UK
4425,1341,2023-03-24,2023-03-26,2023-04-05,110.80602927818987,8.48,Delivered,PayPal,102.33,USA
4426,1129,2024-12-06,2024-12-07,2024-12-18,833.5060754796573,68.54,Shipped,PayPal,764.97,France
4427,1264,2023-10-08,2023-10-10,2023-10-15,327.76395489158347,44.1,Processing,Bank Transfer,283.66,UK
4428,1157,2023-12-10,2023-12-12,2023-12-17,471.7234817810589,73.99,Delivered,PayPal,397.73,UK
4429,1352,2023-04-14,2023-04-16,2023-04-26,70.81766233625851,9.45,Pending,Debit Card,61.37,Spain
4430,1358,2024-09-30,2024-10-02,2024-10-11,335.9937739425974,60.47,Shipped,Credit Card,275.52,Spain
4431,1005,2024-11-21,2024-11-22,2024-12-06,527.499680498624,30.08,Shipped,Bank Transfer,497.42,UK
4432,1495,2023-01-31,2023-02-03,2023-02-14,103.36727348006707,18.62,Processing,Bank Transfer,84.75,Spain
4433,1086,2023-10-31,2023-11-01,2023-11-13,516.5409429140069,13.52,Returned,PayPal,503.02,Canada
4434,1175,2024-02-15,2024-02-17,2024-02-25,930.7550974155059,122.77,Processing,Debit Card,807.99,UK
4435,1290,2023-03-18,2023-03-20,2023-04-02,150.12355720241496,16.44,Processing,PayPal,133.68,Germany
4436,1193,2024-06-23,2024-06-24,2024-07-02,776.2186916717292,76.79,Processing,PayPal,699.43,USA
4437,1311,2023-01-09,2023-01-12,2023-01-19,439.187500707193,27.31,Delivered,Bank Transfer,411.88,France
4438,1119,2024-08-10,2024-08-11,2024-08-25,672.4150287981212,67.74,Shipped,PayPal,604.68,Netherlands
4439,1218,2023-07-04,2023-07-06,2023-07-13,297.22476808596787,9.62,Shipped,Credit Card,287.6,Canada
4440,1427,2024-07-22,2024-07-24,2024-08-01,201.51764941429036,14.88,Pending,PayPal,186.64,Poland
4441,1458,2024-10-17,2024-10-19,2024-10-27,202.4394835576651,4.0,Pending,PayPal,198.44,Poland
4442,1414,2023-02-25,2023-02-28,2023-03-05,116.96734836098742,13.38,Shipped,Bank Transfer,103.59,UK
4443,1114,2024-04-08,2024-04-10,2024-04-22,226.36436965618086,4.34,Delivered,PayPal,222.02,France
4444,1466,2024-10-31,2024-11-01,2024-11-15,681.0084157395198,21.84,Cancelled,Debit Card,659.17,Netherlands
4445,1145,2023-03-19,2023-03-21,2023-03-26,887.6060812513326,15.17,Pending,Bank Transfer,872.44,Canada
4446,1026,2023-01-15,2023-01-17,2023-01-26,823.4194013116038,62.8,Shipped,PayPal,760.62,France
4447,1136,2023-04-23,2023-04-24,2023-05-07,700.8775943807599,118.02,Cancelled,Credit Card,582.86,Spain
4448,1303,2023-07-05,2023-07-08,2023-07-15,154.91027024054753,28.1,Shipped,Credit Card,126.81,Germany
4449,1232,2024-06-11,2024-06-13,2024-06-18,324.72807398115236,4.67,Delivered,Bank Transfer,320.06,Netherlands
4450,1369,2024-07-06,2024-07-09,2024-07-17,344.3165315563455,43.7,Processing,Bank Transfer,300.62,Spain
4451,1076,2024-09-11,2024-09-12,2024-09-17,287.4590990777402,39.35,Cancelled,PayPal,248.11,UK
4452,1475,2023-05-08,2023-05-10,2023-05-21,539.255376724237,57.57,Delivered,Debit Card,481.69,USA
4453,1328,2024-03-19,2024-03-22,2024-04-02,558.7761241356889,74.54,Cancelled,PayPal,484.24,France
4454,1345,2024-04-07,2024-04-09,2024-04-22,389.0416764125547,18.18,Delivered,Credit Card,370.86,Poland
4455,1302,2024-07-10,2024-07-13,2024-07-18,386.0997007996142,37.81,Shipped,Debit Card,348.29,Netherlands
4456,1452,2023-10-07,2023-10-08,2023-10-20,837.1278180107773,65.44,Cancelled,Debit Card,771.69,Spain
4457,1289,2023-12-01,2023-12-02,2023-12-10,799.8282059037014,14.35,Processing,Debit Card,785.48,Canada
4458,1001,2024-11-24,2024-11-26,2024-12-02,342.40604009670835,42.84,Shipped,PayPal,299.57,Netherlands
4459,1147,2024-01-21,2024-01-22,2024-02-05,918.0990216795964,90.93,Delivered,Credit Card,827.17,Netherlands
4460,1287,2023-06-28,2023-07-01,2023-07-15,955.1742661523807,52.57,Delivered,Bank Transfer,902.6,UK
4461,1464,2024-08-26,2024-08-29,2024-09-12,360.4054149285388,34.14,Cancelled,PayPal,326.27,USA
4462,1142,2023-07-21,2023-07-22,2023-08-02,386.7037013534021,59.96,Processing,Bank Transfer,326.74,Spain
4463,1053,2023-10-24,2023-10-27,2023-11-02,530.3524457508609,85.03,Delivered,Debit Card,445.32,Poland
4464,1304,2024-10-07,2024-10-09,2024-10-15,944.0647719069898,122.64,Delivered,Debit Card,821.42,Germany
4465,1069,2024-02-26,2024-02-27,2024-03-04,882.503461485196,82.56,Pending,PayPal,799.94,Germany
4466,1361,2023-11-13,2023-11-15,2023-11-24,147.43956445441032,16.98,Shipped,Credit Card,130.46,Germany
4467,1090,2024-09-17,2024-09-20,2024-10-04,423.0942061078454,32.58,Processing,Debit Card,390.51,Canada
4468,1446,2023-02-28,2023-03-02,2023-03-13,575.7026302622833,14.57,Shipped,Bank Transfer,561.13,Poland
4469,1220,2024-09-08,2024-09-09,2024-09-20,527.975848923963,40.72,Returned,Bank Transfer,487.26,Spain
4470,1450,2023-12-20,2023-12-23,2023-12-29,234.16991454004804,24.84,Delivered,PayPal,209.33,Germany
4471,1498,2024-04-15,2024-04-18,2024-04-26,865.875932609747,103.7,Delivered,Bank Transfer,762.18,UK
4472,1192,2024-02-27,2024-02-29,2024-03-11,693.0937438469955,129.72,Returned,Credit Card,563.37,Netherlands
4473,1454,2023-05-27,2023-05-29,2023-06-05,846.0129561092134,131.53,Shipped,Debit Card,714.48,UK
4474,1063,2024-02-20,2024-02-23,2024-03-05,865.8260653819985,26.32,Delivered,Bank Transfer,839.51,Spain
4475,1073,2023-05-01,2023-05-04,2023-05-09,760.9380609824527,26.51,Shipped,Bank Transfer,734.43,Spain
4476,1161,2023-02-11,2023-02-14,2023-02-24,467.25007118723147,9.39,Cancelled,Debit Card,457.86,USA
4477,1169,2023-01-14,2023-01-15,2023-01-21,630.0194172646533,93.01,Processing,PayPal,537.01,UK
4478,1089,2024-04-29,2024-04-30,2024-05-12,202.34713581375598,28.58,Cancelled,Bank Transfer,173.77,Netherlands
4479,1176,2023-10-22,2023-10-25,2023-11-02,689.9631466011623,136.11,Processing,PayPal,553.85,Germany
4480,1269,2023-02-06,2023-02-08,2023-02-15,220.2905929523167,23.0,Shipped,PayPal,197.29,Germany
4481,1073,2023-06-08,2023-06-10,2023-06-23,709.252110984649,117.23,Delivered,Bank Transfer,592.02,Spain
4482,1245,2024-09-05,2024-09-06,2024-09-13,268.11825271627026,30.91,Shipped,Credit Card,237.21,Canada
4483,1077,2024-07-09,2024-07-10,2024-07-20,161.67373514270898,28.26,Delivered,PayPal,133.41,USA
4484,1159,2023-05-12,2023-05-13,2023-05-25,207.02026563580955,29.85,Shipped,Bank Transfer,177.17,USA
4485,1489,2023-10-29,2023-11-01,2023-11-07,51.89252845811676,6.67,Delivered,PayPal,45.22,Germany
4486,1459,2023-09-24,2023-09-27,2023-10-09,732.8026369608538,82.82,Processing,Debit Card,649.98,France
4487,1324,2023-09-03,2023-09-05,2023-09-14,745.7809966054601,107.84,Pending,Credit Card,637.94,Netherlands
4488,1098,2023-01-21,2023-01-23,2023-02-06,539.1866824175966,45.25,Processing,Credit Card,493.94,UK
4489,1381,2024-02-14,2024-02-17,2024-02-29,203.2946610026145,3.93,Shipped,Debit Card,199.36,Spain
4490,1102,2023-01-08,2023-01-11,2023-01-17,129.37662063515526,1.03,Processing,Debit Card,128.35,Canada
4491,1494,2024-05-25,2024-05-26,2024-06-06,68.17251811542266,6.53,Shipped,PayPal,61.64,Netherlands
4492,1132,2024-12-16,2024-12-19,2024-12-29,207.46076811695968,24.87,Shipped,Debit Card,182.59,Netherlands
4493,1102,2024-09-12,2024-09-13,2024-09-27,896.3127582339894,14.13,Pending,Credit Card,882.18,Canada
4494,1019,2023-08-08,2023-08-11,2023-08-20,279.45999961659766,16.04,Shipped,Debit Card,263.42,Spain
4495,1454,2024-08-31,2024-09-02,2024-09-14,386.5577608563549,24.9,Cancelled,Bank Transfer,361.66,UK
4496,1482,2023-07-08,2023-07-09,2023-07-14,150.0782102572665,16.89,Processing,Bank Transfer,133.19,Netherlands
4497,1082,2024-08-01,2024-08-03,2024-08-17,261.2432395107618,14.55,Shipped,PayPal,246.69,Poland
4498,1397,2023-11-24,2023-11-27,2023-12-09,543.2633422411949,10.39,Delivered,Credit Card,532.87,Netherlands
4499,1489,2024-02-23,2024-02-26,2024-03-04,627.3650489408699,20.69,Shipped,Bank Transfer,606.68,Germany
4500,1279,2023-01-04,2023-01-05,2023-01-13,283.0846984579005,9.85,Delivered,Debit Card,273.23,Canada
4501,1339,2023-06-28,2023-06-29,2023-07-10,104.84555126386135,17.67,Shipped,Bank Transfer,87.18,Spain
4502,1365,2023-10-03,2023-10-05,2023-10-19,421.4812256710287,23.97,Shipped,Bank Transfer,397.51,Spain
4503,1331,2024-09-12,2024-09-14,2024-09-24,272.49320238001746,38.95,Pending,PayPal,233.54,UK
4504,1129,2024-01-24,2024-01-25,2024-01-31,258.5762270683118,29.37,Delivered,Debit Card,229.21,France
4505,1344,2023-07-02,2023-07-03,2023-07-09,961.8696625777825,187.96,Delivered,Debit Card,773.91,France
4506,1310,2023-03-13,2023-03-16,2023-03-26,635.4854616294379,34.67,Pending,Debit Card,600.82,Germany
4507,1455,2024-04-12,2024-04-13,2024-04-21,579.0345210134911,18.34,Shipped,PayPal,560.69,USA
4508,1089,2024-07-31,2024-08-03,2024-08-14,444.9863483471558,4.63,Returned,Debit Card,440.36,Netherlands
4509,1213,2023-05-27,2023-05-28,2023-06-06,457.49711675863705,22.05,Shipped,Debit Card,435.45,France
4510,1143,2023-11-06,2023-11-08,2023-11-16,563.8597536461767,77.14,Shipped,Bank Transfer,486.72,Canada
4511,1065,2024-03-14,2024-03-17,2024-03-25,711.6083166843018,12.13,Cancelled,Bank Transfer,699.48,Poland
4512,1076,2024-11-04,2024-11-07,2024-11-18,717.0387913727379,35.09,Delivered,Debit Card,681.95,UK
4513,1199,2024-10-04,2024-10-07,2024-10-12,213.10921232017708,36.45,Shipped,Credit Card,176.66,France
4514,1143,2023-09-15,2023-09-17,2023-09-30,525.1071144727956,61.22,Delivered,Credit Card,463.89,Canada
4515,1405,2023-01-24,2023-01-27,2023-02-06,441.36019028239684,6.14,Cancelled,Debit Card,435.22,UK
4516,1403,2024-12-18,2024-12-20,2024-12-25,877.000617955915,8.36,Shipped,Credit Card,868.64,Canada
4517,1316,2023-10-01,2023-10-04,2023-10-09,649.8479751574575,7.94,Shipped,PayPal,641.91,USA
4518,1093,2023-07-27,2023-07-30,2023-08-07,555.8788630951827,104.71,Shipped,Bank Transfer,451.17,Germany
4519,1473,2023-10-15,2023-10-16,2023-10-24,159.62491006997152,27.13,Returned,PayPal,132.49,Canada
4520,1417,2023-04-07,2023-04-10,2023-04-24,625.3559948572408,105.68,Delivered,Bank Transfer,519.68,Spain
4521,1305,2024-03-22,2024-03-23,2024-03-28,161.34371039622175,29.82,Pending,Credit Card,131.52,Germany
4522,1224,2024-07-14,2024-07-15,2024-07-21,370.34624678746445,37.42,Cancelled,Credit Card,332.93,France
4523,1497,2023-04-26,2023-04-29,2023-05-05,185.69986657361528,9.19,Shipped,Debit Card,176.51,Netherlands
4524,1291,2023-11-24,2023-11-25,2023-12-06,707.4699646731505,56.79,Pending,Credit Card,650.68,Spain
4525,1428,2023-11-09,2023-11-11,2023-11-21,245.93950814434498,35.36,Shipped,Credit Card,210.58,USA
4526,1102,2023-05-28,2023-05-30,2023-06-07,422.2664045286247,73.98,Shipped,Debit Card,348.29,Canada
4527,1474,2023-01-23,2023-01-24,2023-01-31,900.8910387378397,78.39,Cancelled,Debit Card,822.5,France
4528,1267,2024-08-01,2024-08-03,2024-08-08,244.10056422902178,26.14,Processing,Bank Transfer,217.96,Germany
4529,1355,2024-07-11,2024-07-12,2024-07-19,532.4148107608402,99.22,Delivered,Credit Card,433.19,Poland
4530,1456,2023-08-10,2023-08-13,2023-08-26,448.3080781077209,9.64,Shipped,Bank Transfer,438.67,Germany
4531,1110,2023-03-19,2023-03-21,2023-04-01,67.21783899344325,11.59,Pending,Bank Transfer,55.63,France
4532,1462,2023-08-29,2023-08-31,2023-09-10,803.1202078941722,25.59,Returned,PayPal,777.53,Germany
4533,1330,2024-03-18,2024-03-19,2024-03-31,115.59361099886974,11.19,Shipped,Credit Card,104.4,Canada
4534,1450,2024-04-20,2024-04-23,2024-04-29,500.5422699281059,21.87,Processing,Credit Card,478.67,Germany
4535,1430,2024-04-08,2024-04-11,2024-04-21,582.6443801920025,70.26,Shipped,PayPal,512.38,Spain
4536,1265,2023-12-29,2024-01-01,2024-01-13,647.0051337838577,72.28,Cancelled,Bank Transfer,574.73,Canada
4537,1003,2023-07-13,2023-07-15,2023-07-27,704.2000478424818,53.52,Shipped,Credit Card,650.68,Poland
4538,1085,2023-08-18,2023-08-19,2023-08-30,290.60876434657933,50.18,Processing,Bank Transfer,240.43,Spain
4539,1282,2024-12-22,2024-12-23,2025-01-03,59.4798378255269,7.85,Processing,PayPal,51.63,France
4540,1328,2023-02-10,2023-02-11,2023-02-23,737.2714792371664,106.34,Processing,Debit Card,630.93,France
4541,1304,2023-03-25,2023-03-27,2023-04-08,558.8737693801996,16.84,Delivered,Bank Transfer,542.03,Germany
4542,1450,2024-11-01,2024-11-04,2024-11-18,844.3118180468863,149.13,Shipped,Credit Card,695.18,Germany
4543,1454,2024-03-13,2024-03-16,2024-03-25,830.3189447556596,27.74,Processing,Debit Card,802.58,UK
4544,1412,2023-06-21,2023-06-22,2023-06-30,851.1598593984891,37.93,Processing,Bank Transfer,813.23,Germany
4545,1117,2024-08-12,2024-08-14,2024-08-26,510.8399269805631,13.08,Shipped,Bank Transfer,497.76,Germany
4546,1221,2023-10-08,2023-10-09,2023-10-15,366.9469760450224,32.32,Cancelled,Debit Card,334.63,Netherlands
4547,1154,2023-10-22,2023-10-25,2023-11-03,801.9802924618015,142.39,Shipped,Debit Card,659.59,Poland
4548,1153,2024-03-07,2024-03-08,2024-03-18,478.7294073777922,24.17,Returned,Debit Card,454.56,Netherlands
4549,1012,2024-06-30,2024-07-01,2024-07-14,224.27008658326278,16.76,Shipped,Credit Card,207.51,USA
4550,1133,2024-09-02,2024-09-03,2024-09-14,862.2253185834006,145.9,Processing,Credit Card,716.33,UK
4551,1482,2024-04-10,2024-04-13,2024-04-23,888.4318829337299,109.78,Cancelled,Bank Transfer,778.65,Netherlands
4552,1304,2024-01-14,2024-01-17,2024-01-22,492.9942683331616,74.11,Shipped,Bank Transfer,418.88,Germany
4553,1293,2023-02-21,2023-02-24,2023-03-01,121.91474094429809,5.22,Delivered,PayPal,116.69,USA
4554,1463,2024-07-29,2024-07-31,2024-08-13,418.43478542108465,59.96,Returned,Credit Card,358.47,Spain
4555,1300,2024-03-25,2024-03-28,2024-04-10,813.3607764894732,37.03,Pending,Bank Transfer,776.33,Germany
4556,1228,2024-04-01,2024-04-02,2024-04-12,906.6853271189173,179.04,Pending,Debit Card,727.65,France
4557,1271,2023-04-04,2023-04-07,2023-04-14,243.29910537271604,27.24,Delivered,Debit Card,216.06,Canada
4558,1043,2024-03-12,2024-03-15,2024-03-21,113.62493142400794,15.81,Processing,Credit Card,97.81,Netherlands
4559,1432,2024-01-13,2024-01-16,2024-01-28,883.4829304761968,20.92,Processing,Debit Card,862.56,UK
4560,1343,2024-11-10,2024-11-12,2024-11-19,419.9346920299315,21.05,Pending,PayPal,398.88,Spain
4561,1326,2023-02-08,2023-02-10,2023-02-15,564.6729160541851,15.78,Pending,Bank Transfer,548.89,Canada
4562,1302,2023-05-15,2023-05-17,2023-05-29,969.662521448221,75.67,Delivered,Bank Transfer,893.99,Netherlands
4563,1498,2023-02-08,2023-02-11,2023-02-18,113.23649151851171,6.43,Processing,Bank Transfer,106.81,UK
4564,1364,2023-02-16,2023-02-19,2023-03-04,665.9021070794907,97.61,Shipped,Credit Card,568.29,Poland
4565,1379,2023-12-27,2023-12-28,2024-01-03,120.40015144612372,2.62,Delivered,Debit Card,117.78,Netherlands
4566,1427,2024-01-03,2024-01-04,2024-01-12,406.69548204317533,61.17,Shipped,PayPal,345.53,Poland
4567,1493,2024-06-03,2024-06-04,2024-06-12,813.6238179337744,7.44,Pending,Credit Card,806.18,Poland
4568,1021,2023-06-30,2023-07-01,2023-07-10,461.7986211178527,18.66,Delivered,Bank Transfer,443.14,Spain
4569,1407,2023-06-04,2023-06-07,2023-06-18,997.3232362078029,157.97,Pending,PayPal,839.35,Germany
4570,1107,2024-09-18,2024-09-20,2024-09-27,581.106320699272,86.33,Delivered,Bank Transfer,494.78,USA
4571,1336,2023-04-09,2023-04-12,2023-04-26,355.1040450041558,33.83,Cancelled,Bank Transfer,321.27,Spain
4572,1303,2023-04-22,2023-04-23,2023-05-01,259.1057596095155,2.59,Shipped,Credit Card,256.52,Germany
4573,1117,2023-06-18,2023-06-21,2023-07-02,382.9945075718537,46.72,Shipped,Bank Transfer,336.27,Germany
4574,1124,2023-08-27,2023-08-28,2023-09-06,403.90661007157325,32.86,Shipped,PayPal,371.05,France
4575,1399,2024-03-11,2024-03-14,2024-03-19,115.27799383776292,7.3,Shipped,Bank Transfer,107.98,Germany
4576,1281,2024-02-26,2024-02-29,2024-03-12,401.0954894554345,51.37,Cancelled,Debit Card,349.73,UK
4577,1292,2023-09-20,2023-09-22,2023-10-03,491.0265937522637,42.88,Cancelled,Bank Transfer,448.15,USA
4578,1203,2023-06-06,2023-06-08,2023-06-17,736.6008646268644,13.62,Shipped,Credit Card,722.98,Canada
4579,1051,2023-06-10,2023-06-11,2023-06-17,673.8930104855276,123.45,Delivered,PayPal,550.44,UK
4580,1271,2024-08-13,2024-08-16,2024-08-30,723.3273724676965,112.62,Cancelled,Credit Card,610.71,Canada
4581,1324,2023-05-11,2023-05-12,2023-05-24,57.94549778301425,0.65,Returned,Debit Card,57.3,Netherlands
4582,1277,2024-11-15,2024-11-17,2024-11-26,256.78402960150925,26.97,Shipped,Bank Transfer,229.81,Netherlands
4583,1141,2023-01-02,2023-01-03,2023-01-08,678.6000739798636,11.32,Shipped,Credit Card,667.28,Spain
4584,1470,2023-09-08,2023-09-10,2023-09-15,509.7898997707598,85.37,Processing,Credit Card,424.42,Canada
4585,1275,2023-04-18,2023-04-19,2023-04-28,55.047801884928646,6.75,Returned,Credit Card,48.3,UK
4586,1290,2024-08-06,2024-08-09,2024-08-16,814.2699103102312,28.08,Processing,Credit Card,786.19,Germany
4587,1334,2024-03-19,2024-03-20,2024-03-27,784.1690946258205,3.25,Shipped,Debit Card,780.92,Poland
4588,1381,2024-10-19,2024-10-20,2024-11-02,570.9982048438845,3.61,Processing,Debit Card,567.39,Spain
4589,1452,2024-01-26,2024-01-28,2024-02-05,113.1401594874585,11.48,Processing,Bank Transfer,101.66,Spain
4590,1496,2024-10-20,2024-10-22,2024-11-04,778.1892970559554,114.3,Shipped,Bank Transfer,663.89,Canada
4591,1373,2023-06-08,2023-06-09,2023-06-17,604.5279083447957,14.61,Returned,PayPal,589.92,UK
4592,1052,2023-07-21,2023-07-22,2023-08-04,792.8619783000612,35.09,Pending,Debit Card,757.77,France
4593,1494,2024-05-12,2024-05-13,2024-05-18,764.1596427760484,50.02,Shipped,Credit Card,714.14,Netherlands
4594,1027,2023-09-02,2023-09-04,2023-09-10,812.8519683599453,35.45,Pending,Credit Card,777.4,Netherlands
4595,1157,2024-06-04,2024-06-06,2024-06-17,542.1076630843936,42.43,Processing,PayPal,499.68,UK
4596,1239,2023-11-08,2023-11-10,2023-11-20,183.30829228383925,20.52,Shipped,Credit Card,162.79,Germany
4597,1156,2024-12-15,2024-12-18,2024-12-23,687.5995997107043,94.19,Shipped,PayPal,593.41,USA
4598,1291,2023-12-22,2023-12-23,2024-01-03,639.4500957993721,123.26,Processing,Bank Transfer,516.19,Spain
4599,1136,2023-01-16,2023-01-17,2023-01-22,755.1405278391328,140.58,Shipped,Debit Card,614.56,Spain
4600,1144,2024-10-12,2024-10-14,2024-10-22,211.38695574819855,24.1,Pending,PayPal,187.29,UK
4601,1106,2023-12-21,2023-12-24,2024-01-02,235.22643990527476,34.54,Shipped,Credit Card,200.69,Spain
4602,1420,2023-04-15,2023-04-17,2023-05-01,895.8890413583621,170.38,Returned,PayPal,725.51,France
4603,1158,2024-01-31,2024-02-02,2024-02-16,762.4789085294673,12.73,Cancelled,Bank Transfer,749.75,France
4604,1146,2024-03-17,2024-03-18,2024-03-31,912.8170642653067,1.03,Shipped,Credit Card,911.79,Spain
4605,1002,2024-10-28,2024-10-30,2024-11-07,770.7795551057246,4.59,Shipped,Bank Transfer,766.19,Spain
4606,1433,2023-11-01,2023-11-03,2023-11-12,617.2975406907867,69.55,Cancelled,Bank Transfer,547.75,Canada
4607,1077,2024-05-27,2024-05-29,2024-06-12,671.42610017648,102.44,Pending,PayPal,568.99,USA
4608,1132,2024-07-23,2024-07-26,2024-08-06,894.6715277430094,65.68,Delivered,Bank Transfer,828.99,Netherlands
4609,1090,2023-12-03,2023-12-05,2023-12-13,599.8664167863435,65.41,Cancelled,Credit Card,534.46,Canada
4610,1345,2024-02-13,2024-02-14,2024-02-19,650.771758111968,67.21,Pending,Bank Transfer,583.56,Poland
4611,1350,2023-08-05,2023-08-06,2023-08-16,198.65288020342055,3.77,Processing,Bank Transfer,194.88,UK
4612,1459,2023-01-23,2023-01-25,2023-02-04,500.22515911029757,32.17,Returned,PayPal,468.06,France
4613,1263,2024-08-21,2024-08-24,2024-09-03,730.577256360194,2.84,Shipped,Bank Transfer,727.74,Canada
4614,1351,2023-09-24,2023-09-25,2023-10-05,307.39556340054713,6.81,Pending,Debit Card,300.59,USA
4615,1108,2024-03-25,2024-03-26,2024-04-02,242.14147149830816,39.32,Processing,PayPal,202.82,UK
4616,1074,2023-09-04,2023-09-05,2023-09-15,348.1354678131948,57.75,Shipped,PayPal,290.39,Germany
4617,1039,2024-09-05,2024-09-08,2024-09-20,279.4255965931918,44.82,Delivered,Credit Card,234.61,Spain
4618,1397,2024-05-25,2024-05-28,2024-06-07,254.16700518457606,36.95,Delivered,Credit Card,217.22,Netherlands
4619,1159,2023-11-13,2023-11-15,2023-11-28,453.6083007246826,71.97,Returned,Credit Card,381.64,USA
4620,1071,2023-12-04,2023-12-07,2023-12-21,912.4465881893574,122.45,Processing,Credit Card,790.0,USA
4621,1447,2024-05-06,2024-05-08,2024-05-21,531.7066644017823,71.23,Shipped,Debit Card,460.48,Germany
4622,1312,2024-05-11,2024-05-12,2024-05-17,228.52436177455687,30.5,Shipped,PayPal,198.02,Canada
4623,1241,2024-03-15,2024-03-18,2024-03-30,123.12308591183037,12.66,Shipped,Bank Transfer,110.46,Canada
4624,1426,2023-04-18,2023-04-19,2023-04-24,711.348337881029,51.69,Processing,Credit Card,659.66,Poland
4625,1445,2023-01-23,2023-01-24,2023-02-03,413.6588262145684,60.41,Returned,Credit Card,353.25,France
4626,1298,2023-02-18,2023-02-20,2023-02-25,830.7393992560914,49.62,Cancelled,Credit Card,781.12,Poland
4627,1440,2023-12-24,2023-12-26,2024-01-06,676.5352302087317,73.46,Shipped,Bank Transfer,603.08,Germany
4628,1036,2024-08-24,2024-08-26,2024-08-31,806.4293780143001,69.89,Delivered,Credit Card,736.54,France
4629,1084,2024-02-20,2024-02-21,2024-02-29,308.34873744752633,17.06,Processing,Bank Transfer,291.29,USA
4630,1452,2024-10-22,2024-10-24,2024-11-07,707.7409763380052,137.97,Shipped,PayPal,569.77,Spain
4631,1374,2024-10-14,2024-10-16,2024-10-22,300.8588854590329,15.57,Delivered,PayPal,285.29,Germany
4632,1263,2023-04-21,2023-04-24,2023-05-07,942.115055477777,58.28,Shipped,PayPal,883.84,Canada
4633,1310,2023-02-19,2023-02-21,2023-03-03,654.5555674567057,21.15,Returned,Debit Card,633.41,Germany
4634,1385,2024-08-10,2024-08-13,2024-08-23,358.28621016657496,58.97,Delivered,Bank Transfer,299.32,Spain
4635,1172,2023-11-10,2023-11-12,2023-11-25,306.036269177659,35.9,Shipped,Credit Card,270.14,Netherlands
4636,1376,2024-08-28,2024-08-29,2024-09-12,231.38025581806133,28.37,Delivered,Credit Card,203.01,Netherlands
4637,1173,2023-06-13,2023-06-14,2023-06-20,709.9089109490415,116.5,Processing,Credit Card,593.41,Poland
4638,1362,2023-01-16,2023-01-18,2023-02-01,257.77983234803094,17.68,Shipped,Credit Card,240.1,France
4639,1047,2023-03-13,2023-03-15,2023-03-21,615.5381026311146,23.84,Shipped,Debit Card,591.7,Spain
4640,1379,2023-03-09,2023-03-10,2023-03-21,301.4032755790895,11.96,Shipped,Credit Card,289.44,Netherlands
4641,1141,2024-01-14,2024-01-16,2024-01-28,678.8704975541751,99.47,Delivered,Debit Card,579.4,Spain
4642,1375,2024-02-13,2024-02-14,2024-02-21,824.1927421135123,101.23,Shipped,Bank Transfer,722.96,France
4643,1406,2023-04-12,2023-04-14,2023-04-28,789.1239809874205,32.57,Delivered,PayPal,756.55,France
4644,1118,2024-02-26,2024-02-29,2024-03-12,772.8087643842426,22.42,Shipped,Credit Card,750.39,USA
4645,1277,2023-10-18,2023-10-19,2023-10-24,228.33628540763948,5.51,Shipped,PayPal,222.83,Netherlands
4646,1214,2023-03-19,2023-03-21,2023-04-04,133.96569963529276,16.82,Delivered,Bank Transfer,117.15,UK
4647,1220,2024-03-16,2024-03-18,2024-03-26,714.0013870630163,0.02,Processing,Bank Transfer,713.98,Spain
4648,1393,2023-10-21,2023-10-22,2023-10-27,399.92985310463376,1.47,Processing,Credit Card,398.46,France
4649,1026,2023-01-06,2023-01-07,2023-01-14,460.7289150831799,35.9,Shipped,Bank Transfer,424.83,France
4650,1009,2024-07-12,2024-07-15,2024-07-21,79.5916381537215,11.01,Processing,PayPal,68.58,Canada
4651,1271,2023-06-06,2023-06-08,2023-06-15,296.5976268112967,41.23,Pending,Credit Card,255.37,Canada
4652,1010,2024-01-31,2024-02-02,2024-02-07,81.99258368074082,7.05,Delivered,Debit Card,74.94,Netherlands
4653,1472,2024-06-05,2024-06-07,2024-06-20,885.2264839711853,122.35,Shipped,Credit Card,762.88,UK
4654,1378,2024-11-13,2024-11-14,2024-11-21,281.22684905760394,29.31,Shipped,PayPal,251.92,UK
4655,1121,2024-01-03,2024-01-05,2024-01-14,579.4703110943576,113.22,Returned,Credit Card,466.25,Canada
4656,1125,2023-08-01,2023-08-04,2023-08-13,87.0303546280739,2.83,Shipped,Credit Card,84.2,Spain
4657,1170,2023-08-19,2023-08-20,2023-08-29,683.5050217403751,82.11,Cancelled,PayPal,601.4,Canada
4658,1072,2024-02-06,2024-02-07,2024-02-19,356.8759784663892,35.06,Processing,Credit Card,321.82,USA
4659,1152,2024-05-06,2024-05-08,2024-05-22,903.0232276097826,35.12,Shipped,Credit Card,867.9,USA
4660,1208,2023-06-18,2023-06-19,2023-07-01,893.7122794873341,134.06,Cancelled,PayPal,759.65,Germany
4661,1049,2023-06-01,2023-06-02,2023-06-12,359.0260874436604,19.78,Shipped,Bank Transfer,339.25,Spain
4662,1154,2023-02-13,2023-02-14,2023-02-26,905.9128509059445,69.16,Delivered,PayPal,836.75,Poland
4663,1347,2023-08-29,2023-08-31,2023-09-06,996.3497898238398,74.69,Shipped,Credit Card,921.66,France
4664,1293,2023-01-23,2023-01-25,2023-01-31,834.1448809177507,40.74,Pending,Debit Card,793.4,USA
4665,1068,2023-02-09,2023-02-12,2023-02-25,852.6277803674675,73.45,Shipped,Debit Card,779.18,USA
4666,1050,2023-06-24,2023-06-27,2023-07-05,286.5582993036354,27.13,Shipped,PayPal,259.43,France
4667,1152,2024-04-05,2024-04-06,2024-04-11,597.8672789148685,88.99,Cancelled,Debit Card,508.88,USA
4668,1019,2023-09-01,2023-09-02,2023-09-08,113.89311826899946,17.43,Processing,Credit Card,96.46,Spain
4669,1100,2024-06-23,2024-06-25,2024-07-06,140.17203998058622,4.45,Returned,Credit Card,135.72,France
4670,1060,2024-12-19,2024-12-22,2025-01-01,998.9479814316261,118.43,Returned,PayPal,880.52,Spain
4671,1167,2023-12-25,2023-12-27,2024-01-03,360.3072869546154,64.58,Processing,Credit Card,295.73,Netherlands
4672,1202,2023-08-16,2023-08-18,2023-08-27,760.7747164464041,16.55,Shipped,Bank Transfer,744.22,Spain
4673,1345,2023-02-07,2023-02-08,2023-02-16,816.3318003754756,77.21,Cancelled,Credit Card,739.12,Poland
4674,1146,2024-11-29,2024-12-02,2024-12-13,865.1221074568678,129.83,Returned,PayPal,735.29,Spain
4675,1403,2024-09-17,2024-09-18,2024-09-26,997.7468825320487,122.02,Shipped,Bank Transfer,875.73,Canada
4676,1164,2023-05-03,2023-05-04,2023-05-17,279.4216609940245,5.62,Shipped,Bank Transfer,273.8,Canada
4677,1458,2024-10-30,2024-11-01,2024-11-11,88.33328551671472,7.01,Shipped,Debit Card,81.32,Poland
4678,1481,2024-01-11,2024-01-14,2024-01-25,440.6319420948567,44.7,Delivered,Credit Card,395.93,Netherlands
4679,1439,2024-06-21,2024-06-24,2024-07-02,173.57663633749962,34.57,Processing,PayPal,139.01,France
4680,1242,2024-12-01,2024-12-03,2024-12-13,71.30459470395238,2.55,Delivered,Debit Card,68.75,Poland
4681,1069,2023-02-28,2023-03-02,2023-03-08,392.4054857844118,77.1,Pending,Debit Card,315.31,Germany
4682,1175,2023-11-08,2023-11-10,2023-11-21,794.5513385214746,59.77,Pending,Credit Card,734.78,UK
4683,1049,2024-04-17,2024-04-19,2024-05-02,587.8716566638174,23.55,Shipped,Credit Card,564.32,Spain
4684,1483,2024-06-20,2024-06-22,2024-06-28,347.13908974983633,28.75,Shipped,PayPal,318.39,UK
4685,1108,2024-06-07,2024-06-10,2024-06-17,671.6249052180838,82.47,Shipped,Debit Card,589.15,UK
4686,1226,2023-04-19,2023-04-22,2023-05-05,270.41727129337016,11.55,Shipped,PayPal,258.87,Germany
4687,1161,2023-09-23,2023-09-25,2023-10-09,63.66237376848078,3.71,Shipped,Debit Card,59.95,USA
4688,1119,2024-05-08,2024-05-09,2024-05-19,776.135717114606,132.65,Processing,Debit Card,643.49,Netherlands
4689,1149,2024-02-17,2024-02-19,2024-03-03,642.5559306208087,128.38,Shipped,Debit Card,514.18,Canada
4690,1465,2024-10-10,2024-10-13,2024-10-22,774.187493275912,49.27,Returned,Credit Card,724.92,Germany
4691,1150,2023-05-22,2023-05-23,2023-06-05,86.99111585328234,2.59,Shipped,Debit Card,84.4,Canada
4692,1432,2023-06-16,2023-06-18,2023-06-25,845.2636464391196,134.09,Shipped,Debit Card,711.17,UK
4693,1293,2024-03-14,2024-03-17,2024-03-29,638.5498900344882,76.68,Shipped,Debit Card,561.87,USA
4694,1143,2024-11-03,2024-11-06,2024-11-13,585.2255831770082,11.75,Returned,Bank Transfer,573.48,Canada
4695,1419,2023-10-17,2023-10-19,2023-10-25,643.383345708805,121.83,Processing,Credit Card,521.55,Poland
4696,1476,2024-05-24,2024-05-27,2024-06-08,871.2115845249459,13.6,Delivered,Bank Transfer,857.61,Spain
4697,1455,2023-07-04,2023-07-07,2023-07-14,607.5896812309617,75.99,Delivered,Credit Card,531.6,USA
4698,1160,2023-11-06,2023-11-09,2023-11-23,601.9028608937704,51.03,Delivered,PayPal,550.87,Spain
4699,1011,2023-03-22,2023-03-24,2023-03-31,991.1451992124776,110.34,Pending,Bank Transfer,880.81,Poland
4700,1138,2024-03-07,2024-03-08,2024-03-15,768.8936587151396,32.79,Delivered,PayPal,736.1,UK
4701,1457,2024-04-25,2024-04-28,2024-05-09,470.1791151785785,64.71,Pending,Debit Card,405.47,USA
4702,1078,2024-10-30,2024-11-02,2024-11-11,722.0271500312813,138.59,Shipped,PayPal,583.44,Spain
4703,1077,2024-08-28,2024-08-29,2024-09-10,419.76894810719904,38.49,Delivered,PayPal,381.28,USA
4704,1441,2023-07-05,2023-07-07,2023-07-21,267.4316893593241,27.97,Processing,PayPal,239.46,France
4705,1254,2023-01-13,2023-01-15,2023-01-21,617.0092830433714,29.59,Delivered,PayPal,587.42,Canada
4706,1409,2023-10-25,2023-10-28,2023-11-05,931.7729932082539,166.2,Pending,Credit Card,765.57,Canada
4707,1258,2024-01-04,2024-01-05,2024-01-12,932.6825440146896,181.16,Delivered,Bank Transfer,751.52,Canada
4708,1320,2023-09-11,2023-09-14,2023-09-28,374.8100142002158,58.94,Shipped,Credit Card,315.87,UK
4709,1291,2023-09-13,2023-09-15,2023-09-25,551.2935929106102,59.85,Processing,Credit Card,491.44,Spain
4710,1263,2024-05-02,2024-05-05,2024-05-10,251.05410364136813,48.04,Processing,Credit Card,203.01,Canada
4711,1085,2024-07-22,2024-07-23,2024-08-03,995.8495540239393,30.64,Returned,PayPal,965.21,Spain
4712,1146,2024-01-02,2024-01-03,2024-01-15,982.062012474539,93.98,Pending,Credit Card,888.08,Spain
4713,1323,2024-04-13,2024-04-14,2024-04-25,667.033483222075,71.72,Processing,Bank Transfer,595.31,Spain
4714,1042,2024-12-20,2024-12-23,2025-01-04,814.1933566935998,80.1,Shipped,Credit Card,734.09,Poland
4715,1374,2023-11-07,2023-11-08,2023-11-22,729.345153219515,117.05,Delivered,Debit Card,612.3,Germany
4716,1125,2023-06-26,2023-06-29,2023-07-12,613.5003080874948,82.26,Shipped,PayPal,531.24,Spain
4717,1167,2023-06-16,2023-06-17,2023-06-22,100.6805971394528,2.55,Processing,Debit Card,98.13,Netherlands
4718,1425,2024-08-03,2024-08-04,2024-08-14,482.026125425028,33.4,Processing,Bank Transfer,448.63,UK
4719,1241,2024-11-15,2024-11-17,2024-11-29,691.04698705904,46.86,Processing,Bank Transfer,644.19,Canada
4720,1459,2024-10-07,2024-10-10,2024-10-20,693.6550331895004,78.47,Processing,Bank Transfer,615.19,France
4721,1487,2023-07-15,2023-07-18,2023-07-27,404.4664875012644,23.58,Shipped,Bank Transfer,380.89,UK
4722,1280,2023-01-30,2023-02-01,2023-02-08,944.607387325129,22.16,Delivered,Credit Card,922.45,USA
4723,1188,2023-07-09,2023-07-12,2023-07-21,208.98918062494195,27.32,Processing,PayPal,181.67,UK
4724,1302,2023-01-30,2023-01-31,2023-02-10,525.3414739047826,89.42,Shipped,Bank Transfer,435.92,Netherlands
4725,1019,2024-07-25,2024-07-27,2024-08-08,706.3397777232816,131.61,Shipped,Debit Card,574.73,Spain
4726,1068,2024-10-16,2024-10-18,2024-10-26,712.2790155972187,138.55,Returned,Bank Transfer,573.73,USA
4727,1218,2023-04-22,2023-04-24,2023-05-03,666.2070089303747,104.08,Returned,PayPal,562.13,Canada
4728,1102,2023-05-25,2023-05-26,2023-06-02,311.52380277926716,8.7,Delivered,Debit Card,302.82,Canada
4729,1042,2023-05-26,2023-05-27,2023-06-07,198.39624025229088,33.85,Processing,Debit Card,164.55,Poland
4730,1288,2024-02-25,2024-02-27,2024-03-06,654.1433104853753,52.33,Pending,Debit Card,601.81,UK
4731,1167,2024-09-16,2024-09-17,2024-09-22,619.3370103324659,90.41,Shipped,Credit Card,528.93,Netherlands
4732,1109,2023-11-10,2023-11-13,2023-11-22,220.38820977477891,23.42,Processing,Bank Transfer,196.97,France
4733,1494,2023-01-23,2023-01-24,2023-02-03,719.8821882920352,119.3,Shipped,Credit Card,600.58,Netherlands
4734,1036,2023-12-05,2023-12-06,2023-12-17,482.4133921469736,41.05,Delivered,Debit Card,441.36,France
4735,1232,2024-05-25,2024-05-27,2024-06-04,684.3725620229953,8.46,Cancelled,Credit Card,675.91,Netherlands
4736,1229,2024-08-21,2024-08-24,2024-09-04,845.4987257816432,94.16,Delivered,Credit Card,751.34,Germany
4737,1353,2023-12-22,2023-12-25,2023-12-31,211.242007148077,7.24,Shipped,Credit Card,204.0,Canada
4738,1164,2023-08-11,2023-08-13,2023-08-21,68.18762459699485,13.17,Delivered,Bank Transfer,55.02,Canada
4739,1387,2024-02-28,2024-03-02,2024-03-16,790.1474570759974,83.28,Shipped,Debit Card,706.87,Poland
4740,1073,2024-02-19,2024-02-21,2024-03-02,629.2125538949851,69.66,Pending,Debit Card,559.55,Spain
4741,1136,2024-03-04,2024-03-05,2024-03-18,714.6575911410156,129.68,Delivered,Bank Transfer,584.98,Spain
4742,1353,2024-01-28,2024-01-31,2024-02-10,846.2472262392105,105.71,Pending,Credit Card,740.54,Canada
4743,1379,2024-06-27,2024-06-29,2024-07-13,812.6703880832755,49.2,Shipped,Credit Card,763.47,Netherlands
4744,1070,2023-05-22,2023-05-25,2023-06-04,962.8741395823835,57.02,Shipped,PayPal,905.85,Spain
4745,1425,2024-09-01,2024-09-02,2024-09-14,559.1383249095123,56.09,Delivered,PayPal,503.05,UK
4746,1487,2024-07-08,2024-07-10,2024-07-20,514.0708510269101,89.1,Delivered,PayPal,424.97,UK
4747,1196,2023-03-25,2023-03-28,2023-04-02,431.7928398961936,68.63,Shipped,Bank Transfer,363.16,Canada
4748,1269,2024-03-03,2024-03-06,2024-03-18,196.00649070199432,37.74,Delivered,Debit Card,158.27,Germany
4749,1049,2023-02-21,2023-02-22,2023-03-03,593.9768712379213,8.54,Processing,PayPal,585.44,Spain
4750,1316,2024-04-09,2024-04-10,2024-04-20,313.16189810967984,16.81,Shipped,Debit Card,296.35,USA
4751,1130,2024-01-15,2024-01-18,2024-01-29,925.2421366023267,14.84,Delivered,Debit Card,910.4,Spain
4752,1444,2024-04-22,2024-04-24,2024-05-02,604.0312640632427,90.74,Delivered,Debit Card,513.29,France
4753,1005,2023-06-28,2023-06-29,2023-07-06,613.1981714827047,17.27,Returned,Bank Transfer,595.93,UK
4754,1428,2024-11-28,2024-11-29,2024-12-12,387.1784278331595,7.73,Processing,Bank Transfer,379.45,USA
4755,1027,2023-01-13,2023-01-16,2023-01-26,99.3898843788221,11.16,Delivered,Bank Transfer,88.23,Netherlands
4756,1160,2023-10-13,2023-10-15,2023-10-29,80.15657710433919,6.6,Delivered,Bank Transfer,73.56,Spain
4757,1149,2024-07-01,2024-07-02,2024-07-16,452.16838694553763,64.67,Cancelled,PayPal,387.5,Canada
4758,1264,2024-05-12,2024-05-13,2024-05-18,130.33710919237598,12.7,Processing,Credit Card,117.64,UK
4759,1230,2023-11-29,2023-12-01,2023-12-07,626.5046077631322,53.29,Delivered,Credit Card,573.21,UK
4760,1200,2023-02-12,2023-02-13,2023-02-23,886.9243553576746,75.48,Shipped,Credit Card,811.44,Spain
4761,1050,2024-07-12,2024-07-14,2024-07-25,888.769075692786,154.98,Processing,PayPal,733.79,France
4762,1067,2024-02-17,2024-02-20,2024-02-27,676.0931396256208,53.44,Shipped,Credit Card,622.65,Spain
4763,1300,2023-12-13,2023-12-14,2023-12-23,250.67023989928447,16.71,Shipped,PayPal,233.96,Germany
4764,1381,2023-02-06,2023-02-09,2023-02-17,869.8469897909284,58.89,Shipped,PayPal,810.96,Spain
4765,1058,2023-07-04,2023-07-06,2023-07-19,891.7887635475478,35.07,Cancelled,PayPal,856.72,Canada
4766,1259,2024-02-23,2024-02-25,2024-03-07,236.82090570531076,40.77,Shipped,Credit Card,196.05,USA
4767,1342,2023-03-31,2023-04-03,2023-04-14,750.5547814821434,22.01,Delivered,Debit Card,728.54,Canada
4768,1326,2024-05-20,2024-05-21,2024-05-31,322.1935714807668,58.55,Shipped,Credit Card,263.64,Canada
4769,1130,2024-12-26,2024-12-28,2025-01-03,812.5082967352831,46.06,Pending,Credit Card,766.45,Spain
4770,1215,2023-11-08,2023-11-10,2023-11-19,997.3760049084225,179.41,Processing,Bank Transfer,817.97,Canada
4771,1172,2023-01-16,2023-01-17,2023-01-23,78.52470506292318,12.42,Shipped,PayPal,66.1,Netherlands
4772,1258,2023-09-01,2023-09-02,2023-09-15,902.4975725013853,105.05,Shipped,Debit Card,797.45,Canada
4773,1102,2024-11-24,2024-11-27,2024-12-10,641.4990069187252,85.89,Processing,Bank Transfer,555.61,Canada
4774,1209,2024-02-24,2024-02-27,2024-03-03,974.7134882065801,63.52,Shipped,Debit Card,911.19,Spain
4775,1291,2023-08-09,2023-08-10,2023-08-22,491.7590416501062,56.48,Shipped,Debit Card,435.28,Spain
4776,1354,2024-03-16,2024-03-18,2024-03-28,855.0185340428051,50.0,Processing,PayPal,805.02,USA
4777,1471,2024-07-06,2024-07-09,2024-07-22,109.27436516836337,8.79,Shipped,Credit Card,100.48,Poland
4778,1286,2024-11-20,2024-11-23,2024-12-02,368.51509757438095,56.36,Processing,PayPal,312.16,Netherlands
4779,1116,2023-06-16,2023-06-19,2023-07-03,113.66571086364948,5.55,Cancelled,PayPal,108.12,UK
4780,1264,2023-09-06,2023-09-09,2023-09-18,976.575976805117,163.84,Cancelled,Bank Transfer,812.74,UK
4781,1150,2023-04-21,2023-04-24,2023-05-08,826.1252119082449,62.11,Delivered,PayPal,764.02,Canada
4782,1300,2023-01-24,2023-01-26,2023-02-09,859.920050183672,91.52,Processing,Credit Card,768.4,Germany
4783,1442,2023-12-12,2023-12-14,2023-12-28,941.0669698621995,177.29,Delivered,Debit Card,763.78,UK
4784,1036,2023-01-17,2023-01-18,2023-01-24,130.8483118137961,17.83,Delivered,PayPal,113.02,France
4785,1453,2024-09-15,2024-09-16,2024-09-29,416.3177128876667,53.76,Delivered,Debit Card,362.56,Germany
4786,1333,2024-08-05,2024-08-07,2024-08-19,117.48314459180202,16.72,Processing,PayPal,100.76,Netherlands
4787,1477,2023-04-28,2023-04-29,2023-05-09,250.25344647252717,45.95,Delivered,Debit Card,204.3,Canada
4788,1287,2023-01-23,2023-01-26,2023-02-08,267.89748818578875,13.32,Delivered,PayPal,254.58,UK
4789,1303,2023-01-27,2023-01-28,2023-02-02,495.65185049519977,60.79,Shipped,Bank Transfer,434.86,Germany
4790,1311,2024-08-18,2024-08-21,2024-09-02,305.13405908096047,24.43,Delivered,Debit Card,280.7,France
4791,1208,2023-04-02,2023-04-05,2023-04-13,145.92920147687303,0.35,Shipped,PayPal,145.58,Germany
4792,1106,2023-10-27,2023-10-30,2023-11-11,209.11653463940232,5.24,Shipped,PayPal,203.88,Spain
4793,1446,2024-10-08,2024-10-10,2024-10-23,189.91178537448639,12.34,Pending,Bank Transfer,177.57,Poland
4794,1158,2023-02-28,2023-03-01,2023-03-12,974.4229580166834,110.11,Delivered,Bank Transfer,864.31,France
4795,1121,2023-12-08,2023-12-09,2023-12-14,771.3278815725499,135.98,Pending,Bank Transfer,635.35,Canada
4796,1055,2023-12-08,2023-12-10,2023-12-22,969.3733920060839,153.38,Shipped,Debit Card,815.99,Germany
4797,1400,2024-09-16,2024-09-17,2024-09-23,467.7534621825131,51.76,Processing,Debit Card,415.99,USA
4798,1012,2024-12-28,2024-12-30,2025-01-13,314.4500575795238,4.65,Shipped,Bank Transfer,309.8,USA
4799,1145,2024-12-06,2024-12-09,2024-12-20,808.3785373487274,46.22,Processing,Credit Card,762.16,Canada
4800,1400,2023-09-02,2023-09-03,2023-09-15,359.94122213908946,26.4,Delivered,Credit Card,333.54,USA
4801,1396,2024-02-16,2024-02-18,2024-03-02,334.4142050200809,41.58,Delivered,PayPal,292.83,Spain
4802,1136,2024-05-30,2024-06-01,2024-06-09,270.88069259743963,3.52,Processing,Credit Card,267.36,Spain
4803,1468,2023-06-27,2023-06-30,2023-07-05,173.19502931302358,18.37,Processing,PayPal,154.83,UK
4804,1003,2023-01-17,2023-01-20,2023-01-29,293.6399079659277,52.94,Processing,Debit Card,240.7,Poland
4805,1144,2024-10-20,2024-10-23,2024-10-29,387.5537610501933,54.68,Cancelled,Debit Card,332.87,UK
4806,1030,2024-05-02,2024-05-04,2024-05-15,690.2944977384439,110.04,Shipped,Credit Card,580.25,Canada
4807,1237,2024-05-03,2024-05-05,2024-05-11,109.436600108479,14.92,Shipped,Debit Card,94.52,Spain
4808,1279,2023-06-27,2023-06-28,2023-07-12,249.9815926820758,10.33,Processing,Bank Transfer,239.65,Canada
4809,1348,2024-07-21,2024-07-23,2024-08-05,818.5724582770926,18.09,Delivered,Bank Transfer,800.48,Spain
4810,1115,2023-03-23,2023-03-25,2023-04-08,189.5758274045822,31.45,Cancelled,Credit Card,158.13,Germany
4811,1104,2023-07-12,2023-07-14,2023-07-22,375.51288919639546,52.23,Delivered,Credit Card,323.28,Spain
4812,1118,2023-03-15,2023-03-17,2023-03-29,871.425975765233,100.22,Delivered,PayPal,771.21,USA
4813,1005,2023-10-17,2023-10-18,2023-10-30,197.17904558627052,7.46,Pending,Debit Card,189.72,UK
4814,1468,2023-07-12,2023-07-15,2023-07-20,128.5999938372804,15.52,Processing,PayPal,113.08,UK
4815,1360,2024-08-05,2024-08-06,2024-08-15,510.3110953260103,3.2,Pending,PayPal,507.11,Netherlands
4816,1248,2024-02-11,2024-02-14,2024-02-20,337.29853571460956,8.02,Processing,Bank Transfer,329.28,France
4817,1364,2024-03-16,2024-03-19,2024-03-31,585.2379462596614,36.51,Processing,Bank Transfer,548.73,Poland
4818,1321,2024-10-12,2024-10-15,2024-10-20,813.6146459593014,72.21,Processing,Bank Transfer,741.4,Canada
4819,1121,2024-11-07,2024-11-08,2024-11-16,180.29106374510602,4.35,Shipped,Bank Transfer,175.94,Canada
4820,1286,2023-11-08,2023-11-09,2023-11-21,601.6641303265708,14.43,Cancelled,PayPal,587.23,Netherlands
4821,1149,2023-12-05,2023-12-07,2023-12-18,530.2333223703707,76.98,Delivered,Bank Transfer,453.25,Canada
4822,1084,2024-01-03,2024-01-04,2024-01-13,186.87484671253958,21.29,Delivered,Debit Card,165.58,USA
4823,1454,2023-02-11,2023-02-13,2023-02-27,642.7985612525333,68.62,Delivered,Bank Transfer,574.18,UK
4824,1406,2023-09-01,2023-09-02,2023-09-07,309.95839696773305,28.05,Processing,Bank Transfer,281.91,France
4825,1466,2024-03-12,2024-03-13,2024-03-20,513.4426026168119,100.28,Delivered,Bank Transfer,413.16,Netherlands
4826,1456,2024-07-18,2024-07-19,2024-07-24,128.1587080632088,1.28,Processing,Credit Card,126.88,Germany
4827,1231,2024-03-05,2024-03-06,2024-03-15,486.6048543529419,17.58,Delivered,Debit Card,469.02,Spain
4828,1288,2023-04-14,2023-04-15,2023-04-20,341.1402946406793,44.18,Shipped,Debit Card,296.96,UK
4829,1161,2024-10-20,2024-10-23,2024-10-28,831.2621506260866,22.67,Returned,PayPal,808.59,USA
4830,1272,2024-12-05,2024-12-06,2024-12-19,104.12979064749987,12.27,Processing,PayPal,91.86,Spain
4831,1460,2023-06-03,2023-06-05,2023-06-18,447.67691117241344,50.83,Processing,Bank Transfer,396.85,Poland
4832,1038,2023-08-28,2023-08-30,2023-09-08,485.5098529248661,94.29,Cancelled,Credit Card,391.22,France
4833,1500,2023-07-23,2023-07-26,2023-08-05,738.7557724841628,130.52,Pending,PayPal,608.24,France
4834,1226,2023-05-23,2023-05-24,2023-06-01,595.5731963357005,112.63,Delivered,PayPal,482.94,Germany
4835,1142,2023-10-27,2023-10-29,2023-11-04,683.851720334472,15.54,Delivered,Bank Transfer,668.31,Spain
4836,1292,2023-03-05,2023-03-06,2023-03-13,788.1968213691683,136.85,Delivered,Bank Transfer,651.35,USA
4837,1481,2023-01-09,2023-01-12,2023-01-25,869.0928249752793,22.44,Returned,PayPal,846.65,Netherlands
4838,1151,2024-04-14,2024-04-16,2024-04-30,348.18172188634696,44.08,Returned,PayPal,304.1,UK
4839,1114,2024-11-16,2024-11-17,2024-11-25,561.1215700957077,80.81,Pending,Debit Card,480.31,France
4840,1237,2023-02-28,2023-03-01,2023-03-15,848.1026745172398,27.28,Delivered,Credit Card,820.82,Spain
4841,1066,2023-06-06,2023-06-09,2023-06-22,989.9785744168037,125.26,Delivered,Debit Card,864.72,Germany
4842,1361,2024-07-26,2024-07-27,2024-08-08,895.043345491575,9.39,Delivered,PayPal,885.65,Germany
4843,1341,2023-07-22,2023-07-23,2023-08-01,402.89389949315796,23.63,Processing,Debit Card,379.26,USA
4844,1258,2023-04-16,2023-04-17,2023-05-01,235.4081913577179,43.37,Delivered,Debit Card,192.04,Canada
4845,1475,2023-11-14,2023-11-16,2023-11-27,514.9229105362592,17.69,Returned,PayPal,497.23,USA
4846,1249,2023-11-12,2023-11-14,2023-11-23,754.5593792442402,9.85,Cancelled,Bank Transfer,744.71,Netherlands
4847,1457,2024-09-16,2024-09-18,2024-10-02,517.9406172156328,45.96,Shipped,PayPal,471.98,USA
4848,1449,2023-03-11,2023-03-14,2023-03-28,509.02182014798507,86.6,Pending,Bank Transfer,422.42,Spain
4849,1331,2024-05-09,2024-05-12,2024-05-23,846.3189000277106,12.98,Shipped,PayPal,833.34,UK
4850,1323,2024-06-26,2024-06-29,2024-07-09,393.33359011382703,27.97,Delivered,PayPal,365.36,Spain
4851,1180,2023-07-13,2023-07-14,2023-07-28,866.8049410710634,155.99,Delivered,PayPal,710.81,Spain
4852,1190,2023-10-08,2023-10-11,2023-10-18,436.4645609041374,10.31,Shipped,Credit Card,426.15,USA
4853,1407,2024-03-14,2024-03-17,2024-03-24,361.8214503944224,22.48,Pending,Bank Transfer,339.34,Germany
4854,1154,2023-08-11,2023-08-12,2023-08-21,481.29041563971407,74.93,Shipped,Credit Card,406.36,Poland
4855,1196,2023-07-11,2023-07-13,2023-07-19,774.3246107411251,84.12,Shipped,PayPal,690.2,Canada
4856,1466,2024-05-30,2024-06-01,2024-06-08,169.70192647079455,28.25,Cancelled,Debit Card,141.45,Netherlands
4857,1311,2024-06-15,2024-06-17,2024-06-30,236.5982550784165,5.28,Delivered,Credit Card,231.32,France
4858,1262,2024-08-14,2024-08-16,2024-08-26,953.8725843799374,175.62,Shipped,Bank Transfer,778.25,UK
4859,1419,2024-06-20,2024-06-21,2024-07-04,216.7170460122895,40.52,Shipped,PayPal,176.2,Poland
4860,1406,2024-07-03,2024-07-04,2024-07-11,589.3409520345018,18.31,Pending,Credit Card,571.03,France
4861,1427,2023-05-07,2023-05-08,2023-05-15,600.348743328841,4.07,Returned,Debit Card,596.28,Poland
4862,1143,2024-05-12,2024-05-14,2024-05-27,515.1432389477325,101.98,Shipped,Credit Card,413.16,Canada
4863,1342,2023-09-20,2023-09-22,2023-10-02,662.5079861479777,63.9,Shipped,Bank Transfer,598.61,Canada
4864,1316,2024-12-25,2024-12-28,2025-01-05,268.33538950773755,30.7,Shipped,Credit Card,237.64,USA
4865,1101,2023-12-26,2023-12-27,2024-01-10,575.0291543879108,70.83,Delivered,Debit Card,504.2,Netherlands
4866,1244,2023-08-29,2023-09-01,2023-09-10,403.5645924845523,63.74,Delivered,Debit Card,339.82,Netherlands
4867,1490,2023-08-10,2023-08-12,2023-08-20,678.5838966477296,110.2,Delivered,Bank Transfer,568.38,UK
4868,1012,2024-08-14,2024-08-17,2024-08-28,184.162366204492,7.14,Processing,Debit Card,177.02,USA
4869,1239,2024-01-21,2024-01-24,2024-01-30,592.3335459975024,28.03,Shipped,PayPal,564.3,Germany
4870,1049,2023-07-08,2023-07-09,2023-07-18,226.00683761415752,39.63,Processing,Debit Card,186.38,Spain
4871,1042,2024-04-03,2024-04-04,2024-04-13,314.71090995928455,51.58,Delivered,PayPal,263.13,Poland
4872,1166,2023-04-23,2023-04-25,2023-05-03,257.77431030740405,31.84,Pending,Credit Card,225.93,Germany
4873,1082,2023-03-20,2023-03-23,2023-04-02,223.69589087537625,44.5,Shipped,PayPal,179.2,Poland
4874,1429,2024-11-04,2024-11-05,2024-11-18,834.4254039826336,122.69,Cancelled,PayPal,711.74,Netherlands
4875,1291,2023-01-17,2023-01-19,2023-02-01,321.4221892778458,13.87,Cancelled,Credit Card,307.55,Spain
4876,1158,2023-07-29,2023-08-01,2023-08-07,930.7675927712269,157.61,Shipped,Debit Card,773.16,France
4877,1216,2024-03-04,2024-03-06,2024-03-18,971.4301990779313,80.58,Shipped,PayPal,890.85,UK
4878,1490,2023-03-21,2023-03-23,2023-04-06,592.6974464402425,4.29,Pending,Debit Card,588.41,UK
4879,1158,2024-06-13,2024-06-16,2024-06-21,185.8510665324401,11.95,Delivered,Credit Card,173.9,France
4880,1462,2023-05-15,2023-05-17,2023-05-31,405.8208312106022,61.97,Delivered,Bank Transfer,343.85,Germany
4881,1134,2024-08-03,2024-08-04,2024-08-11,807.8456501808033,155.14,Processing,Debit Card,652.71,France
4882,1067,2023-03-24,2023-03-25,2023-04-01,399.0211922622169,22.04,Shipped,Debit Card,376.98,Spain
4883,1336,2024-10-05,2024-10-06,2024-10-13,132.66635738764933,6.54,Delivered,Bank Transfer,126.13,Spain
4884,1007,2023-01-18,2023-01-19,2023-01-26,578.9456653817786,65.26,Cancelled,Bank Transfer,513.69,Canada
4885,1436,2023-10-21,2023-10-24,2023-10-31,852.864808921233,138.45,Processing,Credit Card,714.41,USA
4886,1014,2024-06-14,2024-06-15,2024-06-21,806.1300677863272,120.36,Shipped,Debit Card,685.77,Poland
4887,1073,2023-05-21,2023-05-23,2023-06-06,216.36698312383558,24.23,Processing,Debit Card,192.14,Spain
4888,1399,2023-07-08,2023-07-09,2023-07-15,689.1263836918433,87.02,Processing,Credit Card,602.11,Germany
4889,1405,2024-10-31,2024-11-03,2024-11-13,259.4790502638648,12.56,Cancelled,Debit Card,246.92,UK
4890,1163,2023-02-02,2023-02-03,2023-02-08,257.2971578245636,22.26,Delivered,PayPal,235.04,Canada
4891,1066,2023-11-26,2023-11-28,2023-12-05,880.3681846399259,44.96,Delivered,PayPal,835.41,Germany
4892,1347,2023-03-12,2023-03-13,2023-03-20,287.18550510321865,50.8,Pending,PayPal,236.39,France
4893,1130,2024-12-28,2024-12-31,2025-01-13,300.0849791921106,6.76,Delivered,Debit Card,293.32,Spain
4894,1419,2023-06-29,2023-07-01,2023-07-09,50.620721223234575,6.88,Shipped,PayPal,43.74,Poland
4895,1466,2023-01-05,2023-01-06,2023-01-17,877.1355824192418,45.66,Shipped,PayPal,831.48,Netherlands
4896,1206,2023-12-26,2023-12-27,2024-01-05,802.965072548678,76.37,Shipped,Credit Card,726.6,USA
4897,1276,2024-03-14,2024-03-17,2024-03-29,645.9624883361441,38.68,Pending,Credit Card,607.28,Poland
4898,1466,2023-10-08,2023-10-11,2023-10-17,762.7524757419002,49.31,Delivered,Bank Transfer,713.44,Netherlands
4899,1256,2023-04-25,2023-04-27,2023-05-11,194.44613905326722,10.13,Shipped,Bank Transfer,184.32,Netherlands
4900,1266,2023-07-18,2023-07-20,2023-07-26,485.40741485819666,73.08,Processing,Bank Transfer,412.33,USA
4901,1025,2024-10-31,2024-11-02,2024-11-08,383.65841798134187,28.06,Processing,Bank Transfer,355.6,UK
4902,1450,2023-01-31,2023-02-01,2023-02-09,139.08769994416565,20.21,Processing,Credit Card,118.88,Germany
4903,1281,2023-06-26,2023-06-28,2023-07-05,511.8239609541779,46.69,Pending,Credit Card,465.13,UK
4904,1253,2024-06-18,2024-06-20,2024-06-25,924.7026678255036,101.21,Shipped,Credit Card,823.49,Poland
4905,1310,2023-08-18,2023-08-21,2023-08-28,88.05616309815976,9.57,Delivered,PayPal,78.49,Germany
4906,1289,2023-04-10,2023-04-11,2023-04-19,326.8878678191042,63.8,Pending,PayPal,263.09,Canada
4907,1164,2023-02-24,2023-02-27,2023-03-11,247.1638893954183,18.14,Pending,Bank Transfer,229.02,Canada
4908,1095,2024-02-28,2024-03-02,2024-03-13,276.2393209824115,11.47,Shipped,PayPal,264.77,Spain
4909,1270,2023-09-15,2023-09-16,2023-09-26,913.0128242854065,166.5,Delivered,Debit Card,746.51,UK
4910,1321,2023-08-08,2023-08-10,2023-08-18,494.6656015225756,17.3,Shipped,Credit Card,477.37,Canada
4911,1110,2024-02-20,2024-02-21,2024-03-06,492.98444229282785,82.27,Shipped,Bank Transfer,410.71,France
4912,1336,2023-11-05,2023-11-07,2023-11-20,772.5468603325182,23.21,Shipped,Bank Transfer,749.34,Spain
4913,1310,2024-04-03,2024-04-06,2024-04-12,196.7675938046795,25.92,Processing,Debit Card,170.85,Germany
4914,1238,2023-11-27,2023-11-28,2023-12-04,512.9020863950482,15.44,Pending,PayPal,497.46,Canada
4915,1381,2024-12-07,2024-12-10,2024-12-16,458.48595341500675,84.64,Delivered,Bank Transfer,373.85,Spain
4916,1436,2024-05-21,2024-05-24,2024-06-07,617.0651560193234,69.73,Delivered,PayPal,547.34,USA
4917,1387,2023-08-23,2023-08-26,2023-09-08,999.5798180879167,65.83,Shipped,PayPal,933.75,Poland
4918,1483,2023-07-31,2023-08-01,2023-08-08,780.9764493779447,21.92,Delivered,Debit Card,759.06,UK
4919,1425,2024-10-02,2024-10-05,2024-10-14,427.9724178665558,31.77,Delivered,Bank Transfer,396.2,UK
4920,1390,2024-07-07,2024-07-09,2024-07-15,836.1753996603446,117.9,Processing,PayPal,718.28,Canada
4921,1025,2023-08-16,2023-08-18,2023-08-24,212.17294514685616,16.34,Shipped,PayPal,195.83,UK
4922,1141,2023-08-31,2023-09-01,2023-09-09,78.94050199351211,3.89,Processing,Debit Card,75.05,Spain
4923,1117,2024-03-25,2024-03-28,2024-04-11,244.2259538410594,28.2,Processing,Debit Card,216.03,Germany
4924,1482,2024-11-20,2024-11-22,2024-12-02,373.39097830854666,31.2,Delivered,PayPal,342.19,Netherlands
4925,1392,2024-11-25,2024-11-27,2024-12-07,535.0517195865818,17.74,Cancelled,Debit Card,517.31,Poland
4926,1405,2024-06-17,2024-06-20,2024-06-27,634.3726835141398,19.54,Returned,PayPal,614.83,UK
4927,1482,2024-02-24,2024-02-26,2024-03-09,915.0754313537007,129.48,Delivered,Bank Transfer,785.6,Netherlands
4928,1452,2023-11-04,2023-11-06,2023-11-20,534.3613090729348,104.17,Processing,Credit Card,430.19,Spain
4929,1025,2024-02-24,2024-02-26,2024-03-10,526.211862394443,24.53,Processing,Debit Card,501.68,UK
4930,1079,2024-07-26,2024-07-28,2024-08-09,97.73085933183302,15.11,Delivered,Credit Card,82.62,Canada
4931,1068,2023-07-03,2023-07-06,2023-07-20,83.16597502341261,1.46,Shipped,PayPal,81.71,USA
4932,1173,2024-02-13,2024-02-14,2024-02-24,573.6019638205535,43.77,Delivered,PayPal,529.83,Poland
4933,1444,2024-09-18,2024-09-21,2024-10-03,466.2696825859273,47.25,Delivered,PayPal,419.02,France
4934,1012,2023-09-22,2023-09-25,2023-10-03,847.2213752312837,45.54,Delivered,Credit Card,801.68,USA
4935,1288,2024-09-08,2024-09-11,2024-09-23,202.6456054762529,21.46,Delivered,PayPal,181.19,UK
4936,1128,2024-01-06,2024-01-09,2024-01-18,73.72307901119711,13.01,Pending,Debit Card,60.71,UK
4937,1096,2023-03-24,2023-03-27,2023-04-06,476.58682953361955,90.02,Delivered,Bank Transfer,386.57,UK
4938,1092,2023-07-30,2023-07-31,2023-08-05,275.60462891464465,5.54,Cancelled,Bank Transfer,270.06,USA
4939,1141,2024-05-04,2024-05-07,2024-05-21,97.13365467189558,5.28,Processing,Debit Card,91.85,Spain
4940,1031,2024-09-10,2024-09-13,2024-09-20,738.3683725052475,144.59,Delivered,Bank Transfer,593.78,Canada
4941,1334,2023-03-03,2023-03-06,2023-03-12,156.0133499593851,8.44,Shipped,Credit Card,147.57,Poland
4942,1020,2023-06-02,2023-06-05,2023-06-13,627.9035250073831,86.99,Returned,PayPal,540.91,Poland
4943,1146,2024-11-28,2024-11-29,2024-12-09,316.9972626585447,16.07,Pending,PayPal,300.93,Spain
4944,1477,2023-06-27,2023-06-28,2023-07-09,214.82124783727093,15.31,Shipped,PayPal,199.51,Canada
4945,1316,2024-10-22,2024-10-25,2024-11-02,410.76394677335156,15.71,Processing,Credit Card,395.05,USA
4946,1447,2024-06-24,2024-06-26,2024-07-07,811.373487411806,138.96,Delivered,Credit Card,672.41,Germany
4947,1390,2023-02-19,2023-02-22,2023-03-02,422.4888980593441,74.58,Processing,Credit Card,347.91,Canada
4948,1160,2024-01-07,2024-01-08,2024-01-15,763.2311667505029,45.32,Processing,Debit Card,717.91,Spain
4949,1349,2023-12-07,2023-12-08,2023-12-14,169.21198195919317,27.87,Shipped,Credit Card,141.34,Germany
4950,1043,2023-07-12,2023-07-15,2023-07-28,784.1328486818252,56.18,Cancelled,Bank Transfer,727.95,Netherlands
4951,1254,2023-04-07,2023-04-09,2023-04-20,275.0866586613162,5.45,Processing,Debit Card,269.64,Canada
4952,1130,2023-05-27,2023-05-30,2023-06-04,693.5234733944292,105.15,Processing,Debit Card,588.37,Spain
4953,1060,2023-10-22,2023-10-25,2023-11-08,587.4924770989466,70.08,Delivered,Debit Card,517.41,Spain
4954,1151,2024-11-14,2024-11-16,2024-11-26,932.687481351103,51.18,Shipped,Credit Card,881.51,UK
4955,1467,2024-05-26,2024-05-29,2024-06-08,417.95639207654835,21.15,Cancelled,Debit Card,396.81,UK
4956,1287,2024-11-29,2024-12-01,2024-12-09,112.85692939271843,22.02,Processing,Credit Card,90.84,UK
4957,1499,2024-05-26,2024-05-29,2024-06-10,68.19771127369026,11.76,Delivered,Credit Card,56.44,UK
4958,1005,2023-04-15,2023-04-17,2023-04-28,835.5156329241155,135.32,Processing,Debit Card,700.2,UK
4959,1467,2023-02-10,2023-02-11,2023-02-20,548.4988557783606,14.04,Processing,PayPal,534.46,UK
4960,1418,2023-11-17,2023-11-19,2023-12-01,786.4818492432019,118.79,Delivered,PayPal,667.69,USA
4961,1266,2024-06-13,2024-06-14,2024-06-19,272.70432001093894,11.7,Shipped,Debit Card,261.0,USA
4962,1345,2023-07-29,2023-08-01,2023-08-15,377.82955823757203,73.86,Delivered,PayPal,303.97,Poland
4963,1130,2024-01-17,2024-01-18,2024-01-29,78.59867860075299,0.82,Shipped,Bank Transfer,77.78,Spain
4964,1382,2023-01-05,2023-01-07,2023-01-19,963.4177083454066,67.85,Shipped,Bank Transfer,895.57,UK
4965,1267,2023-05-25,2023-05-28,2023-06-08,684.4745113657727,58.68,Shipped,Credit Card,625.79,Germany
4966,1178,2024-04-09,2024-04-11,2024-04-21,936.5448333713409,154.38,Returned,PayPal,782.16,Netherlands
4967,1253,2023-09-28,2023-09-29,2023-10-05,302.2215870576187,46.31,Processing,Bank Transfer,255.91,Poland
4968,1415,2024-05-12,2024-05-13,2024-05-22,630.8904306643778,47.32,Processing,Debit Card,583.57,Canada
4969,1056,2023-05-29,2023-06-01,2023-06-11,694.574969878006,78.56,Shipped,PayPal,616.01,France
4970,1463,2024-03-25,2024-03-28,2024-04-02,351.67221524470904,58.77,Shipped,Bank Transfer,292.9,Spain
4971,1457,2023-10-04,2023-10-07,2023-10-13,855.7037732648486,3.11,Processing,Bank Transfer,852.59,USA
4972,1471,2023-08-06,2023-08-08,2023-08-16,949.8033897552355,152.38,Cancelled,Debit Card,797.42,Poland
4973,1083,2023-10-17,2023-10-20,2023-11-02,890.6123618112041,168.66,Processing,Credit Card,721.95,Germany
4974,1393,2024-12-11,2024-12-13,2024-12-20,752.1136271424039,4.82,Cancelled,Debit Card,747.29,France
4975,1099,2023-07-26,2023-07-28,2023-08-09,313.59144573870634,2.86,Processing,Credit Card,310.73,Netherlands
4976,1149,2023-09-22,2023-09-23,2023-10-04,317.53524000035014,21.88,Delivered,Bank Transfer,295.66,Canada
4977,1329,2023-02-05,2023-02-06,2023-02-18,965.192304423736,16.94,Cancelled,Credit Card,948.25,Netherlands
4978,1156,2023-09-16,2023-09-18,2023-09-25,59.770271138907425,5.73,Processing,Bank Transfer,54.04,USA
4979,1190,2023-01-23,2023-01-24,2023-02-04,730.2474745800373,106.43,Returned,Bank Transfer,623.82,USA
4980,1494,2024-12-16,2024-12-17,2024-12-24,720.9338544274991,81.74,Shipped,PayPal,639.19,Netherlands
4981,1371,2023-11-03,2023-11-05,2023-11-17,641.5550639023076,25.2,Cancelled,Credit Card,616.36,UK
4982,1263,2023-03-10,2023-03-12,2023-03-19,990.6034037825225,129.73,Delivered,Credit Card,860.87,Canada
4983,1080,2024-07-28,2024-07-30,2024-08-07,346.28546397553896,47.43,Shipped,Credit Card,298.86,Canada
4984,1400,2024-02-12,2024-02-14,2024-02-25,372.9732706035858,69.56,Processing,Debit Card,303.41,USA
4985,1252,2023-01-31,2023-02-02,2023-02-09,124.99243279922777,3.67,Shipped,PayPal,121.32,USA
4986,1097,2023-07-26,2023-07-27,2023-08-03,470.6582297165506,65.17,Pending,PayPal,405.49,France
4987,1260,2024-01-22,2024-01-24,2024-01-30,297.9960999231057,54.32,Processing,PayPal,243.68,Germany
4988,1260,2023-12-19,2023-12-22,2024-01-05,376.21736706876203,37.74,Processing,Debit Card,338.48,Germany
4989,1103,2023-10-16,2023-10-19,2023-10-28,842.8432007428463,60.99,Shipped,Credit Card,781.85,Canada
4990,1040,2023-05-20,2023-05-21,2023-06-02,938.7102878511209,32.06,Delivered,Credit Card,906.65,Poland
4991,1273,2024-03-03,2024-03-04,2024-03-13,226.44641840492633,39.26,Processing,Credit Card,187.19,Poland
4992,1101,2023-12-22,2023-12-23,2023-12-30,403.88348497579256,31.85,Processing,PayPal,372.03,Netherlands
4993,1359,2024-06-16,2024-06-19,2024-06-28,932.1990340096244,172.43,Delivered,PayPal,759.77,Poland
4994,1380,2024-01-17,2024-01-18,2024-01-28,108.7180376547615,18.43,Processing,Bank Transfer,90.29,USA
4995,1308,2023-03-14,2023-03-15,2023-03-29,137.7425017058096,10.38,Pending,Debit Card,127.36,France
4996,1221,2024-08-12,2024-08-14,2024-08-19,204.65143974591788,23.49,Processing,Debit Card,181.16,Netherlands
4997,1308,2023-12-08,2023-12-10,2023-12-22,615.452192420531,3.34,Cancelled,PayPal,612.11,France
4998,1420,2023-11-27,2023-11-30,2023-12-14,192.9486574556976,10.16,Delivered,Bank Transfer,182.79,France
4999,1124,2024-12-02,2024-12-04,2024-12-14,969.6725623781969,137.75,Shipped,Credit Card,831.92,France
5000,1422,2023-07-10,2023-07-11,2023-07-17,474.37880089559434,64.32,Delivered,PayPal,410.06,Canada
