order_item_id,order_id,product_id,quantity,unit_price,line_total,discount_percent
4001,3001,2045,2,1222.5,2322.75,5
4002,3001,2073,3,83.93,251.79,0
4003,3001,2082,2,32.76,65.52,0
4004,3002,2020,4,857.35,2743.52,20
4005,3002,2023,1,67.99,64.59,5
4006,3002,2070,4,237.56,855.22,10
4007,3003,2024,1,48.34,48.34,0
4008,3003,2069,4,1040.52,4162.08,0
4009,3003,2046,3,358.44,1075.32,0
4010,3003,2041,4,33.25,133.0,0
4011,3003,2044,1,188.1,188.1,0
4012,3004,2021,4,276.48,1105.92,0
4013,3004,2018,1,32.47,32.47,0
4014,3004,2063,3,373.81,1065.36,5
4015,3004,2064,1,480.18,480.18,0
4016,3004,2016,3,15.11,38.53,15
4017,3005,2099,3,221.86,665.58,0
4018,3005,2094,1,259.12,246.16,5
4019,3006,2054,2,273.62,519.88,5
4020,3007,2080,1,200.83,200.83,0
4021,3007,2047,2,69.63,132.3,5
4022,3007,2055,2,1703.16,3406.32,0
4023,3008,2076,1,13.31,12.64,5
4024,3008,2071,4,21.19,84.76,0
4025,3008,2080,4,200.83,803.32,0
4026,3009,2039,3,448.11,1344.33,0
4027,3009,2079,4,29.21,116.84,0
4028,3009,2001,3,81.68,245.04,0
4029,3010,2042,1,1820.54,1547.46,15
4030,3010,2097,1,632.61,600.98,5
4031,3010,2031,1,43.62,41.44,5
4032,3010,2008,1,25.42,20.34,20
4033,3011,2057,4,40.83,163.32,0
4034,3011,2007,4,181.55,653.58,10
4035,3011,2076,2,13.31,23.96,10
4036,3011,2039,1,448.11,448.11,0
4037,3011,2083,4,555.23,2109.87,5
4038,3012,2044,3,188.1,564.3,0
4039,3012,2028,1,13.67,12.99,5
4040,3012,2086,2,119.99,239.98,0
4041,3013,2092,4,40.28,136.95,15
4042,3013,2094,1,259.12,259.12,0
4043,3013,2043,3,46.31,138.93,0
4044,3013,2072,1,34.11,32.4,5
4045,3014,2096,2,127.97,243.14,5
4046,3014,2043,2,46.31,87.99,5
4047,3014,2059,4,1543.12,5555.23,10
4048,3014,2036,3,43.48,130.44,0
4049,3014,2064,3,480.18,1296.49,10
4050,3015,2063,4,373.81,1495.24,0
4051,3016,2003,2,413.8,744.84,10
4052,3016,2065,3,209.37,628.11,0
4053,3016,2078,4,217.4,869.6,0
4054,3016,2073,1,83.93,79.73,5
4055,3017,2092,1,40.28,40.28,0
4056,3017,2050,2,388.25,660.02,15
4057,3018,2085,2,352.02,704.04,0
4058,3018,2020,3,857.35,2572.05,0
4059,3018,2093,2,903.01,1806.02,0
4060,3019,2074,4,47.62,190.48,0
4061,3019,2026,4,344.85,1379.4,0
4062,3019,2021,4,276.48,1105.92,0
4063,3020,2073,2,83.93,142.68,15
4064,3020,2089,4,19.64,78.56,0
4065,3020,2029,1,96.44,86.8,10
4066,3020,2082,4,32.76,131.04,0
4067,3021,2074,2,47.62,90.48,5
4068,3021,2049,1,98.58,98.58,0
4069,3021,2055,3,1703.16,5109.48,0
4070,3022,2034,4,282.04,1128.16,0
4071,3022,2060,4,49.95,179.82,10
4072,3023,2004,1,810.03,769.53,5
4073,3023,2093,3,903.01,2573.58,5
4074,3023,2057,2,40.83,81.66,0
4075,3024,2078,1,217.4,173.92,20
4076,3024,2061,4,65.34,261.36,0
4077,3024,2092,1,40.28,32.22,20
4078,3025,2068,4,130.11,520.44,0
4079,3026,2034,1,282.04,267.94,5
4080,3026,2064,2,480.18,912.34,5
4081,3027,2002,3,1730.96,4933.24,5
4082,3027,2041,1,33.25,33.25,0
4083,3027,2034,4,282.04,1128.16,0
4084,3027,2002,3,1730.96,5192.88,0
4085,3028,2042,2,1820.54,3276.97,10
4086,3028,2034,2,282.04,479.47,15
4087,3029,2080,1,200.83,200.83,0
4088,3029,2060,4,49.95,199.8,0
4089,3030,2076,2,13.31,26.62,0
4090,3030,2054,4,273.62,930.31,15
4091,3031,2053,3,29.11,82.96,5
4092,3031,2081,1,77.16,77.16,0
4093,3031,2075,3,1371.74,3909.46,5
4094,3032,2047,4,69.63,278.52,0
4095,3032,2053,4,29.11,116.44,0
4096,3032,2052,1,856.26,813.45,5
4097,3033,2064,3,480.18,1440.54,0
4098,3033,2093,2,903.01,1535.12,15
4099,3033,2045,4,1222.5,4401.0,10
4100,3034,2083,3,555.23,1499.12,10
4101,3034,2092,3,40.28,102.71,15
4102,3034,2090,1,140.69,119.59,15
4103,3035,2042,1,1820.54,1820.54,0
4104,3035,2077,4,284.76,1139.04,0
4105,3035,2059,1,1543.12,1543.12,0
4106,3035,2031,2,43.62,74.15,15
4107,3036,2034,1,282.04,239.73,15
4108,3036,2098,1,303.18,303.18,0
4109,3037,2075,4,1371.74,4938.26,10
4110,3037,2014,1,80.82,80.82,0
4111,3037,2022,3,1084.43,3253.29,0
4112,3038,2095,2,43.25,86.5,0
4113,3039,2095,3,43.25,103.8,20
4114,3039,2083,3,555.23,1415.84,15
4115,3039,2055,2,1703.16,3406.32,0
4116,3040,2047,1,69.63,66.15,5
4117,3040,2024,2,48.34,96.68,0
4118,3040,2041,3,33.25,99.75,0
4119,3040,2011,2,1022.5,2045.0,0
4120,3040,2066,1,181.12,153.95,15
4121,3040,2018,2,32.47,64.94,0
4122,3041,2080,4,200.83,722.99,10
4123,3041,2081,4,77.16,308.64,0
4124,3042,2036,1,43.48,43.48,0
4125,3043,2052,4,856.26,3425.04,0
4126,3043,2098,2,303.18,606.36,0
4127,3044,2003,1,413.8,372.42,10
4128,3044,2097,2,632.61,1265.22,0
4129,3045,2072,2,34.11,61.4,10
4130,3045,2049,1,98.58,98.58,0
4131,3045,2019,4,346.33,1316.05,5
4132,3046,2030,2,47.85,95.7,0
4133,3046,2038,3,56.71,161.62,5
4134,3046,2096,1,127.97,127.97,0
4135,3046,2033,3,36.7,99.09,10
4136,3046,2100,3,35.57,96.04,10
4137,3046,2081,1,77.16,69.44,10
4138,3047,2087,2,33.41,66.82,0
4139,3047,2031,3,43.62,124.32,5
4140,3047,2051,3,377.22,1131.66,0
4141,3047,2034,3,282.04,803.81,5
4142,3047,2056,2,286.88,573.76,0
4143,3048,2094,3,259.12,738.49,5
4144,3048,2057,3,40.83,122.49,0
4145,3048,2097,1,632.61,537.72,15
4146,3049,2091,3,18.29,54.87,0
4147,3049,2004,3,810.03,1944.07,20
4148,3049,2099,1,221.86,221.86,0
4149,3050,2072,3,34.11,102.33,0
4150,3050,2068,3,130.11,370.81,5
4151,3050,2028,2,13.67,21.87,20
4152,3051,2043,3,46.31,125.04,10
4153,3051,2059,2,1543.12,2777.62,10
4154,3051,2054,4,273.62,1094.48,0
4155,3051,2080,2,200.83,381.58,5
4156,3051,2031,3,43.62,130.86,0
4157,3051,2013,4,48.7,175.32,10
4158,3052,2022,2,1084.43,1951.97,10
4159,3053,2013,2,48.7,97.4,0
4160,3053,2070,1,237.56,213.8,10
4161,3053,2075,1,1371.74,1371.74,0
4162,3053,2033,4,36.7,124.78,15
4163,3053,2083,1,555.23,499.71,10
4164,3054,2087,4,33.41,120.28,10
4165,3054,2032,2,48.97,97.94,0
4166,3054,2051,3,377.22,961.91,15
4167,3054,2033,2,36.7,66.06,10
4168,3054,2059,2,1543.12,3086.24,0
4169,3055,2071,1,21.19,20.13,5
4170,3055,2031,1,43.62,43.62,0
4171,3055,2073,4,83.93,302.15,10
4172,3056,2092,3,40.28,120.84,0
4173,3056,2015,2,296.44,533.59,10
4174,3057,2050,3,388.25,1048.28,10
4175,3057,2003,3,413.8,1241.4,0
4176,3058,2093,3,903.01,2438.13,10
4177,3058,2021,3,276.48,829.44,0
4178,3059,2001,4,81.68,294.05,10
4179,3059,2031,2,43.62,87.24,0
4180,3060,2095,3,43.25,110.29,15
4181,3060,2098,3,303.18,818.59,10
4182,3061,2076,4,13.31,50.58,5
4183,3061,2046,3,358.44,914.02,15
4184,3061,2034,4,282.04,1128.16,0
4185,3061,2061,1,65.34,65.34,0
4186,3062,2001,1,81.68,81.68,0
4187,3062,2043,2,46.31,83.36,10
4188,3062,2090,1,140.69,140.69,0
4189,3062,2088,4,1635.62,6215.36,5
4190,3063,2030,4,47.85,191.4,0
4191,3063,2079,3,29.21,83.25,5
4192,3063,2069,4,1040.52,3953.98,5
4193,3064,2098,1,303.18,303.18,0
4194,3064,2001,1,81.68,73.51,10
4195,3064,2100,1,35.57,35.57,0
4196,3064,2052,1,856.26,856.26,0
4197,3064,2049,4,98.58,394.32,0
4198,3065,2057,3,40.83,122.49,0
4199,3065,2096,1,127.97,127.97,0
4200,3065,2055,3,1703.16,5109.48,0
4201,3065,2056,1,286.88,272.54,5
4202,3066,2074,1,47.62,47.62,0
4203,3066,2018,3,32.47,97.41,0
4204,3066,2001,1,81.68,73.51,10
4205,3067,2062,3,1545.39,3708.94,20
4206,3067,2026,3,344.85,982.82,5
4207,3068,2087,4,33.41,126.96,5
4208,3068,2042,3,1820.54,5461.62,0
4209,3068,2042,1,1820.54,1820.54,0
4210,3068,2078,2,217.4,434.8,0
4211,3068,2064,3,480.18,1440.54,0
4212,3069,2003,1,413.8,372.42,10
4213,3069,2024,2,48.34,82.18,15
4214,3070,2069,1,1040.52,1040.52,0
4215,3070,2095,1,43.25,43.25,0
4216,3070,2031,4,43.62,165.76,5
4217,3070,2067,2,330.49,594.88,10
4218,3070,2034,1,282.04,253.84,10
4219,3071,2026,2,344.85,655.22,5
4220,3072,2096,3,127.97,383.91,0
4221,3072,2097,1,632.61,600.98,5
4222,3072,2098,3,303.18,909.54,0
4223,3073,2041,2,33.25,63.18,5
4224,3073,2064,4,480.18,1920.72,0
4225,3073,2081,2,77.16,154.32,0
4226,3074,2086,3,119.99,305.97,15
4227,3074,2041,2,33.25,59.85,10
4228,3074,2052,4,856.26,3425.04,0
4229,3075,2004,1,810.03,810.03,0
4230,3075,2080,3,200.83,602.49,0
4231,3075,2090,3,140.69,422.07,0
4232,3075,2043,3,46.31,138.93,0
4233,3076,2098,1,303.18,272.86,10
4234,3076,2075,2,1371.74,2743.48,0
4235,3076,2048,3,880.52,2245.33,15
4236,3076,2019,2,346.33,692.66,0
4237,3076,2076,4,13.31,53.24,0
4238,3077,2021,1,276.48,276.48,0
4239,3077,2026,4,344.85,1103.52,20
4240,3077,2066,4,181.12,724.48,0
4241,3077,2094,4,259.12,829.18,20
4242,3078,2039,1,448.11,448.11,0
4243,3078,2033,4,36.7,139.46,5
4244,3078,2062,1,1545.39,1545.39,0
4245,3078,2050,3,388.25,1164.75,0
4246,3078,2044,2,188.1,338.58,10
4247,3079,2095,4,43.25,173.0,0
4248,3080,2056,3,286.88,817.61,5
4249,3080,2006,4,34.68,138.72,0
4250,3080,2052,2,856.26,1712.52,0
4251,3080,2096,2,127.97,255.94,0
4252,3080,2027,4,1239.54,4958.16,0
4253,3081,2054,4,273.62,985.03,10
4254,3081,2063,2,373.81,747.62,0
4255,3081,2069,1,1040.52,1040.52,0
4256,3081,2075,3,1371.74,3292.18,20
4257,3082,2089,4,19.64,78.56,0
4258,3082,2020,2,857.35,1714.7,0
4259,3082,2052,1,856.26,813.45,5
4260,3082,2096,4,127.97,460.69,10
4261,3082,2016,4,15.11,51.37,15
4262,3082,2071,3,21.19,63.57,0
4263,3083,2087,2,33.41,56.8,15
4264,3083,2092,4,40.28,161.12,0
4265,3083,2091,3,18.29,49.38,10
4266,3084,2041,1,33.25,33.25,0
4267,3084,2073,4,83.93,268.58,20
4268,3084,2058,2,46.76,93.52,0
4269,3084,2046,2,358.44,716.88,0
4270,3085,2022,3,1084.43,3253.29,0
4271,3085,2053,4,29.11,116.44,0
4272,3085,2094,2,259.12,492.33,5
4273,3085,2060,2,49.95,99.9,0
4274,3085,2027,4,1239.54,4710.25,5
4275,3085,2030,3,47.85,122.02,15
4276,3086,2080,2,200.83,401.66,0
4277,3086,2091,1,18.29,18.29,0
4278,3086,2079,1,29.21,27.75,5
4279,3087,2080,1,200.83,180.75,10
4280,3088,2092,3,40.28,108.76,10
4281,3088,2099,1,221.86,221.86,0
4282,3088,2055,2,1703.16,3236.0,5
4283,3088,2097,3,632.61,1802.94,5
4284,3089,2083,1,555.23,499.71,10
4285,3089,2029,2,96.44,183.24,5
4286,3090,2040,2,30.53,61.06,0
4287,3090,2066,3,181.12,461.86,15
4288,3090,2048,2,880.52,1761.04,0
4289,3090,2073,3,83.93,251.79,0
4290,3091,2061,1,65.34,65.34,0
4291,3091,2007,1,181.55,181.55,0
4292,3092,2063,2,373.81,710.24,5
4293,3092,2042,4,1820.54,7282.16,0
4294,3092,2008,3,25.42,76.26,0
4295,3093,2095,1,43.25,38.93,10
4296,3093,2096,2,127.97,255.94,0
4297,3093,2096,4,127.97,486.29,5
4298,3094,2093,3,903.01,2709.03,0
4299,3094,2033,2,36.7,73.4,0
4300,3095,2075,4,1371.74,4938.26,10
4301,3095,2061,1,65.34,55.54,15
4302,3095,2037,3,130.62,333.08,15
4303,3096,2069,4,1040.52,3953.98,5
4304,3096,2086,4,119.99,479.96,0
4305,3096,2057,2,40.83,81.66,0
4306,3096,2072,3,34.11,92.1,10
4307,3097,2019,2,346.33,658.03,5
4308,3097,2079,1,29.21,29.21,0
4309,3098,2096,4,127.97,511.88,0
4310,3098,2012,4,38.81,155.24,0
4311,3098,2057,4,40.83,163.32,0
4312,3098,2097,2,632.61,1265.22,0
4313,3098,2055,3,1703.16,5109.48,0
4314,3098,2081,2,77.16,146.6,5
4315,3099,2035,4,484.95,1842.81,5
4316,3100,2061,3,65.34,186.22,5
4317,3100,2014,2,80.82,161.64,0
4318,3101,2094,3,259.12,777.36,0
4319,3101,2098,3,303.18,773.11,15
4320,3102,2014,4,80.82,307.12,5
4321,3102,2088,1,1635.62,1635.62,0
4322,3102,2064,3,480.18,1296.49,10
4323,3102,2028,2,13.67,25.97,5
4324,3103,2017,3,33.22,89.69,10
4325,3103,2090,1,140.69,119.59,15
4326,3104,2042,3,1820.54,4642.38,15
4327,3105,2074,1,47.62,47.62,0
4328,3105,2078,4,217.4,782.64,10
4329,3105,2054,3,273.62,820.86,0
4330,3106,2053,2,29.11,58.22,0
4331,3106,2040,2,30.53,61.06,0
4332,3107,2031,1,43.62,41.44,5
4333,3108,2037,3,130.62,372.27,5
4334,3108,2072,1,34.11,34.11,0
4335,3108,2035,3,484.95,1382.11,5
4336,3109,2084,2,10.55,21.1,0
4337,3109,2025,1,190.35,161.8,15
4338,3109,2011,1,1022.5,1022.5,0
4339,3109,2020,3,857.35,2057.64,20
4340,3110,2041,2,33.25,59.85,10
4341,3110,2037,3,130.62,391.86,0
4342,3110,2051,3,377.22,1131.66,0
4343,3111,2063,1,373.81,317.74,15
4344,3111,2053,2,29.11,58.22,0
4345,3111,2030,3,47.85,136.37,5
4346,3112,2014,1,80.82,80.82,0
4347,3112,2009,3,70.87,212.61,0
4348,3112,2032,2,48.97,88.15,10
4349,3112,2046,3,358.44,914.02,15
4350,3113,2093,2,903.01,1625.42,10
4351,3113,2077,3,284.76,854.28,0
4352,3114,2045,3,1222.5,3667.5,0
4353,3114,2055,4,1703.16,6472.01,5
4354,3115,2083,2,555.23,1110.46,0
4355,3115,2077,4,284.76,1139.04,0
4356,3115,2086,2,119.99,227.98,5
4357,3115,2084,2,10.55,20.05,5
4358,3115,2085,1,352.02,334.42,5
4359,3115,2069,4,1040.52,3745.87,10
4360,3116,2023,1,67.99,64.59,5
4361,3116,2040,1,30.53,25.95,15
4362,3116,2036,1,43.48,39.13,10
4363,3116,2010,3,29.84,89.52,0
4364,3116,2040,3,30.53,82.43,10
4365,3116,2095,4,43.25,147.05,15
4366,3117,2097,2,632.61,1265.22,0
4367,3117,2060,1,49.95,49.95,0
4368,3118,2035,2,484.95,969.9,0
4369,3118,2059,4,1543.12,6172.48,0
4370,3118,2038,2,56.71,113.42,0
4371,3118,2029,3,96.44,274.85,5
4372,3118,2084,2,10.55,18.99,10
4373,3118,2063,3,373.81,897.14,20
4374,3119,2017,3,33.22,79.73,20
4375,3119,2055,4,1703.16,6131.38,10
4376,3119,2044,3,188.1,536.08,5
4377,3120,2095,4,43.25,173.0,0
4378,3120,2031,1,43.62,43.62,0
4379,3121,2055,4,1703.16,6812.64,0
4380,3121,2056,1,286.88,286.88,0
4381,3122,2010,1,29.84,29.84,0
4382,3122,2028,1,13.67,13.67,0
4383,3122,2090,1,140.69,112.55,20
4384,3122,2007,1,181.55,181.55,0
4385,3123,2020,3,857.35,2572.05,0
4386,3123,2038,2,56.71,96.41,15
4387,3123,2035,1,484.95,460.7,5
4388,3123,2002,4,1730.96,6231.46,10
4389,3123,2058,3,46.76,140.28,0
4390,3123,2037,3,130.62,372.27,5
4391,3124,2064,2,480.18,960.36,0
4392,3124,2032,2,48.97,97.94,0
4393,3125,2002,2,1730.96,3115.73,10
4394,3125,2003,2,413.8,827.6,0
4395,3125,2040,1,30.53,27.48,10
4396,3126,2079,1,29.21,29.21,0
4397,3127,2023,1,67.99,67.99,0
4398,3127,2005,1,821.88,739.69,10
4399,3127,2069,1,1040.52,1040.52,0
4400,3127,2048,4,880.52,3169.87,10
4401,3127,2049,2,98.58,197.16,0
4402,3128,2033,3,36.7,99.09,10
4403,3128,2015,3,296.44,889.32,0
4404,3129,2063,4,373.81,1495.24,0
4405,3130,2052,1,856.26,856.26,0
4406,3130,2097,3,632.61,1897.83,0
4407,3131,2038,2,56.71,113.42,0
4408,3131,2037,2,130.62,222.05,15
4409,3131,2052,4,856.26,3253.79,5
4410,3131,2043,3,46.31,131.98,5
4411,3131,2087,4,33.41,113.59,15
4412,3132,2047,2,69.63,132.3,5
4413,3132,2062,3,1545.39,3940.74,15
4414,3132,2056,1,286.88,286.88,0
4415,3132,2095,4,43.25,164.35,5
4416,3133,2058,4,46.76,168.34,10
4417,3133,2064,1,480.18,480.18,0
4418,3133,2016,3,15.11,43.06,5
4419,3133,2053,4,29.11,104.8,10
4420,3134,2001,3,81.68,245.04,0
4421,3134,2060,1,49.95,44.96,10
4422,3135,2074,4,47.62,171.43,10
4423,3135,2076,1,13.31,12.64,5
4424,3136,2059,3,1543.12,3934.96,15
4425,3136,2013,2,48.7,92.53,5
4426,3136,2095,2,43.25,82.18,5
4427,3136,2016,2,15.11,30.22,0
4428,3137,2022,4,1084.43,4337.72,0
4429,3137,2063,1,373.81,373.81,0
4430,3137,2017,2,33.22,66.44,0
4431,3137,2040,4,30.53,122.12,0
4432,3138,2075,2,1371.74,2606.31,5
4433,3138,2031,2,43.62,87.24,0
4434,3138,2013,2,48.7,97.4,0
4435,3139,2032,3,48.97,139.56,5
4436,3139,2052,1,856.26,813.45,5
4437,3139,2006,3,34.68,104.04,0
4438,3140,2042,3,1820.54,5461.62,0
4439,3140,2010,1,29.84,28.35,5
4440,3140,2077,4,284.76,1139.04,0
4441,3140,2013,4,48.7,194.8,0
4442,3141,2080,4,200.83,803.32,0
4443,3141,2091,3,18.29,46.64,15
4444,3141,2065,2,209.37,418.74,0
4445,3141,2043,2,46.31,87.99,5
4446,3141,2055,3,1703.16,4343.06,15
4447,3142,2088,2,1635.62,2780.55,15
4448,3142,2077,3,284.76,811.57,5
4449,3142,2025,1,190.35,171.32,10
4450,3142,2020,4,857.35,3257.93,5
4451,3143,2097,3,632.61,1897.83,0
4452,3143,2071,3,21.19,63.57,0
4453,3143,2094,1,259.12,259.12,0
4454,3144,2041,2,33.25,66.5,0
4455,3144,2068,2,130.11,260.22,0
4456,3144,2075,2,1371.74,2331.96,15
4457,3144,2006,1,34.68,34.68,0
4458,3145,2078,3,217.4,652.2,0
4459,3145,2087,3,33.41,100.23,0
4460,3146,2006,3,34.68,104.04,0
4461,3146,2077,3,284.76,811.57,5
4462,3146,2059,4,1543.12,6172.48,0
4463,3146,2025,3,190.35,542.5,5
4464,3147,2064,2,480.18,960.36,0
4465,3147,2045,4,1222.5,4156.5,15
4466,3147,2063,2,373.81,598.1,20
4467,3148,2001,1,81.68,77.6,5
4468,3148,2099,4,221.86,887.44,0
4469,3148,2004,4,810.03,3240.12,0
4470,3149,2089,1,19.64,19.64,0
4471,3149,2097,2,632.61,1265.22,0
4472,3149,2097,1,632.61,600.98,5
4473,3150,2083,3,555.23,1582.41,5
4474,3150,2073,2,83.93,167.86,0
4475,3150,2075,1,1371.74,1234.57,10
4476,3151,2015,4,296.44,1185.76,0
4477,3151,2084,1,10.55,10.55,0
4478,3151,2010,2,29.84,59.68,0
4479,3151,2097,3,632.61,1802.94,5
4480,3151,2065,4,209.37,837.48,0
4481,3151,2045,4,1222.5,4401.0,10
4482,3151,2032,1,48.97,46.52,5
4483,3152,2033,4,36.7,146.8,0
4484,3152,2050,4,388.25,1553.0,0
4485,3153,2044,2,188.1,357.39,5
4486,3153,2086,3,119.99,341.97,5
4487,3154,2092,3,40.28,120.84,0
4488,3154,2093,4,903.01,3250.84,10
4489,3154,2008,2,25.42,43.21,15
4490,3154,2042,1,1820.54,1547.46,15
4491,3154,2096,4,127.97,511.88,0
4492,3154,2020,4,857.35,3429.4,0
4493,3155,2029,4,96.44,347.18,10
4494,3155,2071,2,21.19,42.38,0
4495,3155,2056,1,286.88,258.19,10
4496,3155,2085,2,352.02,563.23,20
4497,3156,2002,1,1730.96,1471.32,15
4498,3156,2096,4,127.97,486.29,5
4499,3156,2076,1,13.31,13.31,0
4500,3156,2017,4,33.22,119.59,10
4501,3156,2016,1,15.11,14.35,5
4502,3156,2033,4,36.7,132.12,10
4503,3157,2079,1,29.21,29.21,0
4504,3157,2046,1,358.44,358.44,0
4505,3157,2029,2,96.44,192.88,0
4506,3158,2061,2,65.34,130.68,0
4507,3158,2013,1,48.7,43.83,10
4508,3158,2032,2,48.97,97.94,0
4509,3159,2026,4,344.85,1379.4,0
4510,3159,2046,4,358.44,1362.07,5
4511,3160,2091,4,18.29,58.53,20
4512,3160,2035,3,484.95,1309.36,10
4513,3160,2095,1,43.25,34.6,20
4514,3161,2060,1,49.95,49.95,0
4515,3161,2011,3,1022.5,2454.0,20
4516,3161,2064,2,480.18,816.31,15
4517,3162,2039,3,448.11,1277.11,5
4518,3162,2014,4,80.82,274.79,15
4519,3162,2015,1,296.44,251.97,15
4520,3163,2064,1,480.18,480.18,0
4521,3163,2045,4,1222.5,4401.0,10
4522,3163,2036,4,43.48,173.92,0
4523,3163,2028,3,13.67,34.86,15
4524,3164,2080,2,200.83,401.66,0
4525,3164,2050,4,388.25,1475.35,5
4526,3164,2064,4,480.18,1920.72,0
4527,3165,2021,3,276.48,829.44,0
4528,3166,2017,3,33.22,99.66,0
4529,3166,2044,2,188.1,376.2,0
4530,3167,2069,1,1040.52,1040.52,0
4531,3167,2078,2,217.4,434.8,0
4532,3167,2089,4,19.64,78.56,0
4533,3168,2074,3,47.62,142.86,0
4534,3168,2098,2,303.18,606.36,0
4535,3168,2035,1,484.95,484.95,0
4536,3168,2080,1,200.83,200.83,0
4537,3168,2039,3,448.11,1344.33,0
4538,3168,2059,2,1543.12,2931.93,5
4539,3168,2070,4,237.56,950.24,0
4540,3168,2060,3,49.95,142.36,5
4541,3169,2028,1,13.67,12.99,5
4542,3169,2054,4,273.62,1094.48,0
4543,3170,2089,1,19.64,19.64,0
4544,3170,2081,4,77.16,308.64,0
4545,3170,2097,3,632.61,1897.83,0
4546,3170,2063,2,373.81,672.86,10
4547,3171,2053,3,29.11,87.33,0
4548,3171,2076,2,13.31,26.62,0
4549,3171,2097,2,632.61,1265.22,0
4550,3172,2086,1,119.99,119.99,0
4551,3172,2035,2,484.95,969.9,0
4552,3173,2089,2,19.64,31.42,20
4553,3173,2058,3,46.76,133.27,5
4554,3173,2050,4,388.25,1475.35,5
4555,3173,2065,4,209.37,837.48,0
4556,3174,2088,1,1635.62,1635.62,0
4557,3174,2078,4,217.4,739.16,15
4558,3174,2069,3,1040.52,2965.48,5
4559,3174,2074,3,47.62,142.86,0
4560,3175,2030,1,47.85,45.46,5
4561,3175,2081,1,77.16,77.16,0
4562,3175,2098,2,303.18,576.04,5
4563,3175,2017,4,33.22,132.88,0
4564,3176,2002,1,1730.96,1471.32,15
4565,3176,2064,2,480.18,960.36,0
4566,3177,2067,1,330.49,330.49,0
4567,3177,2062,1,1545.39,1313.58,15
4568,3177,2096,2,127.97,217.55,15
4569,3177,2090,1,140.69,119.59,15
4570,3177,2065,1,209.37,209.37,0
4571,3178,2088,4,1635.62,6215.36,5
4572,3178,2010,4,29.84,113.39,5
4573,3178,2010,1,29.84,28.35,5
4574,3178,2051,3,377.22,1131.66,0
4575,3178,2023,1,67.99,67.99,0
4576,3179,2054,4,273.62,1039.76,5
4577,3179,2062,4,1545.39,6181.56,0
4578,3179,2017,3,33.22,89.69,10
4579,3180,2008,3,25.42,64.82,15
4580,3180,2054,3,273.62,820.86,0
4581,3181,2080,4,200.83,803.32,0
4582,3181,2056,3,286.88,860.64,0
4583,3181,2067,2,330.49,594.88,10
4584,3181,2062,4,1545.39,6181.56,0
4585,3182,2076,1,13.31,13.31,0
4586,3182,2011,3,1022.5,3067.5,0
4587,3183,2029,3,96.44,260.39,10
4588,3183,2001,3,81.68,232.79,5
4589,3184,2022,3,1084.43,2765.3,15
4590,3184,2033,2,36.7,69.73,5
4591,3184,2056,2,286.88,573.76,0
4592,3185,2026,4,344.85,1310.43,5
4593,3185,2042,2,1820.54,3641.08,0
4594,3185,2042,3,1820.54,4369.3,20
4595,3186,2050,1,388.25,388.25,0
4596,3186,2055,3,1703.16,5109.48,0
4597,3186,2019,1,346.33,277.06,20
4598,3187,2041,3,33.25,94.76,5
4599,3187,2035,4,484.95,1939.8,0
4600,3188,2021,3,276.48,787.97,5
4601,3188,2017,3,33.22,94.68,5
4602,3189,2078,4,217.4,869.6,0
4603,3189,2068,1,130.11,130.11,0
4604,3190,2005,1,821.88,698.6,15
4605,3190,2063,2,373.81,672.86,10
4606,3190,2001,4,81.68,310.38,5
4607,3190,2022,1,1084.43,975.99,10
4608,3190,2057,4,40.83,163.32,0
4609,3190,2048,1,880.52,792.47,10
4610,3191,2027,4,1239.54,4710.25,5
4611,3191,2041,3,33.25,89.78,10
4612,3191,2080,4,200.83,803.32,0
4613,3191,2053,1,29.11,26.2,10
4614,3192,2048,3,880.52,2509.48,5
4615,3192,2098,2,303.18,606.36,0
4616,3192,2059,3,1543.12,3934.96,15
4617,3193,2093,3,903.01,2709.03,0
4618,3193,2088,4,1635.62,5233.98,20
4619,3193,2095,3,43.25,129.75,0
4620,3194,2016,3,15.11,45.33,0
4621,3194,2034,4,282.04,1015.34,10
4622,3195,2038,3,56.71,153.12,10
4623,3196,2078,2,217.4,369.58,15
4624,3196,2077,4,284.76,911.23,20
4625,3196,2029,3,96.44,231.46,20
4626,3196,2035,4,484.95,1648.83,15
4627,3196,2020,3,857.35,2186.24,15
4628,3197,2067,1,330.49,330.49,0
4629,3197,2011,3,1022.5,3067.5,0
4630,3198,2097,4,632.61,2150.87,15
4631,3198,2087,1,33.41,33.41,0
4632,3198,2002,2,1730.96,3288.82,5
4633,3199,2094,1,259.12,259.12,0
4634,3199,2005,4,821.88,3287.52,0
4635,3199,2067,2,330.49,561.83,15
4636,3199,2084,4,10.55,42.2,0
4637,3200,2054,3,273.62,697.73,15
4638,3200,2086,3,119.99,359.97,0
4639,3201,2067,4,330.49,1255.86,5
4640,3201,2093,3,903.01,2438.13,10
4641,3202,2040,1,30.53,29.0,5
4642,3203,2012,2,38.81,65.98,15
4643,3203,2051,4,377.22,1508.88,0
4644,3203,2088,1,1635.62,1472.06,10
4645,3204,2067,4,330.49,1255.86,5
4646,3204,2004,2,810.03,1539.06,5
4647,3205,2064,1,480.18,480.18,0
4648,3205,2016,4,15.11,60.44,0
4649,3205,2003,2,413.8,786.22,5
4650,3206,2072,4,34.11,129.62,5
4651,3206,2022,4,1084.43,4337.72,0
4652,3206,2013,4,48.7,194.8,0
4653,3206,2081,3,77.16,231.48,0
4654,3206,2038,3,56.71,170.13,0
4655,3207,2029,1,96.44,96.44,0
4656,3207,2024,1,48.34,38.67,20
4657,3207,2022,4,1084.43,3903.95,10
4658,3207,2062,2,1545.39,2936.24,5
4659,3208,2097,4,632.61,2403.92,5
4660,3208,2054,3,273.62,820.86,0
4661,3209,2046,3,358.44,1021.55,5
4662,3209,2023,4,67.99,217.57,20
4663,3209,2031,3,43.62,117.77,10
4664,3209,2082,2,32.76,55.69,15
4665,3210,2035,3,484.95,1309.36,10
4666,3210,2033,2,36.7,73.4,0
4667,3211,2004,1,810.03,688.53,15
4668,3212,2093,3,903.01,2709.03,0
4669,3212,2058,3,46.76,126.25,10
4670,3212,2044,3,188.1,507.87,10
4671,3212,2080,1,200.83,180.75,10
4672,3213,2053,2,29.11,52.4,10
4673,3213,2033,3,36.7,99.09,10
4674,3213,2068,3,130.11,351.3,10
4675,3214,2017,4,33.22,106.3,20
4676,3214,2076,2,13.31,21.3,20
4677,3214,2023,3,67.99,203.97,0
4678,3214,2042,3,1820.54,5188.54,5
4679,3214,2041,2,33.25,59.85,10
4680,3215,2012,3,38.81,116.43,0
4681,3215,2081,1,77.16,65.59,15
4682,3216,2012,4,38.81,131.95,15
4683,3216,2077,2,284.76,512.57,10
4684,3216,2029,4,96.44,366.47,5
4685,3216,2032,4,48.97,195.88,0
4686,3217,2017,1,33.22,31.56,5
4687,3217,2091,1,18.29,18.29,0
4688,3217,2060,2,49.95,99.9,0
4689,3218,2061,2,65.34,111.08,15
4690,3219,2075,4,1371.74,4663.92,15
4691,3219,2028,1,13.67,13.67,0
4692,3220,2038,1,56.71,53.87,5
4693,3220,2065,4,209.37,795.61,5
4694,3220,2087,3,33.41,85.2,15
4695,3221,2042,3,1820.54,4369.3,20
4696,3221,2045,2,1222.5,2200.5,10
4697,3221,2045,3,1222.5,3667.5,0
4698,3221,2064,4,480.18,1920.72,0
4699,3221,2073,2,83.93,151.07,10
4700,3222,2016,3,15.11,45.33,0
4701,3223,2077,3,284.76,811.57,5
4702,3224,2014,1,80.82,64.66,20
4703,3224,2076,4,13.31,45.25,15
4704,3224,2079,1,29.21,29.21,0
4705,3225,2042,2,1820.54,3276.97,10
4706,3225,2073,1,83.93,83.93,0
4707,3225,2013,3,48.7,146.1,0
4708,3225,2058,1,46.76,44.42,5
4709,3226,2038,4,56.71,204.16,10
4710,3226,2012,2,38.81,73.74,5
4711,3226,2005,4,821.88,3287.52,0
4712,3227,2048,2,880.52,1761.04,0
4713,3227,2031,2,43.62,78.52,10
4714,3228,2047,4,69.63,278.52,0
4715,3228,2010,4,29.84,119.36,0
4716,3228,2043,2,46.31,92.62,0
4717,3228,2073,2,83.93,167.86,0
4718,3229,2080,4,200.83,763.15,5
4719,3229,2032,4,48.97,176.29,10
4720,3230,2013,4,48.7,194.8,0
4721,3230,2096,2,127.97,243.14,5
4722,3231,2100,3,35.57,106.71,0
4723,3231,2025,3,190.35,571.05,0
4724,3231,2029,4,96.44,385.76,0
4725,3231,2017,4,33.22,119.59,10
4726,3231,2054,2,273.62,465.15,15
4727,3231,2085,1,352.02,334.42,5
4728,3232,2039,1,448.11,448.11,0
4729,3232,2029,1,96.44,86.8,10
4730,3233,2035,4,484.95,1648.83,15
4731,3233,2085,4,352.02,1408.08,0
4732,3234,2018,2,32.47,61.69,5
4733,3234,2003,4,413.8,1489.68,10
4734,3235,2039,1,448.11,403.3,10
4735,3235,2027,4,1239.54,4958.16,0
4736,3235,2043,1,46.31,43.99,5
4737,3236,2050,4,388.25,1553.0,0
4738,3236,2023,1,67.99,67.99,0
4739,3236,2099,3,221.86,599.02,10
4740,3237,2093,2,903.01,1715.72,5
4741,3237,2019,2,346.33,658.03,5
4742,3237,2003,4,413.8,1655.2,0
4743,3238,2048,4,880.52,3522.08,0
4744,3238,2096,2,127.97,230.35,10
4745,3239,2063,3,373.81,1009.29,10
4746,3239,2053,4,29.11,104.8,10
4747,3240,2035,2,484.95,921.4,5
4748,3240,2083,1,555.23,527.47,5
4749,3240,2068,2,130.11,260.22,0
4750,3240,2068,2,130.11,247.21,5
4751,3241,2028,1,13.67,13.67,0
4752,3241,2006,3,34.68,93.64,10
4753,3242,2040,1,30.53,29.0,5
4754,3243,2050,2,388.25,776.5,0
4755,3243,2006,4,34.68,117.91,15
4756,3244,2064,4,480.18,1920.72,0
4757,3244,2029,4,96.44,385.76,0
4758,3244,2065,3,209.37,596.7,5
4759,3244,2049,3,98.58,295.74,0
4760,3244,2039,2,448.11,896.22,0
4761,3245,2091,1,18.29,17.38,5
4762,3245,2079,3,29.21,78.87,10
4763,3246,2050,2,388.25,698.85,10
4764,3246,2089,1,19.64,15.71,20
4765,3247,2040,4,30.53,122.12,0
4766,3248,2020,2,857.35,1628.96,5
4767,3248,2012,4,38.81,147.48,5
4768,3248,2087,2,33.41,66.82,0
4769,3248,2088,4,1635.62,6542.48,0
4770,3249,2061,4,65.34,248.29,5
4771,3249,2007,4,181.55,726.2,0
4772,3249,2061,4,65.34,222.16,15
4773,3249,2087,4,33.41,133.64,0
4774,3250,2056,4,286.88,1147.52,0
4775,3250,2060,4,49.95,199.8,0
4776,3250,2062,4,1545.39,5872.48,5
4777,3251,2019,3,346.33,935.09,10
4778,3252,2011,1,1022.5,1022.5,0
4779,3253,2035,4,484.95,1939.8,0
4780,3253,2003,1,413.8,393.11,5
4781,3253,2075,3,1371.74,3703.7,10
4782,3254,2039,3,448.11,1344.33,0
4783,3254,2058,1,46.76,42.08,10
4784,3254,2016,2,15.11,30.22,0
4785,3255,2097,2,632.61,1075.44,15
4786,3256,2012,2,38.81,77.62,0
4787,3256,2072,3,34.11,92.1,10
4788,3256,2038,4,56.71,204.16,10
4789,3256,2035,1,484.95,436.46,10
4790,3257,2045,2,1222.5,2445.0,0
4791,3257,2082,3,32.76,93.37,5
4792,3257,2003,4,413.8,1489.68,10
4793,3258,2048,4,880.52,3522.08,0
4794,3258,2027,3,1239.54,3718.62,0
4795,3259,2004,1,810.03,810.03,0
4796,3259,2064,2,480.18,960.36,0
4797,3259,2098,3,303.18,909.54,0
4798,3260,2053,4,29.11,110.62,5
4799,3260,2044,2,188.1,376.2,0
4800,3260,2092,4,40.28,153.06,5
4801,3261,2025,2,190.35,323.59,15
4802,3261,2060,2,49.95,99.9,0
4803,3261,2001,3,81.68,232.79,5
4804,3261,2052,2,856.26,1712.52,0
4805,3262,2037,1,130.62,124.09,5
4806,3262,2036,2,43.48,69.57,20
4807,3262,2019,2,346.33,692.66,0
4808,3263,2019,1,346.33,311.7,10
4809,3263,2037,4,130.62,496.36,5
4810,3263,2079,3,29.21,83.25,5
4811,3264,2038,2,56.71,113.42,0
4812,3264,2044,2,188.1,376.2,0
4813,3264,2015,2,296.44,533.59,10
4814,3265,2050,3,388.25,1164.75,0
4815,3265,2080,2,200.83,341.41,15
4816,3265,2097,4,632.61,2277.4,10
4817,3266,2004,4,810.03,3240.12,0
4818,3267,2084,1,10.55,10.02,5
4819,3267,2009,4,70.87,283.48,0
4820,3268,2015,4,296.44,1126.47,5
4821,3268,2079,3,29.21,87.63,0
4822,3268,2035,1,484.95,484.95,0
4823,3268,2098,3,303.18,909.54,0
4824,3269,2079,2,29.21,58.42,0
4825,3269,2037,4,130.62,522.48,0
4826,3269,2071,2,21.19,42.38,0
4827,3269,2034,3,282.04,761.51,10
4828,3269,2018,1,32.47,29.22,10
4829,3270,2085,3,352.02,1056.06,0
4830,3270,2049,2,98.58,187.3,5
4831,3271,2089,2,19.64,33.39,15
4832,3271,2099,1,221.86,210.77,5
4833,3271,2084,2,10.55,21.1,0
4834,3271,2054,2,273.62,547.24,0
4835,3272,2045,1,1222.5,1222.5,0
4836,3272,2020,3,857.35,2572.05,0
4837,3272,2015,2,296.44,592.88,0
4838,3272,2054,4,273.62,1039.76,5
4839,3272,2075,3,1371.74,3497.94,15
4840,3273,2097,1,632.61,632.61,0
4841,3273,2065,1,209.37,209.37,0
4842,3273,2048,3,880.52,2377.4,10
4843,3274,2059,4,1543.12,5246.61,15
4844,3274,2093,1,903.01,857.86,5
4845,3275,2014,3,80.82,230.34,5
4846,3275,2017,2,33.22,66.44,0
4847,3276,2073,3,83.93,239.2,5
4848,3276,2008,1,25.42,25.42,0
4849,3276,2058,4,46.76,187.04,0
4850,3276,2067,4,330.49,1057.57,20
4851,3276,2050,2,388.25,776.5,0
4852,3276,2020,3,857.35,2572.05,0
4853,3277,2010,1,29.84,26.86,10
4854,3277,2001,3,81.68,245.04,0
4855,3277,2002,3,1730.96,4673.59,10
4856,3278,2025,1,190.35,171.32,10
4857,3278,2044,4,188.1,752.4,0
4858,3279,2001,3,81.68,232.79,5
4859,3280,2041,4,33.25,119.7,10
4860,3280,2063,3,373.81,1121.43,0
4861,3281,2072,3,34.11,92.1,10
4862,3281,2005,3,821.88,2465.64,0
4863,3282,2031,4,43.62,174.48,0
4864,3282,2033,3,36.7,93.58,15
4865,3282,2035,2,484.95,969.9,0
4866,3283,2032,4,48.97,195.88,0
4867,3283,2097,1,632.61,632.61,0
4868,3283,2063,2,373.81,747.62,0
4869,3284,2052,3,856.26,2568.78,0
4870,3285,2027,4,1239.54,4958.16,0
4871,3286,2100,1,35.57,35.57,0
4872,3286,2093,2,903.01,1806.02,0
4873,3286,2021,4,276.48,995.33,10
4874,3286,2072,2,34.11,68.22,0
4875,3286,2083,4,555.23,2220.92,0
4876,3286,2024,2,48.34,87.01,10
4877,3286,2057,3,40.83,116.37,5
4878,3286,2059,4,1543.12,5863.86,5
4879,3287,2059,2,1543.12,3086.24,0
4880,3288,2096,1,127.97,115.17,10
4881,3288,2027,1,1239.54,1239.54,0
4882,3288,2096,3,127.97,364.71,5
4883,3288,2048,3,880.52,2245.33,15
4884,3288,2064,3,480.18,1368.51,5
4885,3289,2058,3,46.76,140.28,0
4886,3289,2064,4,480.18,1920.72,0
4887,3290,2069,4,1040.52,4162.08,0
4888,3290,2006,4,34.68,138.72,0
4889,3290,2027,4,1239.54,4958.16,0
4890,3290,2037,4,130.62,496.36,5
4891,3291,2033,4,36.7,146.8,0
4892,3291,2023,4,67.99,271.96,0
4893,3292,2069,1,1040.52,1040.52,0
4894,3292,2092,2,40.28,80.56,0
4895,3292,2022,4,1084.43,4337.72,0
4896,3292,2023,3,67.99,203.97,0
4897,3293,2009,1,70.87,63.78,10
4898,3293,2061,2,65.34,130.68,0
4899,3294,2071,4,21.19,84.76,0
4900,3294,2038,3,56.71,161.62,5
4901,3294,2051,4,377.22,1508.88,0
4902,3294,2008,4,25.42,96.6,5
4903,3295,2096,2,127.97,255.94,0
4904,3296,2064,2,480.18,816.31,15
4905,3296,2068,2,130.11,247.21,5
4906,3296,2012,4,38.81,155.24,0
4907,3297,2077,4,284.76,1025.14,10
4908,3297,2034,3,282.04,803.81,5
4909,3297,2020,3,857.35,2572.05,0
4910,3298,2058,4,46.76,187.04,0
4911,3298,2093,1,903.01,903.01,0
4912,3299,2040,1,30.53,29.0,5
4913,3299,2023,1,67.99,54.39,20
4914,3299,2089,4,19.64,78.56,0
4915,3299,2082,4,32.76,131.04,0
4916,3300,2023,1,67.99,67.99,0
4917,3300,2008,3,25.42,76.26,0
4918,3300,2084,3,10.55,31.65,0
4919,3301,2046,3,358.44,1075.32,0
4920,3302,2096,4,127.97,511.88,0
4921,3302,2093,1,903.01,903.01,0
4922,3302,2068,4,130.11,468.4,10
4923,3302,2088,4,1635.62,6542.48,0
4924,3303,2007,4,181.55,726.2,0
4925,3303,2052,4,856.26,3425.04,0
4926,3304,2090,1,140.69,140.69,0
4927,3304,2011,2,1022.5,1942.75,5
4928,3304,2088,4,1635.62,6215.36,5
4929,3304,2085,2,352.02,668.84,5
4930,3304,2062,3,1545.39,4636.17,0
4931,3305,2077,3,284.76,683.42,20
4932,3305,2042,4,1820.54,7282.16,0
4933,3306,2050,1,388.25,368.84,5
4934,3306,2042,2,1820.54,3641.08,0
4935,3307,2022,4,1084.43,4337.72,0
4936,3307,2050,3,388.25,1048.28,10
4937,3307,2014,3,80.82,242.46,0
4938,3307,2067,4,330.49,1321.96,0
4939,3308,2060,1,49.95,49.95,0
4940,3308,2034,3,282.04,719.2,15
4941,3308,2018,1,32.47,29.22,10
4942,3309,2047,4,69.63,278.52,0
4943,3309,2047,2,69.63,139.26,0
4944,3309,2004,1,810.03,688.53,15
4945,3310,2046,1,358.44,358.44,0
4946,3310,2017,1,33.22,33.22,0
4947,3311,2085,1,352.02,352.02,0
4948,3311,2024,1,48.34,48.34,0
4949,3311,2047,2,69.63,139.26,0
4950,3311,2016,1,15.11,14.35,5
4951,3312,2023,3,67.99,183.57,10
4952,3312,2041,3,33.25,99.75,0
4953,3313,2064,4,480.18,1920.72,0
4954,3313,2044,3,188.1,479.66,15
4955,3314,2051,3,377.22,1131.66,0
4956,3314,2077,1,284.76,284.76,0
4957,3314,2003,3,413.8,1179.33,5
4958,3314,2092,4,40.28,161.12,0
4959,3315,2009,2,70.87,141.74,0
4960,3315,2024,3,48.34,145.02,0
4961,3315,2006,4,34.68,138.72,0
4962,3315,2044,3,188.1,564.3,0
4963,3315,2002,2,1730.96,3461.92,0
4964,3316,2065,4,209.37,669.98,20
4965,3316,2025,2,190.35,304.56,20
4966,3316,2076,3,13.31,37.93,5
4967,3317,2063,2,373.81,710.24,5
4968,3317,2073,1,83.93,83.93,0
4969,3318,2062,1,1545.39,1545.39,0
4970,3318,2009,2,70.87,141.74,0
4971,3319,2072,4,34.11,115.97,15
4972,3319,2090,2,140.69,281.38,0
4973,3319,2078,3,217.4,652.2,0
4974,3320,2039,1,448.11,448.11,0
4975,3320,2043,3,46.31,138.93,0
4976,3320,2080,1,200.83,200.83,0
4977,3321,2002,3,1730.96,4933.24,5
4978,3322,2052,4,856.26,3425.04,0
4979,3322,2028,2,13.67,27.34,0
4980,3323,2013,4,48.7,185.06,5
4981,3323,2077,1,284.76,270.52,5
4982,3324,2033,2,36.7,69.73,5
4983,3324,2088,4,1635.62,5233.98,20
4984,3325,2002,4,1730.96,6923.84,0
4985,3325,2015,2,296.44,533.59,10
4986,3326,2068,4,130.11,468.4,10
4987,3326,2041,2,33.25,56.52,15
4988,3326,2013,4,48.7,185.06,5
4989,3327,2020,1,857.35,857.35,0
4990,3327,2051,3,377.22,1075.08,5
4991,3327,2096,4,127.97,511.88,0
4992,3328,2082,4,32.76,117.94,10
4993,3328,2025,3,190.35,571.05,0
4994,3329,2091,1,18.29,18.29,0
4995,3329,2066,2,181.12,362.24,0
4996,3329,2058,3,46.76,140.28,0
4997,3330,2008,1,25.42,24.15,5
4998,3330,2044,1,188.1,169.29,10
4999,3330,2047,1,69.63,62.67,10
5000,3331,2042,2,1820.54,3276.97,10
5001,3331,2012,2,38.81,69.86,10
5002,3332,2022,3,1084.43,2927.96,10
5003,3332,2062,1,1545.39,1545.39,0
5004,3333,2048,4,880.52,2817.66,20
5005,3333,2058,2,46.76,93.52,0
5006,3333,2034,1,282.04,225.63,20
5007,3333,2064,3,480.18,1368.51,5
5008,3334,2020,4,857.35,3257.93,5
5009,3334,2068,1,130.11,130.11,0
5010,3334,2005,3,821.88,2219.08,10
5011,3334,2073,1,83.93,75.54,10
5012,3335,2070,3,237.56,677.05,5
5013,3335,2077,3,284.76,854.28,0
5014,3335,2074,1,47.62,47.62,0
5015,3335,2021,2,276.48,552.96,0
5016,3336,2036,4,43.48,139.14,20
5017,3336,2015,3,296.44,889.32,0
5018,3337,2003,3,413.8,1241.4,0
5019,3337,2032,1,48.97,46.52,5
5020,3337,2030,4,47.85,191.4,0
5021,3337,2063,1,373.81,373.81,0
5022,3337,2043,2,46.31,87.99,5
5023,3338,2053,1,29.11,29.11,0
5024,3338,2032,1,48.97,48.97,0
5025,3338,2045,3,1222.5,2934.0,20
5026,3338,2008,3,25.42,61.01,20
5027,3339,2087,3,33.41,90.21,10
5028,3339,2044,2,188.1,376.2,0
5029,3339,2005,4,821.88,3287.52,0
5030,3339,2054,4,273.62,1039.76,5
5031,3339,2018,4,32.47,129.88,0
5032,3340,2057,4,40.83,146.99,10
5033,3340,2089,4,19.64,62.85,20
5034,3341,2015,4,296.44,1126.47,5
5035,3342,2010,4,29.84,119.36,0
5036,3342,2011,3,1022.5,3067.5,0
5037,3342,2078,1,217.4,195.66,10
5038,3342,2096,1,127.97,127.97,0
5039,3342,2083,1,555.23,499.71,10
5040,3343,2039,3,448.11,1344.33,0
5041,3343,2083,2,555.23,1110.46,0
5042,3344,2070,4,237.56,855.22,10
5043,3344,2005,2,821.88,1479.38,10
5044,3345,2079,3,29.21,87.63,0
5045,3345,2041,4,33.25,133.0,0
5046,3345,2009,3,70.87,212.61,0
5047,3345,2085,4,352.02,1408.08,0
5048,3345,2096,2,127.97,243.14,5
5049,3346,2078,1,217.4,217.4,0
5050,3346,2015,3,296.44,800.39,10
5051,3346,2027,1,1239.54,1177.56,5
5052,3346,2096,3,127.97,383.91,0
5053,3347,2010,4,29.84,119.36,0
5054,3347,2008,1,25.42,21.61,15
5055,3348,2085,4,352.02,1196.87,15
5056,3349,2026,2,344.85,689.7,0
5057,3349,2049,2,98.58,197.16,0
5058,3349,2047,4,69.63,278.52,0
5059,3349,2093,4,903.01,3612.04,0
5060,3350,2038,1,56.71,56.71,0
5061,3350,2025,1,190.35,171.32,10
5062,3350,2003,3,413.8,1241.4,0
5063,3351,2070,4,237.56,902.73,5
5064,3351,2031,1,43.62,43.62,0
5065,3352,2034,2,282.04,507.67,10
5066,3352,2001,4,81.68,326.72,0
5067,3353,2084,3,10.55,31.65,0
5068,3353,2021,3,276.48,829.44,0
5069,3353,2045,1,1222.5,1161.38,5
5070,3354,2095,3,43.25,129.75,0
5071,3354,2093,1,903.01,903.01,0
5072,3355,2087,3,33.41,100.23,0
5073,3355,2097,3,632.61,1897.83,0
5074,3355,2032,2,48.97,93.04,5
5075,3356,2040,2,30.53,61.06,0
5076,3356,2075,1,1371.74,1371.74,0
5077,3357,2069,4,1040.52,3745.87,10
5078,3357,2073,1,83.93,83.93,0
5079,3357,2066,3,181.12,489.02,10
5080,3357,2002,3,1730.96,5192.88,0
5081,3358,2050,1,388.25,388.25,0
5082,3358,2064,2,480.18,912.34,5
5083,3358,2070,4,237.56,950.24,0
5084,3358,2063,3,373.81,1121.43,0
5085,3358,2030,2,47.85,95.7,0
5086,3359,2019,2,346.33,658.03,5
5087,3359,2083,4,555.23,1998.83,10
5088,3359,2100,3,35.57,101.37,5
5089,3359,2063,3,373.81,1065.36,5
5090,3359,2025,4,190.35,723.33,5
5091,3359,2020,3,857.35,2443.45,5
5092,3359,2008,2,25.42,48.3,5
5093,3360,2050,3,388.25,1164.75,0
5094,3360,2040,2,30.53,58.01,5
5095,3360,2009,1,70.87,63.78,10
5096,3361,2041,3,33.25,89.78,10
5097,3361,2040,4,30.53,116.01,5
5098,3361,2036,2,43.48,82.61,5
5099,3362,2076,3,13.31,37.93,5
5100,3362,2025,1,190.35,180.83,5
5101,3362,2097,3,632.61,1897.83,0
5102,3363,2098,1,303.18,303.18,0
5103,3363,2002,4,1730.96,6231.46,10
5104,3363,2024,4,48.34,193.36,0
5105,3363,2083,4,555.23,2220.92,0
5106,3364,2005,4,821.88,3123.14,5
5107,3364,2075,2,1371.74,2743.48,0
5108,3364,2066,3,181.12,516.19,5
5109,3364,2087,4,33.41,120.28,10
5110,3365,2089,1,19.64,19.64,0
5111,3365,2032,4,48.97,195.88,0
5112,3365,2077,3,284.76,726.14,15
5113,3366,2055,1,1703.16,1703.16,0
5114,3366,2030,1,47.85,47.85,0
5115,3366,2074,4,47.62,190.48,0
5116,3366,2016,3,15.11,45.33,0
5117,3367,2028,4,13.67,54.68,0
5118,3367,2018,3,32.47,97.41,0
5119,3367,2080,3,200.83,602.49,0
5120,3367,2014,2,80.82,129.31,20
5121,3368,2026,3,344.85,982.82,5
5122,3368,2033,2,36.7,73.4,0
5123,3368,2019,1,346.33,329.01,5
5124,3368,2090,3,140.69,422.07,0
5125,3369,2088,1,1635.62,1635.62,0
5126,3370,2048,1,880.52,880.52,0
5127,3370,2003,1,413.8,413.8,0
5128,3370,2091,2,18.29,36.58,0
5129,3370,2062,3,1545.39,4636.17,0
5130,3371,2004,4,810.03,3240.12,0
5131,3371,2072,4,34.11,136.44,0
5132,3371,2050,4,388.25,1553.0,0
5133,3372,2009,4,70.87,283.48,0
5134,3372,2020,2,857.35,1628.96,5
5135,3373,2024,2,48.34,82.18,15
5136,3373,2060,2,49.95,79.92,20
5137,3373,2090,4,140.69,562.76,0
5138,3373,2066,4,181.12,652.03,10
5139,3373,2085,3,352.02,950.45,10
5140,3374,2067,4,330.49,1321.96,0
5141,3374,2091,1,18.29,18.29,0
5142,3374,2065,1,209.37,177.96,15
5143,3374,2069,3,1040.52,3121.56,0
5144,3375,2063,2,373.81,635.48,15
5145,3375,2062,2,1545.39,3090.78,0
5146,3375,2011,1,1022.5,1022.5,0
5147,3376,2065,1,209.37,198.9,5
5148,3376,2035,1,484.95,460.7,5
5149,3377,2023,4,67.99,271.96,0
5150,3377,2100,2,35.57,60.47,15
5151,3377,2040,3,30.53,82.43,10
5152,3377,2026,1,344.85,344.85,0
5153,3377,2031,3,43.62,111.23,15
5154,3378,2088,4,1635.62,5233.98,20
5155,3378,2096,3,127.97,364.71,5
5156,3379,2001,3,81.68,232.79,5
5157,3379,2077,2,284.76,455.62,20
5158,3380,2003,4,413.8,1655.2,0
5159,3380,2019,2,346.33,692.66,0
5160,3381,2012,2,38.81,77.62,0
5161,3381,2050,3,388.25,1164.75,0
5162,3382,2063,3,373.81,1009.29,10
5163,3382,2057,3,40.83,104.12,15
5164,3382,2087,4,33.41,133.64,0
5165,3383,2021,1,276.48,276.48,0
5166,3383,2029,4,96.44,385.76,0
5167,3384,2017,4,33.22,119.59,10
5168,3384,2032,3,48.97,146.91,0
5169,3384,2090,4,140.69,562.76,0
5170,3385,2029,1,96.44,96.44,0
5171,3385,2009,4,70.87,269.31,5
5172,3385,2088,2,1635.62,3107.68,5
5173,3385,2055,2,1703.16,3065.69,10
5174,3385,2027,4,1239.54,4958.16,0
5175,3385,2015,4,296.44,948.61,20
5176,3385,2005,4,821.88,3287.52,0
5177,3386,2004,3,810.03,2430.09,0
5178,3386,2050,3,388.25,1048.28,10
5179,3386,2046,1,358.44,304.67,15
5180,3387,2069,2,1040.52,1872.94,10
5181,3387,2097,4,632.61,2530.44,0
5182,3387,2027,4,1239.54,4958.16,0
5183,3387,2021,2,276.48,552.96,0
5184,3388,2023,4,67.99,271.96,0
5185,3388,2099,1,221.86,221.86,0
5186,3388,2054,4,273.62,875.58,20
5187,3388,2024,4,48.34,193.36,0
5188,3389,2024,2,48.34,96.68,0
5189,3389,2084,4,10.55,42.2,0
5190,3389,2014,4,80.82,274.79,15
5191,3390,2063,2,373.81,672.86,10
5192,3390,2058,4,46.76,187.04,0
5193,3390,2007,3,181.55,517.42,5
5194,3390,2030,1,47.85,47.85,0
5195,3391,2071,4,21.19,80.52,5
5196,3391,2086,2,119.99,191.98,20
5197,3391,2065,1,209.37,177.96,15
5198,3391,2037,4,130.62,444.11,15
5199,3391,2048,2,880.52,1761.04,0
5200,3391,2055,3,1703.16,5109.48,0
5201,3392,2071,2,21.19,42.38,0
5202,3392,2090,3,140.69,400.97,5
5203,3393,2068,4,130.11,520.44,0
5204,3393,2065,1,209.37,198.9,5
5205,3393,2038,1,56.71,56.71,0
5206,3394,2095,2,43.25,86.5,0
5207,3394,2031,3,43.62,124.32,5
5208,3394,2016,1,15.11,15.11,0
5209,3394,2025,3,190.35,456.84,20
5210,3394,2100,1,35.57,35.57,0
5211,3394,2090,1,140.69,126.62,10
5212,3394,2036,2,43.48,86.96,0
5213,3395,2022,4,1084.43,3470.18,20
5214,3395,2100,2,35.57,71.14,0
5215,3395,2030,4,47.85,172.26,10
5216,3395,2086,1,119.99,101.99,15
5217,3395,2030,1,47.85,43.07,10
5218,3396,2043,3,46.31,125.04,10
5219,3397,2007,1,181.55,145.24,20
5220,3397,2094,2,259.12,466.42,10
5221,3397,2022,4,1084.43,3903.95,10
5222,3398,2021,2,276.48,552.96,0
5223,3398,2004,1,810.03,769.53,5
5224,3399,2032,4,48.97,176.29,10
5225,3400,2100,2,35.57,67.58,5
5226,3400,2072,1,34.11,34.11,0
5227,3400,2091,3,18.29,54.87,0
5228,3400,2089,2,19.64,39.28,0
5229,3400,2052,2,856.26,1541.27,10
5230,3401,2044,4,188.1,752.4,0
5231,3401,2060,2,49.95,84.92,15
5232,3401,2092,4,40.28,136.95,15
5233,3401,2028,3,13.67,41.01,0
5234,3402,2004,3,810.03,2430.09,0
5235,3402,2038,3,56.71,153.12,10
5236,3402,2036,1,43.48,39.13,10
5237,3403,2089,4,19.64,78.56,0
5238,3403,2071,3,21.19,63.57,0
5239,3403,2077,4,284.76,1139.04,0
5240,3404,2020,1,857.35,857.35,0
5241,3405,2023,1,67.99,67.99,0
5242,3405,2098,4,303.18,1212.72,0
5243,3405,2043,3,46.31,125.04,10
5244,3405,2055,4,1703.16,6472.01,5
5245,3406,2057,4,40.83,155.15,5
5246,3406,2098,1,303.18,272.86,10
5247,3406,2035,4,484.95,1939.8,0
5248,3407,2028,2,13.67,27.34,0
5249,3407,2041,4,33.25,133.0,0
5250,3407,2039,4,448.11,1792.44,0
5251,3407,2021,1,276.48,262.66,5
5252,3407,2057,2,40.83,81.66,0
5253,3408,2079,2,29.21,58.42,0
5254,3408,2086,4,119.99,479.96,0
5255,3408,2077,3,284.76,811.57,5
5256,3408,2063,1,373.81,373.81,0
5257,3408,2004,2,810.03,1377.05,15
5258,3409,2047,4,69.63,278.52,0
5259,3409,2030,2,47.85,95.7,0
5260,3410,2071,1,21.19,16.95,20
5261,3411,2094,3,259.12,621.89,20
5262,3411,2100,4,35.57,128.05,10
5263,3411,2010,4,29.84,119.36,0
5264,3411,2008,2,25.42,50.84,0
5265,3412,2030,2,47.85,95.7,0
5266,3412,2051,1,377.22,377.22,0
5267,3412,2089,1,19.64,18.66,5
5268,3412,2096,4,127.97,511.88,0
5269,3413,2013,1,48.7,43.83,10
5270,3413,2081,1,77.16,73.3,5
5271,3414,2086,2,119.99,215.98,10
5272,3415,2039,3,448.11,1142.68,15
5273,3416,2099,2,221.86,399.35,10
5274,3416,2093,2,903.01,1806.02,0
5275,3416,2037,1,130.62,130.62,0
5276,3416,2054,2,273.62,547.24,0
5277,3417,2031,2,43.62,82.88,5
5278,3417,2079,4,29.21,116.84,0
5279,3417,2048,2,880.52,1584.94,10
5280,3418,2093,4,903.01,3431.44,5
5281,3418,2089,3,19.64,55.97,5
5282,3419,2079,2,29.21,55.5,5
5283,3419,2031,2,43.62,87.24,0
5284,3419,2013,3,48.7,131.49,10
5285,3419,2086,4,119.99,455.96,5
5286,3420,2018,2,32.47,64.94,0
5287,3420,2059,1,1543.12,1543.12,0
5288,3420,2042,4,1820.54,7282.16,0
5289,3421,2097,2,632.61,1265.22,0
5290,3421,2059,2,1543.12,3086.24,0
5291,3422,2011,1,1022.5,1022.5,0
5292,3422,2039,1,448.11,448.11,0
5293,3422,2072,2,34.11,68.22,0
5294,3423,2055,2,1703.16,3236.0,5
5295,3423,2062,3,1545.39,3708.94,20
5296,3423,2077,1,284.76,256.28,10
5297,3424,2090,3,140.69,422.07,0
5298,3424,2071,4,21.19,72.05,15
5299,3424,2021,1,276.48,248.83,10
5300,3425,2031,2,43.62,78.52,10
5301,3425,2074,1,47.62,47.62,0
5302,3426,2022,2,1084.43,2168.86,0
5303,3426,2088,4,1635.62,6542.48,0
5304,3426,2078,3,217.4,619.59,5
5305,3427,2097,4,632.61,2530.44,0
5306,3427,2022,1,1084.43,975.99,10
5307,3427,2072,1,34.11,32.4,5
5308,3427,2053,4,29.11,116.44,0
5309,3428,2081,3,77.16,219.91,5
5310,3428,2024,3,48.34,130.52,10
5311,3428,2080,4,200.83,682.82,15
5312,3428,2066,4,181.12,652.03,10
5313,3428,2048,2,880.52,1584.94,10
5314,3429,2035,4,484.95,1745.82,10
5315,3429,2012,2,38.81,77.62,0
5316,3430,2046,4,358.44,1433.76,0
5317,3430,2087,4,33.41,126.96,5
5318,3431,2054,3,273.62,779.82,5
5319,3431,2053,1,29.11,27.65,5
5320,3431,2045,1,1222.5,1039.12,15
5321,3431,2019,4,346.33,1316.05,5
5322,3432,2001,2,81.68,130.69,20
5323,3432,2052,1,856.26,856.26,0
5324,3433,2003,2,413.8,662.08,20
5325,3433,2087,1,33.41,28.4,15
5326,3433,2072,4,34.11,136.44,0
5327,3434,2038,3,56.71,170.13,0
5328,3434,2056,4,286.88,1032.77,10
5329,3434,2055,3,1703.16,5109.48,0
5330,3434,2064,4,480.18,1920.72,0
5331,3434,2032,2,48.97,97.94,0
5332,3434,2018,3,32.47,92.54,5
5333,3434,2013,3,48.7,146.1,0
5334,3435,2057,3,40.83,116.37,5
5335,3435,2091,3,18.29,49.38,10
5336,3435,2057,2,40.83,81.66,0
5337,3436,2022,3,1084.43,2927.96,10
5338,3436,2074,1,47.62,45.24,5
5339,3436,2008,4,25.42,101.68,0
5340,3436,2044,1,188.1,169.29,10
5341,3437,2036,1,43.48,36.96,15
5342,3437,2034,4,282.04,902.53,20
5343,3438,2030,1,47.85,38.28,20
5344,3438,2040,2,30.53,61.06,0
5345,3438,2052,1,856.26,856.26,0
5346,3438,2080,1,200.83,200.83,0
5347,3439,2078,3,217.4,652.2,0
5348,3440,2038,4,56.71,215.5,5
5349,3440,2099,1,221.86,221.86,0
5350,3440,2025,2,190.35,380.7,0
5351,3440,2063,4,373.81,1495.24,0
5352,3440,2033,2,36.7,73.4,0
5353,3441,2078,3,217.4,652.2,0
5354,3441,2015,4,296.44,1126.47,5
5355,3442,2096,4,127.97,486.29,5
5356,3442,2098,4,303.18,1152.08,5
5357,3443,2092,4,40.28,136.95,15
5358,3443,2021,4,276.48,940.03,15
5359,3443,2036,3,43.48,130.44,0
5360,3444,2069,3,1040.52,2809.4,10
5361,3444,2064,1,480.18,432.16,10
5362,3444,2083,3,555.23,1665.69,0
5363,3444,2013,1,48.7,46.26,5
5364,3444,2022,1,1084.43,1084.43,0
5365,3444,2029,4,96.44,347.18,10
5366,3445,2084,2,10.55,21.1,0
5367,3446,2056,4,286.88,1147.52,0
5368,3447,2098,2,303.18,515.41,15
5369,3447,2035,3,484.95,1382.11,5
5370,3447,2069,3,1040.52,3121.56,0
5371,3447,2096,4,127.97,486.29,5
5372,3447,2097,4,632.61,2403.92,5
5373,3448,2005,3,821.88,2465.64,0
5374,3448,2044,2,188.1,338.58,10
5375,3448,2022,1,1084.43,867.54,20
5376,3448,2056,1,286.88,229.5,20
5377,3449,2028,3,13.67,34.86,15
5378,3450,2084,1,10.55,10.02,5
5379,3450,2059,2,1543.12,2931.93,5
5380,3450,2043,2,46.31,92.62,0
5381,3451,2014,2,80.82,161.64,0
5382,3451,2059,4,1543.12,5863.86,5
5383,3451,2099,1,221.86,221.86,0
5384,3452,2045,4,1222.5,4890.0,0
5385,3453,2019,1,346.33,329.01,5
5386,3453,2065,1,209.37,177.96,15
5387,3453,2048,2,880.52,1672.99,5
5388,3454,2097,3,632.61,1897.83,0
5389,3454,2038,4,56.71,226.84,0
5390,3454,2051,2,377.22,754.44,0
5391,3455,2017,1,33.22,29.9,10
5392,3455,2004,3,810.03,2430.09,0
5393,3455,2059,4,1543.12,5246.61,15
5394,3455,2021,4,276.48,1105.92,0
5395,3455,2075,4,1371.74,5212.61,5
5396,3456,2088,4,1635.62,6542.48,0
5397,3456,2025,3,190.35,571.05,0
5398,3457,2091,3,18.29,54.87,0
5399,3457,2055,3,1703.16,4854.01,5
5400,3457,2020,2,857.35,1628.96,5
5401,3457,2046,1,358.44,286.75,20
5402,3458,2069,3,1040.52,2965.48,5
5403,3458,2010,4,29.84,107.42,10
5404,3458,2007,3,181.55,544.65,0
5405,3458,2064,1,480.18,432.16,10
5406,3459,2034,2,282.04,535.88,5
5407,3459,2004,4,810.03,3240.12,0
5408,3460,2077,2,284.76,569.52,0
5409,3460,2098,2,303.18,606.36,0
5410,3460,2048,4,880.52,3169.87,10
5411,3460,2084,2,10.55,20.05,5
5412,3461,2039,4,448.11,1702.82,5
5413,3461,2062,1,1545.39,1545.39,0
5414,3462,2047,1,69.63,69.63,0
5415,3462,2029,4,96.44,347.18,10
5416,3462,2081,1,77.16,77.16,0
5417,3462,2064,4,480.18,1920.72,0
5418,3462,2062,2,1545.39,2627.16,15
5419,3462,2067,3,330.49,793.18,20
5420,3462,2053,1,29.11,29.11,0
5421,3463,2006,1,34.68,34.68,0
5422,3463,2080,1,200.83,170.71,15
5423,3464,2017,1,33.22,29.9,10
5424,3464,2040,1,30.53,29.0,5
5425,3464,2020,4,857.35,3429.4,0
5426,3464,2074,3,47.62,142.86,0
5427,3465,2079,3,29.21,74.49,15
5428,3465,2048,2,880.52,1761.04,0
5429,3465,2050,1,388.25,368.84,5
5430,3466,2094,3,259.12,738.49,5
5431,3466,2067,1,330.49,330.49,0
5432,3466,2091,1,18.29,18.29,0
5433,3467,2023,1,67.99,67.99,0
5434,3467,2017,2,33.22,63.12,5
5435,3467,2022,4,1084.43,4337.72,0
5436,3468,2083,1,555.23,499.71,10
5437,3468,2099,4,221.86,843.07,5
5438,3468,2089,4,19.64,78.56,0
5439,3468,2092,1,40.28,40.28,0
5440,3469,2099,4,221.86,887.44,0
5441,3469,2089,2,19.64,37.32,5
5442,3470,2094,4,259.12,984.66,5
5443,3470,2056,1,286.88,286.88,0
5444,3471,2078,4,217.4,782.64,10
5445,3471,2025,3,190.35,571.05,0
5446,3472,2091,3,18.29,54.87,0
5447,3473,2087,2,33.41,66.82,0
5448,3473,2012,4,38.81,147.48,5
5449,3473,2012,1,38.81,34.93,10
5450,3473,2031,4,43.62,165.76,5
5451,3474,2097,1,632.61,600.98,5
5452,3474,2048,1,880.52,880.52,0
5453,3474,2082,4,32.76,131.04,0
5454,3475,2094,1,259.12,259.12,0
5455,3475,2033,1,36.7,34.86,5
5456,3475,2088,3,1635.62,4906.86,0
5457,3475,2016,1,15.11,13.6,10
5458,3475,2090,1,140.69,133.66,5
5459,3475,2071,2,21.19,36.02,15
5460,3475,2043,2,46.31,92.62,0
5461,3476,2011,2,1022.5,1840.5,10
5462,3477,2019,3,346.33,1038.99,0
5463,3477,2061,2,65.34,117.61,10
5464,3478,2039,2,448.11,896.22,0
5465,3479,2017,1,33.22,33.22,0
5466,3479,2049,2,98.58,187.3,5
5467,3479,2084,1,10.55,8.97,15
5468,3480,2097,1,632.61,569.35,10
5469,3480,2059,1,1543.12,1465.96,5
5470,3481,2036,1,43.48,41.31,5
5471,3481,2100,1,35.57,32.01,10
5472,3482,2049,1,98.58,98.58,0
5473,3482,2056,4,286.88,1032.77,10
5474,3482,2006,4,34.68,138.72,0
5475,3482,2058,2,46.76,93.52,0
5476,3483,2090,4,140.69,562.76,0
5477,3483,2003,2,413.8,703.46,15
5478,3483,2100,1,35.57,28.46,20
5479,3484,2062,4,1545.39,5563.4,10
5480,3484,2020,1,857.35,728.75,15
5481,3485,2040,2,30.53,61.06,0
5482,3485,2049,1,98.58,98.58,0
5483,3486,2030,1,47.85,47.85,0
5484,3486,2035,4,484.95,1745.82,10
5485,3486,2031,3,43.62,130.86,0
5486,3486,2015,3,296.44,889.32,0
5487,3487,2022,4,1084.43,3903.95,10
5488,3487,2043,2,46.31,92.62,0
5489,3488,2029,3,96.44,260.39,10
5490,3488,2025,2,190.35,380.7,0
5491,3489,2064,2,480.18,960.36,0
5492,3489,2033,2,36.7,69.73,5
5493,3490,2053,4,29.11,110.62,5
5494,3490,2060,1,49.95,42.46,15
5495,3490,2089,4,19.64,78.56,0
5496,3491,2006,1,34.68,31.21,10
5497,3491,2056,1,286.88,258.19,10
5498,3491,2073,2,83.93,167.86,0
5499,3492,2011,1,1022.5,818.0,20
5500,3492,2097,4,632.61,2403.92,5
5501,3493,2032,4,48.97,195.88,0
5502,3493,2030,1,47.85,47.85,0
5503,3493,2068,1,130.11,123.6,5
5504,3494,2093,4,903.01,3431.44,5
5505,3494,2025,2,190.35,342.63,10
5506,3495,2024,2,48.34,96.68,0
5507,3495,2097,3,632.61,1708.05,10
5508,3496,2050,4,388.25,1553.0,0
5509,3496,2099,4,221.86,887.44,0
5510,3496,2095,3,43.25,129.75,0
5511,3496,2050,4,388.25,1553.0,0
5512,3496,2083,2,555.23,1054.94,5
5513,3496,2005,1,821.88,821.88,0
5514,3497,2063,4,373.81,1495.24,0
5515,3497,2004,1,810.03,810.03,0
5516,3497,2035,1,484.95,460.7,5
5517,3498,2064,3,480.18,1440.54,0
5518,3498,2071,3,21.19,63.57,0
5519,3498,2081,4,77.16,308.64,0
5520,3498,2024,4,48.34,193.36,0
5521,3499,2017,2,33.22,63.12,5
5522,3500,2017,3,33.22,99.66,0
5523,3500,2083,2,555.23,1110.46,0
5524,3500,2036,1,43.48,43.48,0
5525,3501,2038,3,56.71,161.62,5
5526,3501,2004,1,810.03,810.03,0
5527,3501,2026,3,344.85,1034.55,0
5528,3502,2052,1,856.26,770.63,10
5529,3502,2027,4,1239.54,4710.25,5
5530,3502,2045,2,1222.5,2445.0,0
5531,3503,2030,2,47.85,86.13,10
5532,3503,2087,3,33.41,100.23,0
5533,3503,2054,1,273.62,246.26,10
5534,3503,2069,2,1040.52,2081.04,0
5535,3504,2040,3,30.53,91.59,0
5536,3504,2007,2,181.55,363.1,0
5537,3504,2042,2,1820.54,3459.03,5
5538,3505,2060,1,49.95,49.95,0
5539,3506,2015,1,296.44,296.44,0
5540,3506,2075,1,1371.74,1303.15,5
5541,3507,2085,4,352.02,1408.08,0
5542,3507,2099,4,221.86,843.07,5
5543,3507,2078,2,217.4,434.8,0
5544,3508,2086,1,119.99,101.99,15
5545,3508,2032,2,48.97,83.25,15
5546,3509,2096,3,127.97,364.71,5
5547,3509,2006,1,34.68,34.68,0
5548,3509,2094,2,259.12,518.24,0
5549,3510,2090,3,140.69,422.07,0
5550,3510,2008,3,25.42,76.26,0
5551,3510,2052,1,856.26,856.26,0
5552,3511,2075,2,1371.74,2194.78,20
5553,3511,2049,2,98.58,167.59,15
5554,3511,2008,2,25.42,45.76,10
5555,3511,2019,1,346.33,329.01,5
5556,3512,2062,2,1545.39,3090.78,0
5557,3512,2022,3,1084.43,3253.29,0
5558,3512,2007,4,181.55,653.58,10
5559,3512,2032,4,48.97,195.88,0
5560,3512,2020,4,857.35,3429.4,0
5561,3513,2071,4,21.19,84.76,0
5562,3513,2100,4,35.57,142.28,0
5563,3514,2012,1,38.81,38.81,0
5564,3514,2008,1,25.42,24.15,5
5565,3514,2001,3,81.68,220.54,10
5566,3515,2053,3,29.11,87.33,0
5567,3515,2063,2,373.81,672.86,10
5568,3515,2009,2,70.87,113.39,20
5569,3516,2091,4,18.29,69.5,5
5570,3516,2090,4,140.69,562.76,0
5571,3516,2082,2,32.76,65.52,0
5572,3517,2066,2,181.12,344.13,5
5573,3517,2094,4,259.12,881.01,15
5574,3517,2044,3,188.1,564.3,0
5575,3517,2100,4,35.57,142.28,0
5576,3517,2009,3,70.87,201.98,5
5577,3517,2005,4,821.88,3287.52,0
5578,3518,2015,2,296.44,533.59,10
5579,3518,2015,1,296.44,266.8,10
5580,3518,2030,3,47.85,143.55,0
5581,3518,2031,3,43.62,111.23,15
5582,3519,2049,3,98.58,280.95,5
5583,3519,2035,1,484.95,387.96,20
5584,3519,2023,4,67.99,258.36,5
5585,3519,2042,4,1820.54,7282.16,0
5586,3519,2087,1,33.41,31.74,5
5587,3520,2100,2,35.57,71.14,0
5588,3520,2045,3,1222.5,3667.5,0
5589,3520,2034,3,282.04,846.12,0
5590,3521,2067,3,330.49,991.47,0
5591,3521,2087,3,33.41,90.21,10
5592,3522,2014,3,80.82,242.46,0
5593,3523,2042,3,1820.54,5461.62,0
5594,3523,2014,1,80.82,80.82,0
5595,3523,2090,2,140.69,225.1,20
5596,3524,2012,2,38.81,77.62,0
5597,3524,2049,2,98.58,187.3,5
5598,3524,2083,4,555.23,1998.83,10
5599,3525,2064,1,480.18,456.17,5
5600,3525,2037,3,130.62,391.86,0
5601,3525,2004,2,810.03,1539.06,5
5602,3526,2057,1,40.83,38.79,5
5603,3526,2010,1,29.84,29.84,0
5604,3527,2048,3,880.52,2641.56,0
5605,3527,2091,4,18.29,69.5,5
5606,3527,2017,4,33.22,132.88,0
5607,3528,2012,3,38.81,110.61,5
5608,3528,2057,4,40.83,163.32,0
5609,3528,2029,2,96.44,192.88,0
5610,3528,2083,2,555.23,943.89,15
5611,3528,2036,3,43.48,110.87,15
5612,3528,2074,2,47.62,95.24,0
5613,3528,2095,3,43.25,123.26,5
5614,3529,2020,1,857.35,857.35,0
5615,3529,2058,3,46.76,126.25,10
5616,3529,2029,4,96.44,347.18,10
5617,3530,2096,1,127.97,127.97,0
5618,3530,2098,4,303.18,1212.72,0
5619,3530,2069,1,1040.52,988.49,5
5620,3531,2007,2,181.55,344.94,5
5621,3531,2032,4,48.97,195.88,0
5622,3532,2012,1,38.81,38.81,0
5623,3532,2057,2,40.83,81.66,0
5624,3532,2011,3,1022.5,2760.75,10
5625,3533,2081,4,77.16,308.64,0
5626,3533,2028,3,13.67,41.01,0
5627,3534,2056,4,286.88,1147.52,0
5628,3534,2030,3,47.85,143.55,0
5629,3534,2063,3,373.81,953.22,15
5630,3534,2070,4,237.56,855.22,10
5631,3535,2027,4,1239.54,4710.25,5
5632,3535,2047,3,69.63,208.89,0
5633,3535,2044,2,188.1,376.2,0
5634,3535,2071,2,21.19,40.26,5
5635,3536,2010,4,29.84,113.39,5
5636,3536,2025,2,190.35,380.7,0
5637,3536,2088,2,1635.62,3271.24,0
5638,3536,2019,2,346.33,554.13,20
5639,3536,2082,2,32.76,65.52,0
5640,3536,2078,4,217.4,782.64,10
5641,3537,2017,3,33.22,84.71,15
5642,3537,2015,4,296.44,1067.18,10
5643,3537,2048,3,880.52,2641.56,0
5644,3537,2036,2,43.48,86.96,0
5645,3537,2049,4,98.58,354.89,10
5646,3537,2095,2,43.25,77.85,10
5647,3537,2071,3,21.19,60.39,5
5648,3538,2083,4,555.23,1998.83,10
5649,3539,2080,1,200.83,160.66,20
5650,3539,2055,1,1703.16,1447.69,15
5651,3539,2100,3,35.57,85.37,20
5652,3539,2087,1,33.41,26.73,20
5653,3539,2037,4,130.62,522.48,0
5654,3540,2053,3,29.11,87.33,0
5655,3540,2062,4,1545.39,6181.56,0
5656,3540,2050,4,388.25,1553.0,0
5657,3541,2097,2,632.61,1265.22,0
5658,3541,2011,1,1022.5,971.38,5
5659,3542,2036,4,43.48,173.92,0
5660,3542,2071,4,21.19,84.76,0
5661,3543,2047,3,69.63,188.0,10
5662,3543,2098,2,303.18,576.04,5
5663,3543,2071,4,21.19,84.76,0
5664,3543,2027,2,1239.54,2107.22,15
5665,3544,2013,4,48.7,165.58,15
5666,3544,2092,1,40.28,40.28,0
5667,3545,2072,3,34.11,97.21,5
5668,3545,2094,2,259.12,492.33,5
5669,3545,2053,4,29.11,104.8,10
5670,3546,2067,3,330.49,941.9,5
5671,3547,2082,4,32.76,117.94,10
5672,3547,2084,4,10.55,42.2,0
5673,3548,2036,1,43.48,41.31,5
5674,3548,2079,3,29.21,87.63,0
5675,3548,2011,1,1022.5,1022.5,0
5676,3549,2005,3,821.88,1972.51,20
5677,3550,2023,4,67.99,271.96,0
5678,3551,2001,3,81.68,232.79,5
5679,3551,2061,4,65.34,261.36,0
5680,3551,2077,3,284.76,768.85,10
5681,3551,2045,4,1222.5,4645.5,5
5682,3552,2064,4,480.18,1824.68,5
5683,3552,2069,4,1040.52,3745.87,10
5684,3552,2071,4,21.19,84.76,0
5685,3553,2009,3,70.87,212.61,0
5686,3553,2090,2,140.69,281.38,0
5687,3553,2088,3,1635.62,4906.86,0
5688,3553,2079,3,29.21,87.63,0
5689,3553,2096,2,127.97,243.14,5
5690,3554,2081,2,77.16,154.32,0
5691,3554,2039,4,448.11,1433.95,20
5692,3554,2066,3,181.12,543.36,0
5693,3554,2074,1,47.62,42.86,10
5694,3555,2058,4,46.76,187.04,0
5695,3555,2094,4,259.12,1036.48,0
5696,3555,2077,3,284.76,811.57,5
5697,3555,2053,3,29.11,82.96,5
5698,3556,2074,4,47.62,180.96,5
5699,3556,2039,2,448.11,806.6,10
5700,3556,2012,2,38.81,73.74,5
5701,3556,2044,2,188.1,376.2,0
5702,3556,2005,2,821.88,1561.57,5
5703,3557,2041,4,33.25,133.0,0
5704,3557,2088,4,1635.62,6542.48,0
5705,3557,2035,4,484.95,1745.82,10
5706,3557,2067,1,330.49,330.49,0
5707,3557,2016,3,15.11,45.33,0
5708,3558,2071,4,21.19,84.76,0
5709,3558,2060,3,49.95,149.85,0
5710,3558,2023,3,67.99,203.97,0
5711,3558,2049,1,98.58,98.58,0
5712,3559,2010,4,29.84,113.39,5
5713,3559,2001,3,81.68,245.04,0
5714,3560,2062,2,1545.39,2936.24,5
5715,3561,2073,2,83.93,151.07,10
5716,3561,2047,3,69.63,208.89,0
5717,3561,2034,4,282.04,1128.16,0
5718,3561,2033,3,36.7,110.1,0
5719,3561,2033,1,36.7,36.7,0
5720,3562,2079,4,29.21,116.84,0
5721,3562,2050,1,388.25,388.25,0
5722,3562,2025,4,190.35,685.26,10
5723,3563,2010,1,29.84,26.86,10
5724,3563,2057,2,40.83,73.49,10
5725,3563,2087,3,33.41,95.22,5
5726,3564,2095,2,43.25,82.18,5
5727,3564,2087,3,33.41,100.23,0
5728,3565,2006,4,34.68,124.85,10
5729,3565,2071,2,21.19,36.02,15
5730,3566,2039,4,448.11,1792.44,0
5731,3566,2066,2,181.12,344.13,5
5732,3566,2088,2,1635.62,2780.55,15
5733,3566,2051,4,377.22,1207.1,20
5734,3566,2091,3,18.29,54.87,0
5735,3567,2063,3,373.81,1121.43,0
5736,3567,2043,1,46.31,41.68,10
5737,3568,2084,4,10.55,37.98,10
5738,3569,2073,4,83.93,335.72,0
5739,3569,2039,1,448.11,448.11,0
5740,3569,2011,3,1022.5,2607.38,15
5741,3569,2078,3,217.4,652.2,0
5742,3570,2012,1,38.81,32.99,15
5743,3571,2010,4,29.84,113.39,5
5744,3571,2005,4,821.88,3287.52,0
5745,3571,2094,2,259.12,492.33,5
5746,3571,2041,1,33.25,33.25,0
5747,3572,2043,2,46.31,92.62,0
5748,3573,2071,4,21.19,84.76,0
5749,3573,2063,1,373.81,373.81,0
5750,3573,2095,4,43.25,173.0,0
5751,3574,2088,3,1635.62,4416.17,10
5752,3574,2079,3,29.21,87.63,0
5753,3574,2090,4,140.69,478.35,15
5754,3575,2017,2,33.22,66.44,0
5755,3575,2063,1,373.81,373.81,0
5756,3575,2018,3,32.47,92.54,5
5757,3576,2099,2,221.86,377.16,15
5758,3576,2099,3,221.86,632.3,5
5759,3576,2059,1,1543.12,1388.81,10
5760,3577,2004,4,810.03,3240.12,0
5761,3577,2039,1,448.11,425.7,5
5762,3578,2012,3,38.81,93.14,20
5763,3578,2016,2,15.11,30.22,0
5764,3578,2066,3,181.12,516.19,5
5765,3578,2063,2,373.81,747.62,0
5766,3579,2073,4,83.93,318.93,5
5767,3579,2018,1,32.47,30.85,5
5768,3580,2080,2,200.83,381.58,5
5769,3580,2050,2,388.25,776.5,0
5770,3581,2069,3,1040.52,2809.4,10
5771,3581,2010,4,29.84,119.36,0
5772,3581,2035,2,484.95,969.9,0
5773,3582,2077,1,284.76,270.52,5
5774,3582,2008,3,25.42,68.63,10
5775,3583,2015,4,296.44,1185.76,0
5776,3583,2019,3,346.33,1038.99,0
5777,3583,2001,1,81.68,81.68,0
5778,3583,2088,2,1635.62,2944.12,10
5779,3584,2056,4,286.88,1147.52,0
5780,3584,2020,3,857.35,2314.85,10
5781,3584,2047,1,69.63,69.63,0
5782,3585,2095,2,43.25,86.5,0
5783,3585,2081,4,77.16,308.64,0
5784,3585,2028,2,13.67,25.97,5
5785,3586,2003,2,413.8,744.84,10
5786,3586,2076,1,13.31,11.31,15
5787,3586,2021,4,276.48,1105.92,0
5788,3587,2019,1,346.33,346.33,0
5789,3587,2030,1,47.85,43.07,10
5790,3587,2096,2,127.97,255.94,0
5791,3588,2043,2,46.31,92.62,0
5792,3588,2058,2,46.76,79.49,15
5793,3589,2018,2,32.47,61.69,5
5794,3589,2081,3,77.16,231.48,0
5795,3590,2038,2,56.71,96.41,15
5796,3590,2087,2,33.41,66.82,0
5797,3590,2068,4,130.11,520.44,0
5798,3590,2002,3,1730.96,5192.88,0
5799,3590,2072,2,34.11,64.81,5
5800,3591,2032,3,48.97,117.53,20
5801,3591,2065,2,209.37,334.99,20
5802,3591,2040,1,30.53,30.53,0
5803,3591,2065,3,209.37,565.3,10
5804,3591,2073,4,83.93,302.15,10
5805,3592,2020,4,857.35,3257.93,5
5806,3592,2027,3,1239.54,3532.69,5
5807,3592,2079,2,29.21,52.58,10
5808,3592,2088,2,1635.62,3271.24,0
5809,3592,2063,4,373.81,1495.24,0
5810,3593,2091,4,18.29,69.5,5
5811,3593,2020,4,857.35,3429.4,0
5812,3593,2084,2,10.55,17.94,15
5813,3593,2008,2,25.42,50.84,0
5814,3594,2035,4,484.95,1939.8,0
5815,3594,2065,2,209.37,418.74,0
5816,3595,2020,1,857.35,857.35,0
5817,3595,2002,2,1730.96,3461.92,0
5818,3595,2028,3,13.67,32.81,20
5819,3596,2063,2,373.81,710.24,5
5820,3596,2002,4,1730.96,6231.46,10
5821,3596,2065,4,209.37,795.61,5
5822,3597,2080,2,200.83,321.33,20
5823,3597,2040,2,30.53,58.01,5
5824,3597,2039,2,448.11,896.22,0
5825,3598,2013,2,48.7,97.4,0
5826,3598,2056,2,286.88,545.07,5
5827,3598,2072,4,34.11,129.62,5
5828,3598,2072,3,34.11,92.1,10
5829,3599,2045,2,1222.5,2445.0,0
5830,3599,2074,4,47.62,190.48,0
5831,3600,2047,4,69.63,236.74,15
5832,3600,2094,2,259.12,518.24,0
5833,3600,2061,3,65.34,186.22,5
5834,3600,2095,2,43.25,82.18,5
5835,3601,2070,1,237.56,237.56,0
5836,3601,2035,4,484.95,1939.8,0
5837,3601,2005,3,821.88,2219.08,10
5838,3601,2078,3,217.4,652.2,0
5839,3601,2092,3,40.28,120.84,0
5840,3601,2035,4,484.95,1939.8,0
5841,3602,2041,2,33.25,59.85,10
5842,3602,2088,4,1635.62,6542.48,0
5843,3602,2047,1,69.63,69.63,0
5844,3603,2063,3,373.81,897.14,20
5845,3603,2007,1,181.55,172.47,5
5846,3603,2077,2,284.76,569.52,0
5847,3604,2060,2,49.95,89.91,10
5848,3604,2042,1,1820.54,1729.51,5
5849,3604,2028,1,13.67,11.62,15
5850,3604,2053,3,29.11,87.33,0
5851,3605,2057,3,40.83,104.12,15
5852,3605,2083,1,555.23,555.23,0
5853,3605,2090,1,140.69,133.66,5
5854,3605,2093,2,903.01,1625.42,10
5855,3606,2086,4,119.99,479.96,0
5856,3606,2087,4,33.41,133.64,0
5857,3606,2029,1,96.44,91.62,5
5858,3607,2033,1,36.7,36.7,0
5859,3607,2100,3,35.57,96.04,10
5860,3607,2076,1,13.31,11.31,15
5861,3607,2010,3,29.84,89.52,0
5862,3608,2051,2,377.22,716.72,5
5863,3608,2081,3,77.16,208.33,10
5864,3608,2050,4,388.25,1475.35,5
5865,3609,2007,2,181.55,363.1,0
5866,3609,2019,1,346.33,346.33,0
5867,3609,2065,1,209.37,198.9,5
5868,3609,2095,2,43.25,73.52,15
5869,3610,2032,3,48.97,146.91,0
5870,3610,2085,3,352.02,897.65,15
5871,3610,2054,1,273.62,273.62,0
5872,3611,2085,1,352.02,281.62,20
5873,3611,2045,3,1222.5,3667.5,0
5874,3611,2045,1,1222.5,1222.5,0
5875,3611,2074,3,47.62,135.72,5
5876,3611,2092,2,40.28,76.53,5
5877,3611,2042,1,1820.54,1547.46,15
5878,3612,2052,3,856.26,2568.78,0
5879,3613,2012,3,38.81,98.97,15
5880,3614,2087,2,33.41,56.8,15
5881,3614,2036,2,43.48,73.92,15
5882,3614,2100,1,35.57,35.57,0
5883,3614,2083,4,555.23,1998.83,10
5884,3614,2002,2,1730.96,3461.92,0
5885,3614,2009,4,70.87,283.48,0
5886,3615,2025,3,190.35,571.05,0
5887,3615,2081,3,77.16,231.48,0
5888,3615,2057,2,40.83,81.66,0
5889,3616,2065,4,209.37,795.61,5
5890,3616,2093,1,903.01,812.71,10
5891,3616,2068,3,130.11,370.81,5
5892,3617,2094,3,259.12,738.49,5
5893,3617,2065,2,209.37,418.74,0
5894,3617,2038,4,56.71,226.84,0
5895,3617,2039,2,448.11,716.98,20
5896,3618,2085,1,352.02,299.22,15
5897,3618,2092,1,40.28,40.28,0
5898,3618,2035,4,484.95,1551.84,20
5899,3618,2012,1,38.81,38.81,0
5900,3618,2007,4,181.55,726.2,0
5901,3619,2001,2,81.68,163.36,0
5902,3620,2023,2,67.99,135.98,0
5903,3621,2069,2,1040.52,1872.94,10
5904,3621,2094,3,259.12,777.36,0
5905,3621,2086,3,119.99,323.97,10
5906,3621,2052,2,856.26,1626.89,5
5907,3621,2072,3,34.11,86.98,15
5908,3622,2098,4,303.18,1091.45,10
5909,3622,2037,2,130.62,261.24,0
5910,3623,2008,2,25.42,50.84,0
5911,3624,2015,1,296.44,296.44,0
5912,3624,2077,2,284.76,512.57,10
5913,3624,2049,4,98.58,394.32,0
5914,3624,2053,1,29.11,29.11,0
5915,3625,2071,4,21.19,84.76,0
5916,3625,2094,1,259.12,220.25,15
5917,3625,2030,1,47.85,47.85,0
5918,3626,2012,3,38.81,93.14,20
5919,3626,2077,1,284.76,270.52,5
5920,3627,2020,1,857.35,814.48,5
5921,3628,2039,1,448.11,403.3,10
5922,3628,2094,1,259.12,259.12,0
5923,3628,2003,3,413.8,1241.4,0
5924,3629,2037,3,130.62,313.49,20
5925,3630,2041,3,33.25,99.75,0
5926,3631,2053,4,29.11,116.44,0
5927,3631,2088,2,1635.62,2944.12,10
5928,3631,2026,2,344.85,620.73,10
5929,3632,2028,1,13.67,12.99,5
5930,3632,2070,1,237.56,201.93,15
5931,3632,2024,1,48.34,48.34,0
5932,3632,2027,3,1239.54,3532.69,5
5933,3632,2031,1,43.62,37.08,15
5934,3633,2057,3,40.83,116.37,5
5935,3633,2065,3,209.37,628.11,0
5936,3633,2031,1,43.62,43.62,0
5937,3634,2048,1,880.52,704.42,20
5938,3634,2004,1,810.03,810.03,0
5939,3634,2045,4,1222.5,4890.0,0
5940,3635,2075,3,1371.74,4115.22,0
5941,3635,2093,2,903.01,1625.42,10
5942,3636,2012,3,38.81,116.43,0
5943,3636,2004,4,810.03,3240.12,0
5944,3636,2047,1,69.63,69.63,0
5945,3637,2071,3,21.19,63.57,0
5946,3637,2068,1,130.11,110.59,15
5947,3637,2073,4,83.93,335.72,0
5948,3637,2028,4,13.67,51.95,5
5949,3637,2084,1,10.55,10.55,0
5950,3638,2090,3,140.69,422.07,0
5951,3638,2024,3,48.34,145.02,0
5952,3639,2050,3,388.25,990.04,15
5953,3639,2030,2,47.85,90.92,5
5954,3639,2066,3,181.12,461.86,15
5955,3639,2005,2,821.88,1561.57,5
5956,3640,2061,3,65.34,186.22,5
5957,3641,2021,2,276.48,525.31,5
5958,3641,2061,4,65.34,209.09,20
5959,3641,2041,3,33.25,99.75,0
5960,3642,2055,1,1703.16,1618.0,5
5961,3642,2018,1,32.47,25.98,20
5962,3642,2021,4,276.48,1050.62,5
5963,3642,2051,3,377.22,905.33,20
5964,3642,2021,1,276.48,276.48,0
5965,3643,2048,2,880.52,1761.04,0
5966,3643,2099,4,221.86,887.44,0
5967,3643,2092,3,40.28,120.84,0
5968,3644,2019,2,346.33,658.03,5
5969,3644,2071,2,21.19,38.14,10
5970,3644,2070,1,237.56,237.56,0
5971,3645,2056,4,286.88,975.39,15
5972,3646,2055,2,1703.16,3406.32,0
5973,3646,2080,1,200.83,200.83,0
5974,3646,2021,4,276.48,1105.92,0
5975,3647,2069,3,1040.52,3121.56,0
5976,3648,2075,2,1371.74,2743.48,0
5977,3648,2057,4,40.83,163.32,0
5978,3648,2085,1,352.02,316.82,10
5979,3649,2010,1,29.84,26.86,10
5980,3649,2069,3,1040.52,2653.33,15
5981,3649,2080,1,200.83,200.83,0
5982,3649,2044,3,188.1,507.87,10
5983,3650,2048,1,880.52,880.52,0
5984,3650,2067,4,330.49,1321.96,0
5985,3651,2034,4,282.04,1015.34,10
5986,3651,2071,4,21.19,67.81,20
5987,3652,2053,3,29.11,87.33,0
5988,3652,2024,2,48.34,82.18,15
5989,3652,2065,4,209.37,795.61,5
5990,3653,2086,4,119.99,479.96,0
5991,3653,2018,1,32.47,27.6,15
5992,3653,2008,4,25.42,91.51,10
5993,3654,2078,1,217.4,217.4,0
5994,3654,2004,4,810.03,3078.11,5
5995,3654,2012,1,38.81,36.87,5
5996,3654,2073,4,83.93,318.93,5
5997,3654,2023,4,67.99,271.96,0
5998,3654,2064,1,480.18,456.17,5
5999,3655,2079,4,29.21,116.84,0
6000,3655,2059,1,1543.12,1543.12,0
6001,3655,2048,4,880.52,3345.98,5
6002,3655,2053,1,29.11,26.2,10
6003,3656,2099,3,221.86,665.58,0
6004,3656,2097,2,632.61,1201.96,5
6005,3656,2080,2,200.83,381.58,5
6006,3657,2072,2,34.11,64.81,5
6007,3658,2016,3,15.11,40.8,10
6008,3658,2067,4,330.49,1321.96,0
6009,3659,2100,3,35.57,106.71,0
6010,3659,2028,1,13.67,12.99,5
6011,3659,2082,2,32.76,65.52,0
6012,3660,2045,1,1222.5,1222.5,0
6013,3661,2071,1,21.19,21.19,0
6014,3661,2009,2,70.87,141.74,0
6015,3662,2056,4,286.88,1147.52,0
6016,3662,2025,2,190.35,380.7,0
6017,3662,2063,2,373.81,747.62,0
6018,3662,2044,1,188.1,188.1,0
6019,3663,2018,3,32.47,97.41,0
6020,3663,2011,1,1022.5,1022.5,0
6021,3663,2008,2,25.42,45.76,10
6022,3664,2082,1,32.76,29.48,10
6023,3664,2033,3,36.7,99.09,10
6024,3664,2096,4,127.97,511.88,0
6025,3664,2063,3,373.81,1121.43,0
6026,3665,2033,2,36.7,73.4,0
6027,3665,2043,2,46.31,92.62,0
6028,3665,2001,2,81.68,163.36,0
6029,3666,2096,1,127.97,108.77,15
6030,3666,2036,4,43.48,173.92,0
6031,3666,2019,3,346.33,987.04,5
6032,3667,2057,2,40.83,73.49,10
6033,3667,2083,4,555.23,1887.78,15
6034,3667,2018,4,32.47,129.88,0
6035,3668,2054,2,273.62,547.24,0
6036,3668,2023,2,67.99,115.58,15
6037,3668,2100,1,35.57,33.79,5
6038,3668,2028,1,13.67,11.62,15
6039,3668,2074,1,47.62,42.86,10
6040,3668,2032,4,48.97,195.88,0
6041,3669,2047,4,69.63,278.52,0
6042,3669,2023,2,67.99,115.58,15
6043,3669,2010,4,29.84,113.39,5
6044,3670,2029,2,96.44,192.88,0
6045,3670,2008,1,25.42,25.42,0
6046,3671,2094,2,259.12,440.5,15
6047,3671,2033,3,36.7,110.1,0
6048,3671,2052,3,856.26,2440.34,5
6049,3672,2050,2,388.25,737.68,5
6050,3672,2034,1,282.04,282.04,0
6051,3673,2040,2,30.53,54.95,10
6052,3673,2059,2,1543.12,3086.24,0
6053,3674,2022,2,1084.43,1951.97,10
6054,3674,2020,2,857.35,1543.23,10
6055,3675,2050,3,388.25,1164.75,0
6056,3675,2087,4,33.41,106.91,20
6057,3676,2066,1,181.12,181.12,0
6058,3676,2047,4,69.63,264.59,5
6059,3676,2064,1,480.18,432.16,10
6060,3676,2021,2,276.48,470.02,15
6061,3676,2016,1,15.11,14.35,5
6062,3677,2007,4,181.55,653.58,10
6063,3677,2093,3,903.01,2302.68,15
6064,3677,2077,3,284.76,726.14,15
6065,3678,2008,1,25.42,21.61,15
6066,3679,2087,3,33.41,95.22,5
6067,3680,2080,1,200.83,160.66,20
6068,3680,2016,3,15.11,45.33,0
6069,3681,2072,4,34.11,136.44,0
6070,3681,2100,3,35.57,96.04,10
6071,3682,2081,2,77.16,154.32,0
6072,3682,2088,1,1635.62,1635.62,0
6073,3682,2013,3,48.7,138.8,5
6074,3683,2024,2,48.34,91.85,5
6075,3684,2006,1,34.68,34.68,0
6076,3684,2065,3,209.37,533.89,15
6077,3684,2056,4,286.88,1032.77,10
6078,3684,2030,1,47.85,43.07,10
6079,3685,2038,2,56.71,113.42,0
6080,3685,2024,2,48.34,91.85,5
6081,3685,2061,2,65.34,117.61,10
6082,3686,2043,1,46.31,46.31,0
6083,3686,2022,4,1084.43,4337.72,0
6084,3687,2053,4,29.11,116.44,0
6085,3687,2021,3,276.48,705.02,15
6086,3687,2054,3,273.62,820.86,0
6087,3687,2039,3,448.11,1344.33,0
6088,3687,2001,2,81.68,155.19,5
6089,3688,2003,3,413.8,1117.26,10
6090,3688,2066,1,181.12,181.12,0
6091,3688,2049,3,98.58,280.95,5
6092,3688,2083,2,555.23,1110.46,0
6093,3689,2048,1,880.52,748.44,15
6094,3689,2091,2,18.29,36.58,0
6095,3689,2040,2,30.53,54.95,10
6096,3690,2022,3,1084.43,3253.29,0
6097,3690,2047,1,69.63,62.67,10
6098,3690,2048,4,880.52,3345.98,5
6099,3690,2046,2,358.44,681.04,5
6100,3690,2033,2,36.7,73.4,0
6101,3690,2066,3,181.12,516.19,5
6102,3690,2063,2,373.81,747.62,0
6103,3690,2039,2,448.11,896.22,0
6104,3690,2045,4,1222.5,3912.0,20
6105,3690,2072,3,34.11,102.33,0
6106,3691,2075,2,1371.74,2469.13,10
6107,3691,2035,3,484.95,1454.85,0
6108,3691,2078,1,217.4,217.4,0
6109,3691,2030,1,47.85,43.07,10
6110,3691,2016,4,15.11,60.44,0
6111,3692,2014,3,80.82,218.21,10
6112,3692,2051,4,377.22,1508.88,0
6113,3692,2055,1,1703.16,1703.16,0
6114,3692,2056,3,286.88,860.64,0
6115,3693,2085,2,352.02,668.84,5
6116,3693,2025,2,190.35,380.7,0
6117,3693,2078,3,217.4,586.98,10
6118,3694,2027,1,1239.54,1177.56,5
6119,3694,2021,1,276.48,248.83,10
6120,3694,2070,4,237.56,807.7,15
6121,3694,2060,1,49.95,47.45,5
6122,3694,2079,2,29.21,52.58,10
6123,3695,2003,2,413.8,827.6,0
6124,3695,2088,1,1635.62,1390.28,15
6125,3696,2018,3,32.47,92.54,5
6126,3696,2025,1,190.35,190.35,0
6127,3696,2080,4,200.83,803.32,0
6128,3696,2060,3,49.95,142.36,5
6129,3696,2086,3,119.99,359.97,0
6130,3697,2040,2,30.53,61.06,0
6131,3697,2057,1,40.83,36.75,10
6132,3698,2067,3,330.49,991.47,0
6133,3698,2030,2,47.85,95.7,0
6134,3698,2093,2,903.01,1715.72,5
6135,3698,2039,2,448.11,806.6,10
6136,3699,2041,3,33.25,99.75,0
6137,3699,2009,3,70.87,191.35,10
6138,3699,2092,4,40.28,128.9,20
6139,3699,2075,4,1371.74,5212.61,5
6140,3699,2073,2,83.93,159.47,5
6141,3700,2006,3,34.68,104.04,0
6142,3700,2097,2,632.61,1138.7,10
6143,3701,2100,2,35.57,71.14,0
6144,3701,2043,4,46.31,148.19,20
6145,3702,2085,1,352.02,352.02,0
6146,3702,2074,2,47.62,85.72,10
6147,3702,2084,2,10.55,18.99,10
6148,3703,2089,3,19.64,47.14,20
6149,3703,2075,2,1371.74,2743.48,0
6150,3704,2053,3,29.11,87.33,0
6151,3704,2032,4,48.97,176.29,10
6152,3704,2009,4,70.87,283.48,0
6153,3704,2027,4,1239.54,4214.44,15
6154,3704,2011,1,1022.5,1022.5,0
6155,3705,2019,2,346.33,692.66,0
6156,3705,2030,4,47.85,191.4,0
6157,3705,2006,2,34.68,69.36,0
6158,3705,2079,1,29.21,29.21,0
6159,3705,2032,3,48.97,146.91,0
6160,3706,2091,4,18.29,73.16,0
6161,3706,2001,1,81.68,81.68,0
6162,3707,2066,4,181.12,652.03,10
6163,3707,2007,1,181.55,181.55,0
6164,3707,2008,2,25.42,40.67,20
6165,3707,2001,2,81.68,155.19,5
6166,3708,2086,4,119.99,479.96,0
6167,3708,2085,4,352.02,1408.08,0
6168,3708,2045,1,1222.5,1161.38,5
6169,3708,2044,2,188.1,338.58,10
6170,3709,2099,1,221.86,221.86,0
6171,3709,2005,4,821.88,3287.52,0
6172,3709,2006,1,34.68,34.68,0
6173,3710,2022,3,1084.43,3253.29,0
6174,3710,2027,4,1239.54,4710.25,5
6175,3711,2076,3,13.31,39.93,0
6176,3711,2030,1,47.85,38.28,20
6177,3712,2038,2,56.71,113.42,0
6178,3712,2024,4,48.34,193.36,0
6179,3712,2099,1,221.86,188.58,15
6180,3713,2078,3,217.4,652.2,0
6181,3713,2075,3,1371.74,4115.22,0
6182,3714,2079,4,29.21,105.16,10
6183,3714,2038,4,56.71,226.84,0
6184,3714,2033,1,36.7,36.7,0
6185,3715,2083,2,555.23,999.41,10
6186,3715,2058,4,46.76,187.04,0
6187,3715,2004,3,810.03,2187.08,10
6188,3716,2075,4,1371.74,5486.96,0
6189,3716,2097,4,632.61,2530.44,0
6190,3716,2028,3,13.67,41.01,0
6191,3717,2091,1,18.29,16.46,10
6192,3717,2011,3,1022.5,2760.75,10
6193,3717,2091,3,18.29,54.87,0
6194,3718,2090,1,140.69,140.69,0
6195,3718,2003,2,413.8,703.46,15
6196,3718,2015,1,296.44,296.44,0
6197,3719,2034,4,282.04,1128.16,0
6198,3719,2043,1,46.31,46.31,0
6199,3719,2036,1,43.48,41.31,5
6200,3719,2072,3,34.11,102.33,0
6201,3720,2038,2,56.71,113.42,0
6202,3721,2094,1,259.12,259.12,0
6203,3721,2060,2,49.95,99.9,0
6204,3721,2098,1,303.18,272.86,10
6205,3722,2070,3,237.56,712.68,0
6206,3722,2045,3,1222.5,3484.12,5
6207,3723,2015,1,296.44,251.97,15
6208,3723,2024,3,48.34,137.77,5
6209,3724,2067,4,330.49,1057.57,20
6210,3724,2023,2,67.99,129.18,5
6211,3725,2094,4,259.12,1036.48,0
6212,3725,2053,3,29.11,78.6,10
6213,3725,2094,2,259.12,440.5,15
6214,3726,2068,2,130.11,260.22,0
6215,3726,2078,2,217.4,369.58,15
6216,3727,2013,1,48.7,48.7,0
6217,3727,2061,3,65.34,156.82,20
6218,3728,2068,2,130.11,260.22,0
6219,3728,2037,2,130.62,222.05,15
6220,3728,2060,2,49.95,99.9,0
6221,3728,2065,4,209.37,795.61,5
6222,3729,2094,4,259.12,881.01,15
6223,3729,2048,2,880.52,1761.04,0
6224,3729,2081,3,77.16,196.76,15
6225,3729,2049,1,98.58,98.58,0
6226,3730,2004,1,810.03,769.53,5
6227,3730,2069,2,1040.52,1872.94,10
6228,3730,2023,1,67.99,64.59,5
6229,3730,2046,4,358.44,1433.76,0
6230,3730,2035,1,484.95,484.95,0
6231,3731,2017,2,33.22,56.47,15
6232,3731,2018,2,32.47,51.95,20
6233,3731,2064,2,480.18,816.31,15
6234,3732,2064,2,480.18,960.36,0
6235,3732,2053,2,29.11,55.31,5
6236,3733,2043,3,46.31,138.93,0
6237,3733,2056,4,286.88,1090.14,5
6238,3733,2074,2,47.62,90.48,5
6239,3733,2028,2,13.67,27.34,0
6240,3734,2031,1,43.62,37.08,15
6241,3734,2069,3,1040.52,2965.48,5
6242,3734,2003,3,413.8,1241.4,0
6243,3734,2009,2,70.87,141.74,0
6244,3735,2077,4,284.76,1025.14,10
6245,3735,2021,1,276.48,276.48,0
6246,3735,2085,1,352.02,316.82,10
6247,3735,2074,3,47.62,142.86,0
6248,3735,2064,4,480.18,1920.72,0
6249,3735,2016,3,15.11,40.8,10
6250,3735,2060,2,49.95,79.92,20
6251,3735,2044,4,188.1,752.4,0
6252,3736,2014,1,80.82,72.74,10
6253,3737,2037,4,130.62,522.48,0
6254,3737,2071,3,21.19,63.57,0
6255,3737,2025,2,190.35,342.63,10
6256,3738,2027,4,1239.54,4214.44,15
6257,3738,2040,1,30.53,27.48,10
6258,3739,2056,1,286.88,272.54,5
6259,3739,2035,3,484.95,1454.85,0
6260,3739,2007,3,181.55,544.65,0
6261,3740,2063,2,373.81,710.24,5
6262,3740,2012,1,38.81,31.05,20
6263,3740,2042,3,1820.54,4642.38,15
6264,3740,2097,2,632.61,1265.22,0
6265,3741,2054,1,273.62,273.62,0
6266,3742,2097,1,632.61,632.61,0
6267,3742,2072,1,34.11,28.99,15
6268,3742,2035,4,484.95,1939.8,0
6269,3742,2073,4,83.93,335.72,0
6270,3743,2023,3,67.99,203.97,0
6271,3743,2017,4,33.22,112.95,15
6272,3743,2033,2,36.7,66.06,10
6273,3744,2055,4,1703.16,6131.38,10
6274,3744,2094,4,259.12,984.66,5
6275,3744,2032,2,48.97,83.25,15
6276,3745,2002,1,1730.96,1644.41,5
6277,3746,2046,3,358.44,1075.32,0
6278,3746,2080,1,200.83,170.71,15
6279,3747,2083,1,555.23,527.47,5
6280,3748,2004,2,810.03,1620.06,0
6281,3748,2077,2,284.76,541.04,5
6282,3749,2002,4,1730.96,6923.84,0
6283,3749,2092,3,40.28,114.8,5
6284,3750,2068,1,130.11,130.11,0
6285,3750,2028,2,13.67,24.61,10
6286,3750,2023,3,67.99,183.57,10
6287,3750,2085,4,352.02,1196.87,15
6288,3751,2013,1,48.7,43.83,10
6289,3752,2092,4,40.28,153.06,5
6290,3752,2021,1,276.48,262.66,5
6291,3753,2085,2,352.02,704.04,0
6292,3754,2074,4,47.62,180.96,5
6293,3754,2009,4,70.87,240.96,15
6294,3754,2074,3,47.62,128.57,10
6295,3754,2031,3,43.62,117.77,10
6296,3755,2051,3,377.22,1131.66,0
6297,3755,2018,3,32.47,97.41,0
6298,3756,2031,4,43.62,174.48,0
6299,3756,2041,3,33.25,89.78,10
6300,3756,2100,4,35.57,135.17,5
6301,3757,2045,3,1222.5,3667.5,0
6302,3757,2010,1,29.84,29.84,0
6303,3757,2074,1,47.62,45.24,5
6304,3757,2016,4,15.11,54.4,10
6305,3757,2025,1,190.35,161.8,15
6306,3757,2071,2,21.19,42.38,0
6307,3758,2068,2,130.11,260.22,0
6308,3758,2053,4,29.11,116.44,0
6309,3758,2036,1,43.48,43.48,0
6310,3759,2059,1,1543.12,1311.65,15
6311,3759,2014,1,80.82,68.7,15
6312,3759,2047,3,69.63,188.0,10
6313,3759,2080,1,200.83,200.83,0
6314,3760,2051,3,377.22,1131.66,0
6315,3760,2034,4,282.04,1071.75,5
6316,3760,2072,3,34.11,102.33,0
6317,3761,2007,1,181.55,181.55,0
6318,3761,2036,1,43.48,43.48,0
6319,3762,2002,3,1730.96,5192.88,0
6320,3762,2072,1,34.11,27.29,20
6321,3762,2015,1,296.44,296.44,0
6322,3763,2076,1,13.31,12.64,5
6323,3763,2060,4,49.95,189.81,5
6324,3763,2017,2,33.22,63.12,5
6325,3763,2015,2,296.44,533.59,10
6326,3764,2043,3,46.31,118.09,15
6327,3764,2009,4,70.87,269.31,5
6328,3764,2028,2,13.67,24.61,10
6329,3764,2081,4,77.16,277.78,10
6330,3764,2081,1,77.16,77.16,0
6331,3764,2079,3,29.21,87.63,0
6332,3765,2091,4,18.29,69.5,5
6333,3765,2062,1,1545.39,1390.85,10
6334,3765,2007,2,181.55,363.1,0
6335,3765,2085,3,352.02,897.65,15
6336,3765,2081,2,77.16,154.32,0
6337,3766,2002,3,1730.96,4673.59,10
6338,3766,2007,3,181.55,462.95,15
6339,3766,2057,2,40.83,81.66,0
6340,3767,2098,1,303.18,288.02,5
6341,3767,2041,1,33.25,31.59,5
6342,3767,2085,3,352.02,1056.06,0
6343,3768,2044,2,188.1,357.39,5
6344,3768,2030,3,47.85,122.02,15
6345,3768,2052,4,856.26,3425.04,0
6346,3769,2075,2,1371.74,2743.48,0
6347,3769,2037,2,130.62,261.24,0
6348,3770,2051,4,377.22,1207.1,20
6349,3770,2015,4,296.44,1067.18,10
6350,3771,2074,2,47.62,85.72,10
6351,3771,2025,2,190.35,380.7,0
6352,3772,2020,1,857.35,728.75,15
6353,3772,2014,3,80.82,206.09,15
6354,3772,2037,3,130.62,372.27,5
6355,3772,2063,4,373.81,1420.48,5
6356,3772,2001,4,81.68,326.72,0
6357,3773,2032,2,48.97,88.15,10
6358,3773,2004,4,810.03,3078.11,5
6359,3773,2079,1,29.21,26.29,10
6360,3773,2045,1,1222.5,1222.5,0
6361,3774,2048,3,880.52,2641.56,0
6362,3774,2065,2,209.37,418.74,0
6363,3774,2036,4,43.48,173.92,0
6364,3775,2056,4,286.88,1147.52,0
6365,3775,2022,1,1084.43,921.77,15
6366,3775,2064,3,480.18,1440.54,0
6367,3776,2083,2,555.23,1110.46,0
6368,3776,2066,4,181.12,724.48,0
6369,3776,2091,2,18.29,34.75,5
6370,3776,2050,1,388.25,349.42,10
6371,3777,2069,1,1040.52,1040.52,0
6372,3777,2077,3,284.76,854.28,0
6373,3778,2062,4,1545.39,6181.56,0
6374,3778,2022,2,1084.43,1951.97,10
6375,3778,2025,4,190.35,761.4,0
6376,3779,2051,3,377.22,1131.66,0
6377,3779,2025,1,190.35,152.28,20
6378,3779,2016,1,15.11,15.11,0
6379,3780,2086,1,119.99,113.99,5
6380,3780,2092,2,40.28,80.56,0
6381,3780,2062,4,1545.39,4945.25,20
6382,3781,2074,2,47.62,95.24,0
6383,3781,2081,3,77.16,231.48,0
6384,3781,2023,4,67.99,217.57,20
6385,3781,2083,1,555.23,555.23,0
6386,3781,2097,1,632.61,632.61,0
6387,3781,2029,3,96.44,289.32,0
6388,3782,2050,4,388.25,1553.0,0
6389,3782,2050,3,388.25,1164.75,0
6390,3782,2076,2,13.31,25.29,5
6391,3782,2048,1,880.52,880.52,0
6392,3783,2076,3,13.31,33.94,15
6393,3783,2030,3,47.85,122.02,15
6394,3783,2032,3,48.97,132.22,10
6395,3783,2073,4,83.93,335.72,0
6396,3783,2059,2,1543.12,3086.24,0
6397,3783,2076,2,13.31,25.29,5
6398,3784,2012,2,38.81,77.62,0
6399,3784,2072,1,34.11,34.11,0
6400,3785,2064,4,480.18,1920.72,0
6401,3785,2026,1,344.85,293.12,15
6402,3786,2027,3,1239.54,3532.69,5
6403,3786,2035,3,484.95,1454.85,0
6404,3786,2060,1,49.95,47.45,5
6405,3786,2070,4,237.56,950.24,0
6406,3786,2058,1,46.76,46.76,0
6407,3787,2004,3,810.03,2430.09,0
6408,3787,2047,4,69.63,264.59,5
6409,3787,2085,4,352.02,1267.27,10
6410,3788,2087,4,33.41,133.64,0
6411,3788,2060,3,49.95,134.87,10
6412,3788,2030,3,47.85,143.55,0
6413,3788,2050,1,388.25,388.25,0
6414,3789,2055,2,1703.16,3406.32,0
6415,3789,2019,3,346.33,987.04,5
6416,3790,2098,3,303.18,909.54,0
6417,3790,2018,3,32.47,77.93,20
6418,3790,2030,1,47.85,47.85,0
6419,3790,2027,1,1239.54,1239.54,0
6420,3790,2078,1,217.4,206.53,5
6421,3791,2032,2,48.97,88.15,10
6422,3791,2066,2,181.12,344.13,5
6423,3791,2088,1,1635.62,1635.62,0
6424,3791,2038,1,56.71,56.71,0
6425,3792,2024,1,48.34,45.92,5
6426,3792,2009,3,70.87,201.98,5
6427,3792,2064,2,480.18,960.36,0
6428,3793,2073,3,83.93,226.61,10
6429,3793,2039,4,448.11,1792.44,0
6430,3793,2074,1,47.62,47.62,0
6431,3794,2025,3,190.35,456.84,20
6432,3794,2032,1,48.97,48.97,0
6433,3794,2097,3,632.61,1802.94,5
6434,3795,2049,2,98.58,177.44,10
6435,3795,2087,2,33.41,66.82,0
6436,3796,2093,1,903.01,857.86,5
6437,3796,2078,3,217.4,652.2,0
6438,3796,2085,3,352.02,1056.06,0
6439,3796,2004,4,810.03,2592.1,20
6440,3796,2095,4,43.25,173.0,0
6441,3797,2003,4,413.8,1655.2,0
6442,3797,2050,1,388.25,388.25,0
6443,3798,2008,4,25.42,101.68,0
6444,3798,2055,3,1703.16,4854.01,5
6445,3799,2025,2,190.35,380.7,0
6446,3799,2018,2,32.47,64.94,0
6447,3799,2012,1,38.81,38.81,0
6448,3799,2005,4,821.88,2958.77,10
6449,3799,2031,4,43.62,174.48,0
6450,3799,2097,1,632.61,632.61,0
6451,3800,2017,3,33.22,99.66,0
6452,3800,2021,4,276.48,1050.62,5
6453,3801,2033,3,36.7,93.58,15
6454,3802,2012,4,38.81,155.24,0
6455,3802,2001,1,81.68,69.43,15
6456,3803,2082,4,32.76,111.38,15
6457,3803,2036,4,43.48,165.22,5
6458,3804,2053,3,29.11,87.33,0
6459,3804,2040,3,30.53,91.59,0
6460,3804,2058,3,46.76,140.28,0
6461,3805,2079,2,29.21,58.42,0
6462,3805,2062,1,1545.39,1313.58,15
6463,3805,2002,1,1730.96,1644.41,5
6464,3806,2060,4,49.95,169.83,15
6465,3806,2009,4,70.87,269.31,5
6466,3806,2040,2,30.53,48.85,20
6467,3807,2017,1,33.22,33.22,0
6468,3808,2079,2,29.21,55.5,5
6469,3809,2074,3,47.62,121.43,15
6470,3809,2011,3,1022.5,2914.12,5
6471,3809,2053,2,29.11,58.22,0
6472,3810,2006,2,34.68,69.36,0
6473,3810,2052,4,856.26,2740.03,20
6474,3810,2041,2,33.25,66.5,0
6475,3810,2006,1,34.68,34.68,0
6476,3810,2034,1,282.04,282.04,0
6477,3810,2063,4,373.81,1495.24,0
6478,3811,2037,4,130.62,417.98,20
6479,3811,2075,1,1371.74,1371.74,0
6480,3811,2043,3,46.31,131.98,5
6481,3811,2068,2,130.11,260.22,0
6482,3811,2014,2,80.82,129.31,20
6483,3812,2039,4,448.11,1613.2,10
6484,3812,2048,4,880.52,3169.87,10
6485,3812,2030,4,47.85,191.4,0
6486,3813,2022,1,1084.43,1084.43,0
6487,3813,2074,1,47.62,47.62,0
6488,3813,2057,3,40.83,97.99,20
6489,3813,2068,1,130.11,110.59,15
6490,3813,2085,3,352.02,1056.06,0
6491,3814,2036,2,43.48,86.96,0
6492,3814,2051,4,377.22,1508.88,0
6493,3814,2052,2,856.26,1541.27,10
6494,3815,2072,4,34.11,136.44,0
6495,3815,2095,1,43.25,38.93,10
6496,3815,2086,1,119.99,113.99,5
6497,3816,2061,3,65.34,196.02,0
6498,3816,2083,1,555.23,555.23,0
6499,3817,2066,3,181.12,489.02,10
6500,3817,2087,3,33.41,90.21,10
6501,3817,2036,4,43.48,165.22,5
6502,3817,2040,4,30.53,116.01,5
6503,3818,2022,3,1084.43,2765.3,15
6504,3818,2074,3,47.62,142.86,0
6505,3818,2042,3,1820.54,5461.62,0
6506,3819,2049,3,98.58,295.74,0
6507,3819,2060,4,49.95,199.8,0
6508,3819,2008,2,25.42,50.84,0
6509,3820,2097,1,632.61,632.61,0
6510,3820,2075,2,1371.74,2194.78,20
6511,3820,2047,4,69.63,278.52,0
6512,3820,2062,4,1545.39,5872.48,5
6513,3821,2055,4,1703.16,6131.38,10
6514,3821,2023,2,67.99,135.98,0
6515,3822,2040,1,30.53,29.0,5
6516,3823,2012,1,38.81,32.99,15
6517,3823,2057,1,40.83,40.83,0
6518,3823,2035,3,484.95,1454.85,0
6519,3824,2049,1,98.58,93.65,5
6520,3824,2006,4,34.68,138.72,0
6521,3825,2010,4,29.84,119.36,0
6522,3825,2025,3,190.35,485.39,15
6523,3825,2053,4,29.11,116.44,0
6524,3825,2014,2,80.82,161.64,0
6525,3825,2056,2,286.88,573.76,0
6526,3826,2009,1,70.87,63.78,10
6527,3826,2006,1,34.68,34.68,0
6528,3826,2031,2,43.62,82.88,5
6529,3826,2050,1,388.25,349.42,10
6530,3826,2076,2,13.31,25.29,5
6531,3827,2034,4,282.04,1128.16,0
6532,3827,2097,2,632.61,1201.96,5
6533,3828,2039,4,448.11,1433.95,20
6534,3828,2072,3,34.11,102.33,0
6535,3828,2009,3,70.87,180.72,15
6536,3828,2013,4,48.7,194.8,0
6537,3829,2039,3,448.11,1344.33,0
6538,3829,2025,3,190.35,542.5,5
6539,3829,2001,2,81.68,163.36,0
6540,3830,2051,2,377.22,679.0,10
6541,3830,2018,3,32.47,82.8,15
6542,3830,2005,2,821.88,1643.76,0
6543,3831,2020,3,857.35,2572.05,0
6544,3831,2060,2,49.95,89.91,10
6545,3832,2056,2,286.88,487.7,15
6546,3832,2033,3,36.7,110.1,0
6547,3833,2021,2,276.48,525.31,5
6548,3833,2056,4,286.88,1147.52,0
6549,3833,2055,1,1703.16,1703.16,0
6550,3834,2036,3,43.48,123.92,5
6551,3834,2044,2,188.1,357.39,5
6552,3835,2013,1,48.7,48.7,0
6553,3835,2086,1,119.99,95.99,20
6554,3835,2094,2,259.12,440.5,15
6555,3836,2045,3,1222.5,3484.12,5
6556,3836,2002,4,1730.96,6923.84,0
6557,3836,2083,3,555.23,1499.12,10
6558,3836,2041,2,33.25,56.52,15
6559,3837,2051,1,377.22,377.22,0
6560,3837,2003,3,413.8,1241.4,0
6561,3837,2099,2,221.86,399.35,10
6562,3838,2077,1,284.76,284.76,0
6563,3838,2037,3,130.62,391.86,0
6564,3839,2044,4,188.1,752.4,0
6565,3839,2050,3,388.25,1164.75,0
6566,3839,2079,2,29.21,55.5,5
6567,3840,2037,1,130.62,104.5,20
6568,3840,2040,4,30.53,122.12,0
6569,3840,2042,2,1820.54,3641.08,0
6570,3840,2051,3,377.22,1018.49,10
6571,3841,2087,4,33.41,120.28,10
6572,3841,2065,3,209.37,628.11,0
6573,3842,2050,1,388.25,310.6,20
6574,3842,2051,2,377.22,754.44,0
6575,3842,2098,4,303.18,1212.72,0
6576,3843,2039,4,448.11,1792.44,0
6577,3844,2008,1,25.42,21.61,15
6578,3844,2059,1,1543.12,1543.12,0
6579,3844,2032,2,48.97,97.94,0
6580,3844,2069,4,1040.52,3953.98,5
6581,3845,2023,1,67.99,67.99,0
6582,3845,2090,3,140.69,422.07,0
6583,3846,2080,1,200.83,160.66,20
6584,3846,2090,1,140.69,140.69,0
6585,3846,2098,4,303.18,1212.72,0
6586,3846,2056,4,286.88,1147.52,0
6587,3847,2027,2,1239.54,2479.08,0
6588,3847,2082,3,32.76,88.45,10
6589,3847,2065,3,209.37,628.11,0
6590,3847,2064,1,480.18,408.15,15
6591,3848,2070,2,237.56,475.12,0
6592,3848,2093,2,903.01,1806.02,0
6593,3848,2040,1,30.53,29.0,5
6594,3849,2079,2,29.21,58.42,0
6595,3849,2069,3,1040.52,2965.48,5
6596,3850,2099,3,221.86,665.58,0
6597,3850,2100,3,35.57,96.04,10
6598,3850,2035,3,484.95,1454.85,0
6599,3851,2094,1,259.12,259.12,0
6600,3851,2053,4,29.11,110.62,5
6601,3851,2097,1,632.61,632.61,0
6602,3852,2012,2,38.81,65.98,15
6603,3852,2099,3,221.86,665.58,0
6604,3852,2019,2,346.33,692.66,0
6605,3852,2039,1,448.11,358.49,20
6606,3853,2088,1,1635.62,1553.84,5
6607,3853,2091,2,18.29,36.58,0
6608,3853,2065,2,209.37,418.74,0
6609,3853,2091,1,18.29,15.55,15
6610,3853,2020,1,857.35,814.48,5
6611,3854,2083,3,555.23,1665.69,0
6612,3854,2013,2,48.7,97.4,0
6613,3854,2011,1,1022.5,1022.5,0
6614,3855,2048,2,880.52,1496.88,15
6615,3856,2097,2,632.61,1138.7,10
6616,3856,2040,3,30.53,91.59,0
6617,3856,2077,1,284.76,242.05,15
6618,3856,2060,1,49.95,42.46,15
6619,3856,2031,2,43.62,78.52,10
6620,3857,2073,3,83.93,214.02,15
6621,3857,2046,1,358.44,358.44,0
6622,3857,2048,4,880.52,3522.08,0
6623,3857,2081,4,77.16,308.64,0
6624,3857,2011,4,1022.5,3272.0,20
6625,3857,2013,4,48.7,194.8,0
6626,3858,2045,2,1222.5,2445.0,0
6627,3858,2014,1,80.82,80.82,0
6628,3858,2008,1,25.42,25.42,0
6629,3858,2033,2,36.7,66.06,10
6630,3858,2049,1,98.58,93.65,5
6631,3858,2099,3,221.86,665.58,0
6632,3859,2084,2,10.55,21.1,0
6633,3859,2029,4,96.44,366.47,5
6634,3859,2018,4,32.47,116.89,10
6635,3860,2016,4,15.11,57.42,5
6636,3860,2052,2,856.26,1712.52,0
6637,3861,2053,2,29.11,55.31,5
6638,3861,2006,2,34.68,69.36,0
6639,3861,2063,2,373.81,710.24,5
6640,3861,2022,3,1084.43,3090.63,5
6641,3862,2020,1,857.35,771.62,10
6642,3862,2062,4,1545.39,5872.48,5
6643,3863,2096,3,127.97,307.13,20
6644,3863,2065,2,209.37,418.74,0
6645,3863,2012,1,38.81,38.81,0
6646,3864,2035,4,484.95,1939.8,0
6647,3864,2076,1,13.31,12.64,5
6648,3864,2095,3,43.25,129.75,0
6649,3864,2065,4,209.37,837.48,0
6650,3865,2100,1,35.57,32.01,10
6651,3865,2066,3,181.12,516.19,5
6652,3865,2051,3,377.22,1075.08,5
6653,3866,2046,4,358.44,1433.76,0
6654,3866,2043,3,46.31,131.98,5
6655,3866,2064,1,480.18,408.15,15
6656,3867,2098,1,303.18,242.54,20
6657,3867,2042,3,1820.54,5461.62,0
6658,3867,2009,1,70.87,70.87,0
6659,3867,2091,2,18.29,34.75,5
6660,3868,2068,1,130.11,123.6,5
6661,3868,2007,2,181.55,326.79,10
6662,3868,2080,1,200.83,170.71,15
6663,3868,2024,3,48.34,137.77,5
6664,3869,2029,4,96.44,366.47,5
6665,3869,2055,3,1703.16,5109.48,0
6666,3869,2007,4,181.55,617.27,15
6667,3869,2055,3,1703.16,4598.53,10
6668,3870,2014,3,80.82,242.46,0
6669,3870,2085,1,352.02,334.42,5
6670,3871,2040,2,30.53,48.85,20
6671,3871,2027,1,1239.54,1239.54,0
6672,3871,2057,3,40.83,122.49,0
6673,3872,2056,2,286.88,573.76,0
6674,3872,2060,2,49.95,89.91,10
6675,3872,2047,2,69.63,139.26,0
6676,3873,2055,1,1703.16,1703.16,0
6677,3873,2009,2,70.87,141.74,0
6678,3873,2053,4,29.11,104.8,10
6679,3873,2095,3,43.25,123.26,5
6680,3873,2051,4,377.22,1433.44,5
6681,3874,2011,3,1022.5,2914.12,5
6682,3874,2087,1,33.41,33.41,0
6683,3874,2011,4,1022.5,4090.0,0
6684,3875,2037,2,130.62,261.24,0
6685,3875,2059,4,1543.12,6172.48,0
6686,3876,2001,3,81.68,208.28,15
6687,3876,2095,3,43.25,129.75,0
6688,3876,2025,2,190.35,323.59,15
6689,3877,2063,2,373.81,747.62,0
6690,3877,2018,3,32.47,87.67,10
6691,3877,2057,2,40.83,81.66,0
6692,3877,2100,4,35.57,128.05,10
6693,3877,2053,2,29.11,46.58,20
6694,3878,2047,2,69.63,125.33,10
6695,3878,2004,1,810.03,810.03,0
6696,3878,2083,4,555.23,2220.92,0
6697,3879,2070,4,237.56,902.73,5
6698,3879,2055,1,1703.16,1532.84,10
6699,3879,2043,3,46.31,138.93,0
6700,3879,2032,1,48.97,48.97,0
6701,3880,2012,2,38.81,69.86,10
6702,3880,2044,4,188.1,752.4,0
6703,3880,2056,4,286.88,1147.52,0
6704,3881,2070,1,237.56,237.56,0
6705,3882,2097,4,632.61,2277.4,10
6706,3882,2051,1,377.22,377.22,0
6707,3883,2100,4,35.57,113.82,20
6708,3883,2080,2,200.83,401.66,0
6709,3883,2081,1,77.16,77.16,0
6710,3884,2005,2,821.88,1561.57,5
6711,3885,2016,2,15.11,27.2,10
6712,3886,2032,4,48.97,195.88,0
6713,3886,2016,2,15.11,30.22,0
6714,3886,2072,3,34.11,86.98,15
6715,3887,2050,2,388.25,698.85,10
6716,3887,2048,1,880.52,836.49,5
6717,3887,2007,3,181.55,490.19,10
6718,3888,2002,3,1730.96,4933.24,5
6719,3888,2021,2,276.48,552.96,0
6720,3889,2077,1,284.76,284.76,0
6721,3890,2012,4,38.81,147.48,5
6722,3890,2017,3,33.22,89.69,10
6723,3890,2019,1,346.33,311.7,10
6724,3891,2004,1,810.03,810.03,0
6725,3891,2088,1,1635.62,1390.28,15
6726,3891,2028,4,13.67,49.21,10
6727,3891,2026,1,344.85,344.85,0
6728,3892,2006,4,34.68,110.98,20
6729,3893,2034,4,282.04,1015.34,10
6730,3893,2017,3,33.22,99.66,0
6731,3893,2092,3,40.28,120.84,0
6732,3894,2068,1,130.11,117.1,10
6733,3895,2003,1,413.8,372.42,10
6734,3896,2090,2,140.69,253.24,10
6735,3896,2069,3,1040.52,2809.4,10
6736,3896,2006,1,34.68,34.68,0
6737,3896,2055,4,1703.16,6812.64,0
6738,3897,2037,3,130.62,391.86,0
6739,3897,2023,1,67.99,67.99,0
6740,3897,2050,4,388.25,1475.35,5
6741,3898,2061,4,65.34,248.29,5
6742,3898,2020,2,857.35,1628.96,5
6743,3898,2043,3,46.31,118.09,15
6744,3898,2096,1,127.97,121.57,5
6745,3899,2031,2,43.62,87.24,0
6746,3899,2010,1,29.84,29.84,0
6747,3899,2086,4,119.99,479.96,0
6748,3900,2078,4,217.4,782.64,10
6749,3900,2063,3,373.81,1121.43,0
6750,3901,2087,4,33.41,113.59,15
6751,3901,2049,3,98.58,295.74,0
6752,3901,2008,3,25.42,68.63,10
6753,3902,2074,1,47.62,40.48,15
6754,3902,2095,4,43.25,155.7,10
6755,3903,2065,1,209.37,209.37,0
6756,3903,2056,4,286.88,1147.52,0
6757,3903,2087,2,33.41,56.8,15
6758,3903,2088,1,1635.62,1635.62,0
6759,3904,2070,2,237.56,475.12,0
6760,3904,2094,1,259.12,259.12,0
6761,3904,2051,1,377.22,377.22,0
6762,3905,2058,2,46.76,84.17,10
6763,3905,2006,2,34.68,58.96,15
6764,3905,2085,3,352.02,1003.26,5
6765,3906,2008,4,25.42,96.6,5
6766,3906,2087,1,33.41,30.07,10
6767,3906,2098,3,303.18,909.54,0
6768,3906,2021,4,276.48,940.03,15
6769,3907,2038,2,56.71,107.75,5
6770,3907,2004,1,810.03,769.53,5
6771,3908,2036,3,43.48,117.4,10
6772,3908,2100,2,35.57,64.03,10
6773,3908,2079,1,29.21,27.75,5
6774,3909,2081,1,77.16,77.16,0
6775,3909,2053,1,29.11,29.11,0
6776,3909,2053,2,29.11,58.22,0
6777,3910,2073,4,83.93,335.72,0
6778,3910,2089,2,19.64,37.32,5
6779,3910,2085,1,352.02,299.22,15
6780,3911,2096,4,127.97,435.1,15
6781,3912,2023,1,67.99,64.59,5
6782,3912,2019,3,346.33,883.14,15
6783,3913,2063,1,373.81,373.81,0
6784,3913,2087,4,33.41,120.28,10
6785,3913,2011,2,1022.5,2045.0,0
6786,3914,2082,3,32.76,98.28,0
6787,3914,2056,2,286.88,573.76,0
6788,3915,2011,4,1022.5,3476.5,15
6789,3915,2006,4,34.68,124.85,10
6790,3915,2055,2,1703.16,3406.32,0
6791,3916,2050,1,388.25,388.25,0
6792,3916,2085,3,352.02,950.45,10
6793,3917,2040,2,30.53,61.06,0
6794,3917,2037,1,130.62,124.09,5
6795,3918,2096,2,127.97,217.55,15
6796,3918,2034,4,282.04,1071.75,5
6797,3918,2100,1,35.57,35.57,0
6798,3919,2049,4,98.58,315.46,20
6799,3920,2002,3,1730.96,5192.88,0
6800,3920,2022,4,1084.43,3470.18,20
6801,3920,2022,2,1084.43,2060.42,5
6802,3921,2029,2,96.44,192.88,0
6803,3921,2037,2,130.62,261.24,0
6804,3921,2067,1,330.49,297.44,10
6805,3921,2092,1,40.28,38.27,5
6806,3921,2048,3,880.52,2245.33,15
6807,3922,2014,3,80.82,242.46,0
6808,3923,2002,3,1730.96,5192.88,0
6809,3923,2056,4,286.88,1147.52,0
6810,3924,2046,3,358.44,1075.32,0
6811,3924,2024,1,48.34,48.34,0
6812,3925,2030,3,47.85,143.55,0
6813,3925,2070,2,237.56,475.12,0
6814,3925,2039,2,448.11,851.41,5
6815,3926,2013,2,48.7,97.4,0
6816,3926,2067,1,330.49,330.49,0
6817,3927,2026,2,344.85,655.22,5
6818,3927,2024,1,48.34,43.51,10
6819,3928,2030,2,47.85,90.92,5
6820,3928,2078,3,217.4,554.37,15
6821,3929,2076,2,13.31,21.3,20
6822,3929,2009,4,70.87,283.48,0
6823,3930,2050,4,388.25,1553.0,0
6824,3930,2065,3,209.37,565.3,10
6825,3930,2067,4,330.49,1321.96,0
6826,3930,2080,1,200.83,200.83,0
6827,3930,2090,4,140.69,450.21,20
6828,3931,2014,1,80.82,80.82,0
6829,3931,2074,1,47.62,47.62,0
6830,3932,2038,2,56.71,96.41,15
6831,3932,2018,4,32.47,129.88,0
6832,3932,2092,1,40.28,40.28,0
6833,3933,2016,3,15.11,45.33,0
6834,3933,2025,4,190.35,761.4,0
6835,3933,2037,4,130.62,522.48,0
6836,3934,2097,3,632.61,1613.16,15
6837,3934,2082,4,32.76,131.04,0
6838,3935,2014,1,80.82,80.82,0
6839,3935,2022,3,1084.43,3253.29,0
6840,3935,2041,2,33.25,56.52,15
6841,3936,2007,4,181.55,689.89,5
6842,3936,2051,2,377.22,754.44,0
6843,3937,2072,1,34.11,34.11,0
6844,3937,2005,1,821.88,821.88,0
6845,3937,2036,3,43.48,130.44,0
6846,3937,2008,2,25.42,50.84,0
6847,3938,2050,1,388.25,388.25,0
6848,3938,2095,1,43.25,43.25,0
6849,3938,2029,4,96.44,327.9,15
6850,3938,2091,2,18.29,36.58,0
6851,3939,2095,4,43.25,155.7,10
6852,3939,2043,4,46.31,185.24,0
6853,3939,2074,4,47.62,152.38,20
6854,3940,2053,4,29.11,116.44,0
6855,3940,2083,2,555.23,1110.46,0
6856,3941,2029,3,96.44,260.39,10
6857,3941,2093,4,903.01,3612.04,0
6858,3941,2065,1,209.37,209.37,0
6859,3941,2058,3,46.76,140.28,0
6860,3942,2036,1,43.48,41.31,5
6861,3942,2033,2,36.7,73.4,0
6862,3942,2010,2,29.84,59.68,0
6863,3942,2001,1,81.68,81.68,0
6864,3942,2020,4,857.35,3429.4,0
6865,3942,2061,4,65.34,261.36,0
6866,3942,2097,4,632.61,2277.4,10
6867,3943,2012,1,38.81,36.87,5
6868,3943,2075,4,1371.74,4663.92,15
6869,3943,2047,1,69.63,69.63,0
6870,3944,2076,3,13.31,33.94,15
6871,3944,2002,3,1730.96,5192.88,0
6872,3945,2056,4,286.88,1147.52,0
6873,3945,2033,1,36.7,31.2,15
6874,3945,2003,3,413.8,1117.26,10
6875,3945,2003,4,413.8,1572.44,5
6876,3946,2010,4,29.84,113.39,5
6877,3946,2064,1,480.18,408.15,15
6878,3946,2018,2,32.47,58.45,10
6879,3947,2064,4,480.18,1920.72,0
6880,3947,2099,4,221.86,754.32,15
6881,3948,2047,2,69.63,118.37,15
6882,3948,2044,2,188.1,357.39,5
6883,3948,2037,4,130.62,417.98,20
6884,3949,2073,3,83.93,251.79,0
6885,3949,2087,1,33.41,33.41,0
6886,3950,2060,1,49.95,49.95,0
6887,3950,2068,2,130.11,260.22,0
6888,3950,2035,2,484.95,969.9,0
6889,3951,2008,2,25.42,50.84,0
6890,3951,2100,2,35.57,71.14,0
6891,3951,2097,1,632.61,600.98,5
6892,3951,2046,2,358.44,716.88,0
6893,3952,2011,2,1022.5,2045.0,0
6894,3952,2067,1,330.49,297.44,10
6895,3953,2018,3,32.47,97.41,0
6896,3953,2006,1,34.68,32.95,5
6897,3954,2025,4,190.35,723.33,5
6898,3954,2075,3,1371.74,4115.22,0
6899,3954,2085,3,352.02,1003.26,5
6900,3954,2057,4,40.83,163.32,0
6901,3954,2077,4,284.76,1082.09,5
6902,3954,2039,2,448.11,806.6,10
6903,3955,2071,2,21.19,38.14,10
6904,3955,2078,4,217.4,869.6,0
6905,3956,2024,4,48.34,164.36,15
6906,3956,2031,1,43.62,43.62,0
6907,3957,2096,2,127.97,243.14,5
6908,3957,2099,3,221.86,565.74,15
6909,3958,2042,2,1820.54,3276.97,10
6910,3959,2024,3,48.34,145.02,0
6911,3959,2024,2,48.34,82.18,15
6912,3959,2009,2,70.87,127.57,10
6913,3960,2093,1,903.01,903.01,0
6914,3960,2077,1,284.76,256.28,10
6915,3960,2072,1,34.11,34.11,0
6916,3960,2046,1,358.44,358.44,0
6917,3960,2030,1,47.85,45.46,5
6918,3960,2076,3,13.31,37.93,5
6919,3961,2018,2,32.47,58.45,10
6920,3961,2058,1,46.76,46.76,0
6921,3962,2062,3,1545.39,4636.17,0
6922,3962,2008,1,25.42,24.15,5
6923,3962,2053,2,29.11,58.22,0
6924,3963,2072,3,34.11,102.33,0
6925,3963,2076,4,13.31,53.24,0
6926,3963,2020,1,857.35,857.35,0
6927,3963,2082,4,32.76,131.04,0
6928,3963,2054,3,273.62,779.82,5
6929,3964,2048,2,880.52,1672.99,5
6930,3964,2014,3,80.82,230.34,5
6931,3964,2064,3,480.18,1440.54,0
6932,3964,2009,1,70.87,70.87,0
6933,3965,2035,1,484.95,460.7,5
6934,3965,2050,2,388.25,776.5,0
6935,3965,2079,1,29.21,29.21,0
6936,3966,2056,1,286.88,243.85,15
6937,3967,2006,3,34.68,104.04,0
6938,3967,2097,4,632.61,2403.92,5
6939,3967,2095,1,43.25,43.25,0
6940,3967,2036,1,43.48,43.48,0
6941,3968,2042,4,1820.54,6189.84,15
6942,3968,2088,2,1635.62,3271.24,0
6943,3968,2086,2,119.99,239.98,0
6944,3968,2068,4,130.11,520.44,0
6945,3969,2018,1,32.47,30.85,5
6946,3970,2080,2,200.83,341.41,15
6947,3970,2035,2,484.95,775.92,20
6948,3971,2088,3,1635.62,4906.86,0
6949,3971,2046,3,358.44,967.79,10
6950,3971,2080,1,200.83,190.79,5
6951,3972,2078,2,217.4,391.32,10
6952,3972,2020,2,857.35,1714.7,0
6953,3972,2076,1,13.31,13.31,0
6954,3972,2022,3,1084.43,3253.29,0
6955,3972,2066,1,181.12,153.95,15
6956,3972,2026,4,344.85,1172.49,15
6957,3972,2068,2,130.11,260.22,0
6958,3973,2072,1,34.11,34.11,0
6959,3973,2071,3,21.19,63.57,0
6960,3973,2094,2,259.12,518.24,0
6961,3974,2055,3,1703.16,4598.53,10
6962,3974,2001,1,81.68,81.68,0
6963,3975,2065,3,209.37,502.49,20
6964,3975,2031,1,43.62,43.62,0
6965,3975,2058,4,46.76,187.04,0
6966,3975,2088,2,1635.62,2780.55,15
6967,3976,2011,1,1022.5,1022.5,0
6968,3976,2018,2,32.47,58.45,10
6969,3977,2088,2,1635.62,3271.24,0
6970,3977,2033,1,36.7,34.86,5
6971,3977,2028,1,13.67,13.67,0
6972,3977,2056,1,286.88,243.85,15
6973,3977,2020,3,857.35,2572.05,0
6974,3977,2044,2,188.1,376.2,0
6975,3978,2084,1,10.55,8.44,20
6976,3978,2046,4,358.44,1433.76,0
6977,3979,2041,4,33.25,113.05,15
6978,3979,2011,1,1022.5,1022.5,0
6979,3979,2081,4,77.16,246.91,20
6980,3979,2034,2,282.04,507.67,10
6981,3980,2060,3,49.95,134.87,10
6982,3980,2037,4,130.62,522.48,0
6983,3980,2061,4,65.34,261.36,0
6984,3981,2100,4,35.57,128.05,10
6985,3981,2068,2,130.11,260.22,0
6986,3981,2072,2,34.11,57.99,15
6987,3982,2087,2,33.41,66.82,0
6988,3982,2040,3,30.53,77.85,15
6989,3982,2063,1,373.81,373.81,0
6990,3982,2065,4,209.37,837.48,0
6991,3983,2074,1,47.62,45.24,5
6992,3983,2098,1,303.18,303.18,0
6993,3983,2015,1,296.44,237.15,20
6994,3984,2015,3,296.44,800.39,10
6995,3984,2018,2,32.47,58.45,10
6996,3985,2033,4,36.7,124.78,15
6997,3985,2089,4,19.64,78.56,0
6998,3985,2090,1,140.69,140.69,0
6999,3986,2040,2,30.53,61.06,0
7000,3987,2072,1,34.11,34.11,0
7001,3987,2025,1,190.35,180.83,5
7002,3987,2040,1,30.53,29.0,5
7003,3988,2059,2,1543.12,3086.24,0
7004,3988,2098,4,303.18,1152.08,5
7005,3988,2070,1,237.56,225.68,5
7006,3988,2096,4,127.97,511.88,0
7007,3989,2075,4,1371.74,4663.92,15
7008,3989,2062,3,1545.39,4636.17,0
7009,3990,2053,3,29.11,87.33,0
7010,3991,2052,3,856.26,2311.9,10
7011,3991,2081,4,77.16,308.64,0
7012,3991,2098,2,303.18,606.36,0
7013,3992,2028,1,13.67,13.67,0
7014,3992,2100,3,35.57,101.37,5
7015,3992,2011,1,1022.5,818.0,20
7016,3993,2068,1,130.11,123.6,5
7017,3993,2094,1,259.12,246.16,5
7018,3993,2099,3,221.86,665.58,0
7019,3994,2001,2,81.68,163.36,0
7020,3994,2010,4,29.84,119.36,0
7021,3995,2010,2,29.84,59.68,0
7022,3996,2042,3,1820.54,5461.62,0
7023,3996,2045,2,1222.5,2200.5,10
7024,3996,2049,1,98.58,78.86,20
7025,3996,2091,3,18.29,46.64,15
7026,3997,2013,3,48.7,146.1,0
7027,3997,2014,4,80.82,323.28,0
7028,3998,2014,1,80.82,80.82,0
7029,3999,2032,1,48.97,48.97,0
7030,3999,2087,2,33.41,63.48,5
7031,3999,2040,2,30.53,54.95,10
7032,4000,2014,4,80.82,307.12,5
7033,4000,2010,1,29.84,29.84,0
7034,4000,2091,1,18.29,16.46,10
7035,4000,2066,3,181.12,516.19,5
7036,4001,2008,1,25.42,22.88,10
7037,4001,2039,4,448.11,1792.44,0
7038,4002,2053,2,29.11,58.22,0
7039,4002,2092,1,40.28,40.28,0
7040,4002,2078,2,217.4,434.8,0
7041,4002,2083,2,555.23,999.41,10
7042,4002,2017,3,33.22,99.66,0
7043,4002,2006,2,34.68,62.42,10
7044,4003,2061,2,65.34,117.61,10
7045,4003,2087,1,33.41,30.07,10
7046,4004,2091,2,18.29,36.58,0
7047,4005,2036,2,43.48,73.92,15
7048,4005,2088,4,1635.62,6542.48,0
7049,4005,2099,3,221.86,665.58,0
7050,4005,2054,3,273.62,697.73,15
7051,4006,2100,4,35.57,120.94,15
7052,4007,2079,1,29.21,29.21,0
7053,4007,2062,3,1545.39,4172.55,10
7054,4007,2066,2,181.12,326.02,10
7055,4008,2026,3,344.85,982.82,5
7056,4009,2032,2,48.97,93.04,5
7057,4009,2039,4,448.11,1792.44,0
7058,4009,2042,3,1820.54,5461.62,0
7059,4009,2076,4,13.31,45.25,15
7060,4009,2074,2,47.62,90.48,5
7061,4010,2059,4,1543.12,6172.48,0
7062,4010,2074,2,47.62,90.48,5
7063,4011,2071,3,21.19,54.03,15
7064,4011,2014,1,80.82,76.78,5
7065,4011,2098,4,303.18,1152.08,5
7066,4011,2020,3,857.35,2572.05,0
7067,4012,2053,1,29.11,23.29,20
7068,4013,2045,4,1222.5,4890.0,0
7069,4013,2024,2,48.34,91.85,5
7070,4014,2040,3,30.53,87.01,5
7071,4014,2092,1,40.28,40.28,0
7072,4014,2095,3,43.25,129.75,0
7073,4015,2016,2,15.11,30.22,0
7074,4015,2035,4,484.95,1842.81,5
7075,4015,2027,2,1239.54,2231.17,10
7076,4016,2058,1,46.76,46.76,0
7077,4016,2053,2,29.11,55.31,5
7078,4016,2023,4,67.99,258.36,5
7079,4017,2052,4,856.26,3425.04,0
7080,4018,2073,3,83.93,251.79,0
7081,4018,2068,3,130.11,351.3,10
7082,4019,2087,3,33.41,100.23,0
7083,4019,2013,3,48.7,146.1,0
7084,4019,2048,2,880.52,1496.88,15
7085,4019,2092,2,40.28,80.56,0
7086,4019,2049,2,98.58,197.16,0
7087,4020,2097,3,632.61,1897.83,0
7088,4020,2092,1,40.28,40.28,0
7089,4021,2082,2,32.76,62.24,5
7090,4021,2043,1,46.31,39.36,15
7091,4021,2044,4,188.1,639.54,15
7092,4022,2085,3,352.02,1003.26,5
7093,4022,2091,4,18.29,73.16,0
7094,4022,2051,4,377.22,1282.55,15
7095,4022,2056,3,286.88,860.64,0
7096,4022,2026,1,344.85,344.85,0
7097,4022,2049,4,98.58,374.6,5
7098,4023,2085,3,352.02,1056.06,0
7099,4023,2020,3,857.35,2314.85,10
7100,4023,2040,3,30.53,87.01,5
7101,4024,2081,3,77.16,196.76,15
7102,4024,2084,3,10.55,30.07,5
7103,4024,2091,3,18.29,52.13,5
7104,4024,2075,2,1371.74,2606.31,5
7105,4024,2047,4,69.63,236.74,15
7106,4024,2077,2,284.76,541.04,5
7107,4025,2006,1,34.68,34.68,0
7108,4025,2032,4,48.97,195.88,0
7109,4025,2021,2,276.48,552.96,0
7110,4025,2034,4,282.04,1015.34,10
7111,4025,2040,3,30.53,91.59,0
7112,4026,2029,1,96.44,77.15,20
7113,4026,2038,2,56.71,102.08,10
7114,4026,2042,3,1820.54,5461.62,0
7115,4026,2080,4,200.83,803.32,0
7116,4027,2018,1,32.47,32.47,0
7117,4027,2047,3,69.63,208.89,0
7118,4027,2048,2,880.52,1584.94,10
7119,4028,2059,3,1543.12,3934.96,15
7120,4028,2011,4,1022.5,3272.0,20
7121,4029,2097,2,632.61,1265.22,0
7122,4029,2047,4,69.63,250.67,10
7123,4030,2028,3,13.67,41.01,0
7124,4030,2061,4,65.34,261.36,0
7125,4030,2096,3,127.97,383.91,0
7126,4030,2053,1,29.11,29.11,0
7127,4031,2075,4,1371.74,5486.96,0
7128,4031,2040,4,30.53,122.12,0
7129,4031,2070,4,237.56,950.24,0
7130,4031,2012,1,38.81,38.81,0
7131,4032,2096,4,127.97,460.69,10
7132,4032,2019,3,346.33,935.09,10
7133,4033,2051,2,377.22,754.44,0
7134,4033,2009,2,70.87,134.65,5
7135,4033,2010,3,29.84,89.52,0
7136,4033,2037,4,130.62,522.48,0
7137,4033,2004,1,810.03,769.53,5
7138,4034,2097,2,632.61,1201.96,5
7139,4034,2017,1,33.22,31.56,5
7140,4034,2038,2,56.71,96.41,15
7141,4035,2044,1,188.1,188.1,0
7142,4035,2088,4,1635.62,5561.11,15
7143,4035,2084,3,10.55,31.65,0
7144,4035,2005,1,821.88,821.88,0
7145,4035,2045,2,1222.5,2322.75,5
7146,4035,2076,1,13.31,13.31,0
7147,4036,2026,3,344.85,879.37,15
7148,4036,2085,1,352.02,352.02,0
7149,4036,2065,3,209.37,628.11,0
7150,4036,2022,4,1084.43,4337.72,0
7151,4036,2008,1,25.42,25.42,0
7152,4036,2033,2,36.7,69.73,5
7153,4036,2045,2,1222.5,2445.0,0
7154,4037,2086,3,119.99,359.97,0
7155,4037,2018,4,32.47,123.39,5
7156,4038,2033,2,36.7,73.4,0
7157,4038,2088,2,1635.62,3271.24,0
7158,4038,2019,4,346.33,1385.32,0
7159,4039,2096,3,127.97,383.91,0
7160,4039,2052,3,856.26,2440.34,5
7161,4040,2091,2,18.29,36.58,0
7162,4040,2004,1,810.03,810.03,0
7163,4040,2060,1,49.95,47.45,5
7164,4041,2093,3,903.01,2438.13,10
7165,4041,2051,4,377.22,1508.88,0
7166,4041,2015,3,296.44,844.85,5
7167,4042,2049,2,98.58,167.59,15
7168,4043,2042,3,1820.54,5188.54,5
7169,4043,2007,2,181.55,344.94,5
7170,4043,2056,1,286.88,286.88,0
7171,4044,2049,3,98.58,295.74,0
7172,4045,2025,1,190.35,190.35,0
7173,4045,2066,2,181.12,362.24,0
7174,4045,2095,2,43.25,82.18,5
7175,4045,2089,3,19.64,55.97,5
7176,4045,2081,3,77.16,231.48,0
7177,4045,2011,1,1022.5,971.38,5
7178,4046,2040,4,30.53,122.12,0
7179,4046,2012,4,38.81,147.48,5
7180,4046,2052,3,856.26,2568.78,0
7181,4047,2100,3,35.57,101.37,5
7182,4048,2071,1,21.19,20.13,5
7183,4048,2072,2,34.11,68.22,0
7184,4049,2075,3,1371.74,3703.7,10
7185,4049,2029,1,96.44,96.44,0
7186,4049,2017,1,33.22,33.22,0
7187,4049,2020,1,857.35,857.35,0
7188,4050,2063,4,373.81,1270.95,15
7189,4050,2016,1,15.11,14.35,5
7190,4050,2094,3,259.12,738.49,5
7191,4050,2060,4,49.95,179.82,10
7192,4051,2067,2,330.49,594.88,10
7193,4051,2021,1,276.48,235.01,15
7194,4051,2021,4,276.48,940.03,15
7195,4052,2011,2,1022.5,1840.5,10
7196,4052,2095,2,43.25,77.85,10
7197,4052,2025,2,190.35,380.7,0
7198,4052,2098,3,303.18,909.54,0
7199,4053,2060,2,49.95,99.9,0
7200,4053,2030,2,47.85,95.7,0
7201,4053,2042,4,1820.54,7282.16,0
7202,4053,2002,1,1730.96,1644.41,5
7203,4054,2002,4,1730.96,6577.65,5
7204,4054,2023,2,67.99,135.98,0
7205,4055,2075,2,1371.74,2469.13,10
7206,4056,2049,4,98.58,394.32,0
7207,4056,2010,4,29.84,119.36,0
7208,4056,2034,3,282.04,846.12,0
7209,4057,2031,4,43.62,174.48,0
7210,4057,2047,4,69.63,278.52,0
7211,4057,2094,2,259.12,492.33,5
7212,4057,2028,3,13.67,41.01,0
7213,4058,2043,2,46.31,78.73,15
7214,4059,2039,3,448.11,1075.46,20
7215,4059,2045,3,1222.5,3484.12,5
7216,4059,2052,1,856.26,813.45,5
7217,4059,2056,3,286.88,688.51,20
7218,4060,2087,1,33.41,28.4,15
7219,4060,2032,1,48.97,48.97,0
7220,4061,2019,4,346.33,1385.32,0
7221,4061,2003,3,413.8,1179.33,5
7222,4061,2091,2,18.29,36.58,0
7223,4062,2095,1,43.25,36.76,15
7224,4063,2011,3,1022.5,2914.12,5
7225,4063,2018,3,32.47,97.41,0
7226,4063,2002,2,1730.96,3288.82,5
7227,4064,2016,3,15.11,45.33,0
7228,4064,2016,3,15.11,45.33,0
7229,4064,2036,4,43.48,173.92,0
7230,4064,2009,3,70.87,212.61,0
7231,4065,2074,3,47.62,135.72,5
7232,4065,2064,2,480.18,960.36,0
7233,4065,2089,3,19.64,58.92,0
7234,4066,2043,1,46.31,46.31,0
7235,4067,2079,3,29.21,74.49,15
7236,4067,2041,4,33.25,126.35,5
7237,4068,2037,3,130.62,313.49,20
7238,4068,2016,4,15.11,57.42,5
7239,4068,2094,4,259.12,984.66,5
7240,4069,2066,2,181.12,362.24,0
7241,4070,2020,1,857.35,771.62,10
7242,4070,2043,4,46.31,185.24,0
7243,4070,2014,3,80.82,242.46,0
7244,4070,2038,2,56.71,107.75,5
7245,4071,2069,3,1040.52,3121.56,0
7246,4072,2075,3,1371.74,4115.22,0
7247,4072,2070,3,237.56,605.78,15
7248,4073,2002,4,1730.96,6923.84,0
7249,4073,2038,2,56.71,113.42,0
7250,4073,2005,4,821.88,2794.39,15
7251,4073,2096,4,127.97,486.29,5
7252,4074,2052,1,856.26,856.26,0
7253,4074,2078,4,217.4,869.6,0
7254,4074,2047,4,69.63,278.52,0
7255,4075,2065,3,209.37,596.7,5
7256,4075,2090,2,140.69,281.38,0
7257,4076,2026,3,344.85,1034.55,0
7258,4076,2016,3,15.11,43.06,5
7259,4077,2060,2,49.95,99.9,0
7260,4078,2074,1,47.62,42.86,10
7261,4078,2073,4,83.93,302.15,10
7262,4078,2098,3,303.18,818.59,10
7263,4078,2055,3,1703.16,4854.01,5
7264,4079,2059,4,1543.12,6172.48,0
7265,4079,2047,2,69.63,132.3,5
7266,4079,2035,2,484.95,872.91,10
7267,4080,2047,2,69.63,118.37,15
7268,4080,2007,4,181.55,726.2,0
7269,4081,2076,2,13.31,26.62,0
7270,4081,2052,4,856.26,3082.54,10
7271,4081,2051,3,377.22,905.33,20
7272,4081,2006,3,34.68,98.84,5
7273,4082,2019,3,346.33,987.04,5
7274,4082,2069,2,1040.52,2081.04,0
7275,4083,2019,4,346.33,1316.05,5
7276,4083,2093,4,903.01,3612.04,0
7277,4084,2060,3,49.95,149.85,0
7278,4084,2015,1,296.44,296.44,0
7279,4084,2046,3,358.44,1075.32,0
7280,4085,2018,4,32.47,129.88,0
7281,4085,2011,4,1022.5,3681.0,10
7282,4085,2072,3,34.11,102.33,0
7283,4085,2028,2,13.67,25.97,5
7284,4085,2030,4,47.85,191.4,0
7285,4085,2023,2,67.99,129.18,5
7286,4085,2058,3,46.76,119.24,15
7287,4086,2078,1,217.4,217.4,0
7288,4086,2049,4,98.58,394.32,0
7289,4087,2027,3,1239.54,3718.62,0
7290,4087,2034,3,282.04,846.12,0
7291,4087,2056,2,286.88,573.76,0
7292,4088,2033,1,36.7,36.7,0
7293,4088,2007,2,181.55,326.79,10
7294,4088,2021,3,276.48,829.44,0
7295,4088,2073,1,83.93,79.73,5
7296,4088,2053,1,29.11,29.11,0
7297,4089,2007,2,181.55,363.1,0
7298,4089,2092,3,40.28,120.84,0
7299,4089,2052,1,856.26,856.26,0
7300,4089,2007,1,181.55,181.55,0
7301,4090,2056,2,286.88,573.76,0
7302,4090,2013,2,48.7,92.53,5
7303,4090,2041,1,33.25,33.25,0
7304,4090,2018,3,32.47,97.41,0
7305,4091,2002,1,1730.96,1730.96,0
7306,4092,2049,1,98.58,98.58,0
7307,4092,2017,4,33.22,106.3,20
7308,4092,2049,1,98.58,88.72,10
7309,4092,2096,3,127.97,383.91,0
7310,4093,2078,2,217.4,434.8,0
7311,4094,2093,4,903.01,3250.84,10
7312,4094,2030,3,47.85,136.37,5
7313,4095,2049,4,98.58,315.46,20
7314,4095,2030,3,47.85,143.55,0
7315,4095,2046,3,358.44,860.26,20
7316,4096,2095,1,43.25,41.09,5
7317,4096,2069,1,1040.52,884.44,15
7318,4096,2087,3,33.41,100.23,0
7319,4096,2028,3,13.67,41.01,0
7320,4097,2079,4,29.21,99.31,15
7321,4097,2032,4,48.97,195.88,0
7322,4097,2062,2,1545.39,2472.62,20
7323,4097,2001,3,81.68,232.79,5
7324,4098,2007,2,181.55,363.1,0
7325,4098,2045,2,1222.5,2445.0,0
7326,4099,2045,4,1222.5,4890.0,0
7327,4099,2047,2,69.63,139.26,0
7328,4099,2026,3,344.85,1034.55,0
7329,4100,2087,4,33.41,133.64,0
7330,4100,2012,2,38.81,73.74,5
7331,4100,2067,3,330.49,892.32,10
7332,4100,2038,3,56.71,170.13,0
7333,4100,2052,1,856.26,856.26,0
7334,4100,2075,2,1371.74,2743.48,0
7335,4100,2064,2,480.18,912.34,5
7336,4101,2004,4,810.03,2592.1,20
7337,4102,2031,3,43.62,117.77,10
7338,4102,2075,1,1371.74,1097.39,20
7339,4103,2096,2,127.97,204.75,20
7340,4104,2053,2,29.11,52.4,10
7341,4104,2065,2,209.37,418.74,0
7342,4104,2041,4,33.25,133.0,0
7343,4104,2023,2,67.99,135.98,0
7344,4104,2011,3,1022.5,3067.5,0
7345,4104,2053,3,29.11,87.33,0
7346,4105,2088,3,1635.62,4170.83,15
7347,4105,2078,3,217.4,619.59,5
7348,4105,2003,3,413.8,1241.4,0
7349,4106,2063,1,373.81,373.81,0
7350,4106,2011,2,1022.5,1738.25,15
7351,4106,2080,4,200.83,803.32,0
7352,4107,2004,1,810.03,769.53,5
7353,4107,2041,2,33.25,63.18,5
7354,4108,2073,3,83.93,251.79,0
7355,4109,2078,1,217.4,173.92,20
7356,4109,2004,3,810.03,2430.09,0
7357,4109,2019,3,346.33,987.04,5
7358,4109,2098,3,303.18,773.11,15
7359,4110,2055,4,1703.16,5790.74,15
7360,4110,2047,4,69.63,250.67,10
7361,4110,2011,3,1022.5,2760.75,10
7362,4110,2051,3,377.22,1075.08,5
7363,4111,2043,2,46.31,83.36,10
7364,4111,2068,1,130.11,110.59,15
7365,4111,2031,3,43.62,111.23,15
7366,4112,2008,2,25.42,45.76,10
7367,4112,2008,2,25.42,50.84,0
7368,4112,2057,4,40.83,163.32,0
7369,4113,2073,3,83.93,251.79,0
7370,4113,2033,4,36.7,117.44,20
7371,4113,2062,2,1545.39,2936.24,5
7372,4113,2061,4,65.34,261.36,0
7373,4113,2033,3,36.7,110.1,0
7374,4114,2053,2,29.11,49.49,15
7375,4114,2065,2,209.37,376.87,10
7376,4114,2007,4,181.55,726.2,0
7377,4115,2001,1,81.68,81.68,0
7378,4115,2048,3,880.52,2641.56,0
7379,4115,2002,1,1730.96,1557.86,10
7380,4116,2071,2,21.19,40.26,5
7381,4116,2040,4,30.53,122.12,0
7382,4116,2022,1,1084.43,1084.43,0
7383,4117,2086,2,119.99,215.98,10
7384,4117,2095,2,43.25,86.5,0
7385,4118,2067,1,330.49,264.39,20
7386,4119,2027,4,1239.54,4710.25,5
7387,4119,2052,4,856.26,3082.54,10
7388,4120,2003,3,413.8,1241.4,0
7389,4120,2065,4,209.37,795.61,5
7390,4120,2080,3,200.83,542.24,10
7391,4120,2014,3,80.82,218.21,10
7392,4121,2085,3,352.02,1056.06,0
7393,4121,2074,2,47.62,95.24,0
7394,4121,2043,4,46.31,175.98,5
7395,4121,2016,2,15.11,25.69,15
7396,4122,2098,3,303.18,909.54,0
7397,4122,2049,4,98.58,394.32,0
7398,4122,2033,1,36.7,36.7,0
7399,4122,2091,4,18.29,58.53,20
7400,4122,2050,4,388.25,1553.0,0
7401,4123,2026,2,344.85,551.76,20
7402,4123,2050,4,388.25,1397.7,10
7403,4123,2056,3,286.88,774.58,10
7404,4123,2057,2,40.83,73.49,10
7405,4124,2078,1,217.4,206.53,5
7406,4124,2042,3,1820.54,5188.54,5
7407,4125,2016,3,15.11,45.33,0
7408,4125,2015,4,296.44,1007.9,15
7409,4125,2012,3,38.81,116.43,0
7410,4126,2037,3,130.62,391.86,0
7411,4126,2091,4,18.29,69.5,5
7412,4126,2049,4,98.58,394.32,0
7413,4126,2025,2,190.35,342.63,10
7414,4127,2059,4,1543.12,6172.48,0
7415,4127,2052,2,856.26,1626.89,5
7416,4128,2043,3,46.31,138.93,0
7417,4129,2031,4,43.62,165.76,5
7418,4129,2066,1,181.12,181.12,0
7419,4129,2021,1,276.48,262.66,5
7420,4129,2096,1,127.97,127.97,0
7421,4130,2014,4,80.82,274.79,15
7422,4130,2077,3,284.76,854.28,0
7423,4131,2071,3,21.19,50.86,20
7424,4131,2035,3,484.95,1382.11,5
7425,4132,2044,4,188.1,752.4,0
7426,4132,2073,3,83.93,226.61,10
7427,4133,2083,1,555.23,555.23,0
7428,4134,2066,3,181.12,434.69,20
7429,4134,2040,2,30.53,61.06,0
7430,4135,2063,3,373.81,897.14,20
7431,4135,2092,3,40.28,120.84,0
7432,4135,2097,3,632.61,1518.26,20
7433,4136,2017,3,33.22,89.69,10
7434,4136,2009,3,70.87,201.98,5
7435,4136,2071,3,21.19,63.57,0
7436,4136,2032,2,48.97,97.94,0
7437,4136,2037,4,130.62,444.11,15
7438,4137,2048,2,880.52,1672.99,5
7439,4137,2096,4,127.97,511.88,0
7440,4138,2077,4,284.76,1139.04,0
7441,4138,2031,3,43.62,111.23,15
7442,4138,2041,2,33.25,63.18,5
7443,4139,2097,3,632.61,1897.83,0
7444,4139,2070,4,237.56,950.24,0
7445,4139,2004,2,810.03,1620.06,0
7446,4140,2018,1,32.47,32.47,0
7447,4141,2069,2,1040.52,1872.94,10
7448,4141,2012,1,38.81,36.87,5
7449,4142,2086,1,119.99,113.99,5
7450,4143,2093,1,903.01,903.01,0
7451,4143,2065,4,209.37,795.61,5
7452,4143,2044,2,188.1,376.2,0
7453,4143,2092,1,40.28,32.22,20
7454,4144,2080,2,200.83,361.49,10
7455,4144,2033,3,36.7,110.1,0
7456,4144,2093,4,903.01,3070.23,15
7457,4144,2073,1,83.93,67.14,20
7458,4144,2053,2,29.11,55.31,5
7459,4144,2014,3,80.82,193.97,20
7460,4145,2097,1,632.61,632.61,0
7461,4145,2044,2,188.1,300.96,20
7462,4145,2072,1,34.11,27.29,20
7463,4145,2008,4,25.42,101.68,0
7464,4146,2042,2,1820.54,3276.97,10
7465,4147,2016,3,15.11,36.26,20
7466,4148,2026,1,344.85,327.61,5
7467,4148,2078,3,217.4,652.2,0
7468,4149,2084,1,10.55,10.55,0
7469,4149,2051,4,377.22,1357.99,10
7470,4150,2043,2,46.31,92.62,0
7471,4150,2054,4,273.62,1094.48,0
7472,4151,2053,2,29.11,58.22,0
7473,4151,2044,1,188.1,188.1,0
7474,4152,2083,1,555.23,527.47,5
7475,4152,2039,3,448.11,1209.9,10
7476,4152,2094,1,259.12,259.12,0
7477,4152,2096,2,127.97,255.94,0
7478,4153,2021,2,276.48,552.96,0
7479,4153,2078,1,217.4,206.53,5
7480,4154,2087,1,33.41,31.74,5
7481,4154,2064,2,480.18,960.36,0
7482,4155,2075,1,1371.74,1371.74,0
7483,4155,2078,2,217.4,434.8,0
7484,4155,2018,4,32.47,129.88,0
7485,4156,2015,4,296.44,1185.76,0
7486,4156,2081,1,77.16,77.16,0
7487,4156,2100,3,35.57,90.7,15
7488,4157,2042,2,1820.54,3641.08,0
7489,4157,2099,2,221.86,443.72,0
7490,4157,2037,2,130.62,261.24,0
7491,4158,2096,1,127.97,127.97,0
7492,4158,2078,4,217.4,869.6,0
7493,4158,2075,1,1371.74,1097.39,20
7494,4158,2051,4,377.22,1282.55,15
7495,4159,2013,3,48.7,124.19,15
7496,4159,2045,1,1222.5,1222.5,0
7497,4160,2069,2,1040.52,1976.99,5
7498,4161,2026,4,344.85,1172.49,15
7499,4161,2085,4,352.02,1408.08,0
7500,4161,2051,3,377.22,1131.66,0
7501,4161,2080,3,200.83,542.24,10
7502,4162,2010,1,29.84,29.84,0
7503,4162,2065,2,209.37,418.74,0
7504,4162,2042,4,1820.54,7282.16,0
7505,4162,2072,3,34.11,102.33,0
7506,4162,2007,3,181.55,544.65,0
7507,4163,2066,1,181.12,172.06,5
7508,4163,2035,1,484.95,484.95,0
7509,4163,2096,4,127.97,511.88,0
7510,4163,2081,3,77.16,231.48,0
7511,4163,2096,2,127.97,255.94,0
7512,4164,2020,2,857.35,1714.7,0
7513,4164,2099,3,221.86,632.3,5
7514,4165,2097,4,632.61,2277.4,10
7515,4165,2014,3,80.82,242.46,0
7516,4165,2072,3,34.11,102.33,0
7517,4165,2015,4,296.44,948.61,20
7518,4165,2027,1,1239.54,1239.54,0
7519,4165,2090,4,140.69,478.35,15
7520,4166,2061,3,65.34,166.62,15
7521,4166,2005,2,821.88,1479.38,10
7522,4167,2094,4,259.12,1036.48,0
7523,4167,2011,3,1022.5,3067.5,0
7524,4167,2049,2,98.58,157.73,20
7525,4168,2002,3,1730.96,5192.88,0
7526,4168,2043,3,46.31,125.04,10
7527,4168,2045,1,1222.5,1039.12,15
7528,4168,2023,3,67.99,193.77,5
7529,4168,2023,2,67.99,129.18,5
7530,4168,2081,2,77.16,154.32,0
7531,4169,2037,3,130.62,372.27,5
7532,4169,2091,1,18.29,16.46,10
7533,4169,2068,1,130.11,130.11,0
7534,4169,2012,3,38.81,110.61,5
7535,4170,2002,4,1730.96,6577.65,5
7536,4170,2048,2,880.52,1584.94,10
7537,4170,2099,4,221.86,798.7,10
7538,4170,2075,4,1371.74,5212.61,5
7539,4170,2060,4,49.95,199.8,0
7540,4170,2009,3,70.87,201.98,5
7541,4171,2013,2,48.7,97.4,0
7542,4171,2020,1,857.35,857.35,0
7543,4171,2062,4,1545.39,6181.56,0
7544,4172,2085,1,352.02,334.42,5
7545,4172,2065,4,209.37,837.48,0
7546,4172,2025,3,190.35,571.05,0
7547,4172,2047,4,69.63,278.52,0
7548,4172,2034,3,282.04,719.2,15
7549,4173,2099,2,221.86,443.72,0
7550,4173,2079,1,29.21,26.29,10
7551,4173,2004,4,810.03,3240.12,0
7552,4173,2074,2,47.62,90.48,5
7553,4174,2033,3,36.7,110.1,0
7554,4174,2050,1,388.25,388.25,0
7555,4174,2070,3,237.56,605.78,15
7556,4174,2037,2,130.62,248.18,5
7557,4175,2039,1,448.11,425.7,5
7558,4175,2009,4,70.87,283.48,0
7559,4176,2017,2,33.22,66.44,0
7560,4176,2076,4,13.31,53.24,0
7561,4177,2001,3,81.68,245.04,0
7562,4178,2096,1,127.97,121.57,5
7563,4178,2013,4,48.7,185.06,5
7564,4178,2042,3,1820.54,4915.46,10
7565,4179,2056,4,286.88,1090.14,5
7566,4179,2010,3,29.84,89.52,0
7567,4180,2034,1,282.04,267.94,5
7568,4180,2025,4,190.35,761.4,0
7569,4181,2065,3,209.37,628.11,0
7570,4181,2005,3,821.88,2465.64,0
7571,4181,2006,2,34.68,65.89,5
7572,4181,2045,4,1222.5,4401.0,10
7573,4182,2057,2,40.83,81.66,0
7574,4182,2084,1,10.55,9.5,10
7575,4183,2096,3,127.97,383.91,0
7576,4183,2098,3,303.18,909.54,0
7577,4183,2005,3,821.88,2465.64,0
7578,4183,2029,4,96.44,385.76,0
7579,4184,2071,1,21.19,21.19,0
7580,4184,2039,2,448.11,896.22,0
7581,4184,2049,2,98.58,167.59,15
7582,4185,2099,3,221.86,632.3,5
7583,4185,2059,2,1543.12,3086.24,0
7584,4185,2059,2,1543.12,2931.93,5
7585,4185,2091,1,18.29,15.55,15
7586,4186,2042,1,1820.54,1729.51,5
7587,4186,2022,3,1084.43,3090.63,5
7588,4186,2095,1,43.25,43.25,0
7589,4187,2049,1,98.58,78.86,20
7590,4187,2026,1,344.85,327.61,5
7591,4187,2081,3,77.16,219.91,5
7592,4188,2084,3,10.55,28.49,10
7593,4188,2064,3,480.18,1224.46,15
7594,4188,2012,2,38.81,77.62,0
7595,4188,2089,4,19.64,78.56,0
7596,4189,2045,2,1222.5,2445.0,0
7597,4189,2035,1,484.95,484.95,0
7598,4189,2003,2,413.8,827.6,0
7599,4190,2082,4,32.76,117.94,10
7600,4190,2004,4,810.03,2754.1,15
7601,4191,2093,4,903.01,2889.63,20
7602,4191,2050,1,388.25,388.25,0
7603,4191,2008,4,25.42,101.68,0
7604,4192,2041,2,33.25,66.5,0
7605,4192,2098,2,303.18,545.72,10
7606,4192,2077,4,284.76,1139.04,0
7607,4193,2058,3,46.76,133.27,5
7608,4194,2006,1,34.68,34.68,0
7609,4195,2046,1,358.44,304.67,15
7610,4195,2016,1,15.11,12.84,15
7611,4195,2039,4,448.11,1702.82,5
7612,4196,2017,1,33.22,28.24,15
7613,4196,2095,1,43.25,43.25,0
7614,4196,2070,2,237.56,403.85,15
7615,4196,2013,2,48.7,92.53,5
7616,4196,2073,1,83.93,83.93,0
7617,4197,2038,2,56.71,113.42,0
7618,4197,2066,3,181.12,489.02,10
7619,4197,2014,4,80.82,274.79,15
7620,4198,2033,1,36.7,33.03,10
7621,4198,2029,3,96.44,245.92,15
7622,4198,2069,3,1040.52,2497.25,20
7623,4199,2085,2,352.02,563.23,20
7624,4199,2030,3,47.85,136.37,5
7625,4199,2016,2,15.11,27.2,10
7626,4199,2031,4,43.62,165.76,5
7627,4199,2070,4,237.56,950.24,0
7628,4200,2097,1,632.61,632.61,0
7629,4200,2074,3,47.62,142.86,0
7630,4200,2059,2,1543.12,2777.62,10
7631,4201,2019,1,346.33,329.01,5
7632,4201,2032,3,48.97,117.53,20
7633,4201,2035,1,484.95,460.7,5
7634,4201,2077,1,284.76,284.76,0
7635,4202,2039,4,448.11,1613.2,10
7636,4202,2073,2,83.93,159.47,5
7637,4202,2066,3,181.12,543.36,0
7638,4203,2041,4,33.25,133.0,0
7639,4203,2072,1,34.11,34.11,0
7640,4203,2036,3,43.48,123.92,5
7641,4204,2100,2,35.57,67.58,5
7642,4205,2030,1,47.85,40.67,15
7643,4205,2043,3,46.31,125.04,10
7644,4205,2070,4,237.56,807.7,15
7645,4205,2015,1,296.44,266.8,10
7646,4206,2083,4,555.23,2220.92,0
7647,4206,2014,2,80.82,153.56,5
7648,4207,2098,1,303.18,288.02,5
7649,4207,2031,2,43.62,82.88,5
7650,4208,2049,4,98.58,394.32,0
7651,4208,2099,2,221.86,399.35,10
7652,4209,2090,4,140.69,534.62,5
7653,4209,2016,1,15.11,13.6,10
7654,4209,2066,1,181.12,172.06,5
7655,4209,2043,2,46.31,87.99,5
7656,4209,2081,2,77.16,138.89,10
7657,4210,2071,1,21.19,18.01,15
7658,4210,2034,1,282.04,282.04,0
7659,4211,2033,3,36.7,110.1,0
7660,4211,2073,1,83.93,67.14,20
7661,4211,2087,1,33.41,33.41,0
7662,4212,2002,3,1730.96,5192.88,0
7663,4213,2075,1,1371.74,1165.98,15
7664,4213,2058,3,46.76,140.28,0
7665,4213,2026,4,344.85,1172.49,15
7666,4214,2071,3,21.19,63.57,0
7667,4215,2058,4,46.76,187.04,0
7668,4215,2098,1,303.18,303.18,0
7669,4215,2039,1,448.11,448.11,0
7670,4215,2017,4,33.22,132.88,0
7671,4215,2088,3,1635.62,4416.17,10
7672,4216,2004,3,810.03,2065.58,15
7673,4216,2080,1,200.83,180.75,10
7674,4217,2098,1,303.18,303.18,0
7675,4217,2040,1,30.53,27.48,10
7676,4217,2089,1,19.64,19.64,0
7677,4217,2004,2,810.03,1458.05,10
7678,4217,2039,3,448.11,1344.33,0
7679,4217,2041,2,33.25,66.5,0
7680,4218,2030,4,47.85,181.83,5
7681,4218,2022,1,1084.43,867.54,20
7682,4218,2096,3,127.97,364.71,5
7683,4219,2054,3,273.62,820.86,0
7684,4219,2067,1,330.49,280.92,15
7685,4219,2072,4,34.11,136.44,0
7686,4220,2006,1,34.68,34.68,0
7687,4220,2064,2,480.18,960.36,0
7688,4220,2064,4,480.18,1920.72,0
7689,4220,2076,3,13.31,39.93,0
7690,4220,2084,2,10.55,21.1,0
7691,4221,2085,1,352.02,352.02,0
7692,4222,2040,2,30.53,61.06,0
7693,4222,2016,4,15.11,57.42,5
7694,4223,2097,3,632.61,1897.83,0
7695,4223,2009,2,70.87,127.57,10
7696,4223,2006,3,34.68,88.43,15
7697,4223,2039,2,448.11,761.79,15
7698,4223,2021,4,276.48,995.33,10
7699,4223,2029,1,96.44,86.8,10
7700,4224,2020,2,857.35,1543.23,10
7701,4224,2067,3,330.49,892.32,10
7702,4225,2061,3,65.34,166.62,15
7703,4225,2008,2,25.42,50.84,0
7704,4226,2021,2,276.48,552.96,0
7705,4226,2016,1,15.11,12.09,20
7706,4227,2072,4,34.11,136.44,0
7707,4227,2088,2,1635.62,3271.24,0
7708,4228,2081,3,77.16,231.48,0
7709,4228,2012,1,38.81,38.81,0
7710,4229,2060,4,49.95,199.8,0
7711,4229,2089,4,19.64,74.63,5
7712,4230,2026,3,344.85,1034.55,0
7713,4230,2052,1,856.26,856.26,0
7714,4230,2094,3,259.12,777.36,0
7715,4230,2085,2,352.02,704.04,0
7716,4231,2012,1,38.81,34.93,10
7717,4231,2003,2,413.8,786.22,5
7718,4231,2016,4,15.11,60.44,0
7719,4231,2071,4,21.19,84.76,0
7720,4232,2038,4,56.71,226.84,0
7721,4232,2009,2,70.87,127.57,10
7722,4233,2098,1,303.18,288.02,5
7723,4233,2042,4,1820.54,6918.05,5
7724,4233,2062,1,1545.39,1545.39,0
7725,4234,2052,4,856.26,3425.04,0
7726,4234,2092,2,40.28,76.53,5
7727,4234,2017,2,33.22,66.44,0
7728,4234,2040,2,30.53,51.9,15
7729,4235,2038,3,56.71,170.13,0
7730,4235,2007,4,181.55,726.2,0
7731,4235,2089,1,19.64,17.68,10
7732,4235,2041,3,33.25,79.8,20
7733,4236,2052,3,856.26,2311.9,10
7734,4236,2016,2,15.11,30.22,0
7735,4237,2051,4,377.22,1508.88,0
7736,4237,2075,2,1371.74,2469.13,10
7737,4237,2049,4,98.58,394.32,0
7738,4238,2026,2,344.85,689.7,0
7739,4238,2081,3,77.16,231.48,0
7740,4238,2088,2,1635.62,3107.68,5
7741,4238,2044,2,188.1,376.2,0
7742,4239,2040,2,30.53,58.01,5
7743,4239,2052,3,856.26,2568.78,0
7744,4239,2091,3,18.29,52.13,5
7745,4239,2080,4,200.83,642.66,20
7746,4239,2046,2,358.44,716.88,0
7747,4239,2099,2,221.86,399.35,10
7748,4240,2003,4,413.8,1572.44,5
7749,4240,2068,2,130.11,247.21,5
7750,4240,2083,3,555.23,1665.69,0
7751,4241,2047,4,69.63,278.52,0
7752,4241,2078,2,217.4,434.8,0
7753,4241,2054,2,273.62,492.52,10
7754,4241,2024,3,48.34,130.52,10
7755,4241,2059,2,1543.12,2931.93,5
7756,4241,2063,1,373.81,317.74,15
7757,4242,2008,4,25.42,101.68,0
7758,4242,2042,4,1820.54,6189.84,15
7759,4242,2017,2,33.22,66.44,0
7760,4243,2077,4,284.76,911.23,20
7761,4243,2024,2,48.34,96.68,0
7762,4243,2060,3,49.95,127.37,15
7763,4243,2044,4,188.1,714.78,5
7764,4243,2056,4,286.88,1032.77,10
7765,4244,2044,1,188.1,169.29,10
7766,4244,2067,1,330.49,313.97,5
7767,4244,2085,1,352.02,334.42,5
7768,4245,2028,2,13.67,25.97,5
7769,4245,2022,1,1084.43,1084.43,0
7770,4245,2054,3,273.62,820.86,0
7771,4246,2040,1,30.53,27.48,10
7772,4246,2071,1,21.19,20.13,5
7773,4247,2029,1,96.44,96.44,0
7774,4247,2099,4,221.86,798.7,10
7775,4247,2056,2,286.88,545.07,5
7776,4248,2076,4,13.31,50.58,5
7777,4248,2010,3,29.84,80.57,10
7778,4249,2052,1,856.26,770.63,10
7779,4249,2073,4,83.93,335.72,0
7780,4250,2021,4,276.48,940.03,15
7781,4251,2067,1,330.49,313.97,5
7782,4251,2093,3,903.01,2573.58,5
7783,4251,2001,2,81.68,163.36,0
7784,4252,2091,2,18.29,36.58,0
7785,4252,2014,4,80.82,290.95,10
7786,4252,2100,4,35.57,142.28,0
7787,4252,2057,2,40.83,81.66,0
7788,4252,2053,3,29.11,82.96,5
7789,4252,2048,2,880.52,1761.04,0
7790,4253,2055,3,1703.16,5109.48,0
7791,4253,2081,1,77.16,69.44,10
7792,4253,2062,4,1545.39,6181.56,0
7793,4253,2021,2,276.48,525.31,5
7794,4254,2021,1,276.48,276.48,0
7795,4254,2046,1,358.44,286.75,20
7796,4255,2001,4,81.68,294.05,10
7797,4255,2026,1,344.85,327.61,5
7798,4255,2046,4,358.44,1147.01,20
7799,4256,2088,4,1635.62,6542.48,0
7800,4256,2090,4,140.69,534.62,5
7801,4256,2033,4,36.7,124.78,15
7802,4257,2006,3,34.68,104.04,0
7803,4257,2003,3,413.8,1179.33,5
7804,4257,2043,4,46.31,175.98,5
7805,4258,2076,2,13.31,25.29,5
7806,4258,2059,4,1543.12,5555.23,10
7807,4258,2089,4,19.64,78.56,0
7808,4258,2072,1,34.11,34.11,0
7809,4259,2011,4,1022.5,4090.0,0
7810,4259,2006,3,34.68,104.04,0
7811,4259,2006,1,34.68,32.95,5
7812,4259,2019,3,346.33,1038.99,0
7813,4259,2089,1,19.64,19.64,0
7814,4259,2011,3,1022.5,3067.5,0
7815,4259,2009,2,70.87,134.65,5
7816,4260,2087,1,33.41,31.74,5
7817,4260,2010,3,29.84,89.52,0
7818,4260,2083,2,555.23,888.37,20
7819,4260,2084,2,10.55,20.05,5
7820,4261,2036,2,43.48,86.96,0
7821,4261,2007,2,181.55,363.1,0
7822,4261,2049,4,98.58,374.6,5
7823,4261,2071,2,21.19,42.38,0
7824,4262,2027,4,1239.54,4958.16,0
7825,4262,2092,1,40.28,36.25,10
7826,4262,2090,3,140.69,422.07,0
7827,4262,2049,2,98.58,197.16,0
7828,4263,2071,4,21.19,84.76,0
7829,4263,2079,3,29.21,83.25,5
7830,4264,2046,4,358.44,1433.76,0
7831,4264,2036,1,43.48,43.48,0
7832,4264,2021,2,276.48,497.66,10
7833,4265,2018,2,32.47,58.45,10
7834,4265,2100,2,35.57,71.14,0
7835,4265,2049,3,98.58,295.74,0
7836,4266,2076,1,13.31,13.31,0
7837,4267,2068,3,130.11,331.78,15
7838,4267,2033,1,36.7,33.03,10
7839,4267,2053,4,29.11,116.44,0
7840,4268,2091,3,18.29,52.13,5
7841,4268,2016,1,15.11,14.35,5
7842,4268,2054,4,273.62,1094.48,0
7843,4268,2058,3,46.76,140.28,0
7844,4269,2024,3,48.34,145.02,0
7845,4269,2070,3,237.56,712.68,0
7846,4269,2010,2,29.84,59.68,0
7847,4270,2100,1,35.57,35.57,0
7848,4270,2069,4,1040.52,4162.08,0
7849,4271,2065,4,209.37,837.48,0
7850,4271,2018,4,32.47,123.39,5
7851,4271,2050,4,388.25,1553.0,0
7852,4272,2028,2,13.67,27.34,0
7853,4272,2002,4,1730.96,6577.65,5
7854,4273,2039,3,448.11,1277.11,5
7855,4273,2006,4,34.68,131.78,5
7856,4273,2053,1,29.11,29.11,0
7857,4274,2061,3,65.34,176.42,10
7858,4275,2097,4,632.61,2530.44,0
7859,4276,2054,2,273.62,492.52,10
7860,4276,2029,1,96.44,96.44,0
7861,4276,2029,4,96.44,327.9,15
7862,4276,2054,4,273.62,1039.76,5
7863,4276,2064,3,480.18,1440.54,0
7864,4277,2036,2,43.48,86.96,0
7865,4277,2091,4,18.29,62.19,15
7866,4277,2041,3,33.25,99.75,0
7867,4277,2017,4,33.22,132.88,0
7868,4278,2029,2,96.44,192.88,0
7869,4279,2043,3,46.31,111.14,20
7870,4280,2008,1,25.42,25.42,0
7871,4280,2056,4,286.88,975.39,15
7872,4280,2011,1,1022.5,1022.5,0
7873,4280,2096,3,127.97,307.13,20
7874,4281,2079,4,29.21,116.84,0
7875,4281,2056,3,286.88,860.64,0
7876,4281,2076,2,13.31,25.29,5
7877,4282,2025,1,190.35,180.83,5
7878,4282,2004,1,810.03,810.03,0
7879,4282,2100,2,35.57,71.14,0
7880,4282,2011,4,1022.5,4090.0,0
7881,4282,2044,2,188.1,376.2,0
7882,4283,2043,4,46.31,166.72,10
7883,4283,2090,1,140.69,126.62,10
7884,4283,2032,1,48.97,41.62,15
7885,4283,2060,2,49.95,94.9,5
7886,4283,2017,1,33.22,28.24,15
7887,4284,2082,1,32.76,32.76,0
7888,4284,2033,3,36.7,99.09,10
7889,4285,2012,1,38.81,32.99,15
7890,4286,2077,2,284.76,512.57,10
7891,4286,2074,1,47.62,47.62,0
7892,4286,2073,4,83.93,335.72,0
7893,4286,2050,1,388.25,330.01,15
7894,4287,2064,3,480.18,1296.49,10
7895,4287,2015,1,296.44,266.8,10
7896,4287,2097,2,632.61,1138.7,10
7897,4287,2004,1,810.03,810.03,0
7898,4288,2085,3,352.02,897.65,15
7899,4288,2093,1,903.01,722.41,20
7900,4289,2006,3,34.68,104.04,0
7901,4289,2089,1,19.64,18.66,5
7902,4290,2030,4,47.85,181.83,5
7903,4290,2085,3,352.02,1056.06,0
7904,4290,2011,1,1022.5,971.38,5
7905,4290,2007,2,181.55,344.94,5
7906,4290,2036,2,43.48,82.61,5
7907,4291,2087,1,33.41,31.74,5
7908,4291,2093,4,903.01,3612.04,0
7909,4291,2079,3,29.21,87.63,0
7910,4292,2099,1,221.86,188.58,15
7911,4292,2077,2,284.76,569.52,0
7912,4293,2096,1,127.97,127.97,0
7913,4293,2089,2,19.64,37.32,5
7914,4294,2085,4,352.02,1126.46,20
7915,4294,2012,2,38.81,73.74,5
7916,4295,2015,4,296.44,1067.18,10
7917,4295,2009,2,70.87,141.74,0
7918,4295,2042,4,1820.54,6553.94,10
7919,4295,2034,4,282.04,902.53,20
7920,4296,2020,2,857.35,1628.96,5
7921,4296,2021,3,276.48,829.44,0
7922,4297,2053,4,29.11,104.8,10
7923,4297,2024,1,48.34,48.34,0
7924,4297,2001,3,81.68,232.79,5
7925,4298,2066,4,181.12,724.48,0
7926,4298,2025,1,190.35,190.35,0
7927,4298,2038,1,56.71,51.04,10
7928,4299,2062,1,1545.39,1545.39,0
7929,4299,2049,3,98.58,280.95,5
7930,4300,2003,1,413.8,413.8,0
7931,4300,2029,1,96.44,91.62,5
7932,4300,2094,4,259.12,1036.48,0
7933,4301,2080,3,200.83,602.49,0
7934,4301,2092,1,40.28,32.22,20
7935,4302,2013,1,48.7,48.7,0
7936,4303,2050,4,388.25,1553.0,0
7937,4304,2048,1,880.52,836.49,5
7938,4304,2035,4,484.95,1939.8,0
7939,4304,2100,1,35.57,35.57,0
7940,4304,2024,1,48.34,41.09,15
7941,4304,2086,2,119.99,239.98,0
7942,4304,2007,3,181.55,517.42,5
7943,4305,2011,1,1022.5,1022.5,0
7944,4305,2084,1,10.55,10.55,0
7945,4306,2028,4,13.67,51.95,5
7946,4307,2081,2,77.16,131.17,15
7947,4307,2005,1,821.88,821.88,0
7948,4307,2074,2,47.62,80.95,15
7949,4307,2068,2,130.11,234.2,10
7950,4307,2062,4,1545.39,5254.33,15
7951,4307,2096,1,127.97,115.17,10
7952,4308,2059,4,1543.12,6172.48,0
7953,4308,2059,2,1543.12,2777.62,10
7954,4308,2072,1,34.11,34.11,0
7955,4309,2047,4,69.63,264.59,5
7956,4309,2014,4,80.82,323.28,0
7957,4309,2037,2,130.62,261.24,0
7958,4310,2020,3,857.35,2443.45,5
7959,4310,2043,4,46.31,185.24,0
7960,4310,2073,4,83.93,302.15,10
7961,4310,2035,1,484.95,484.95,0
7962,4311,2033,4,36.7,139.46,5
7963,4311,2013,4,48.7,175.32,10
7964,4311,2018,1,32.47,30.85,5
7965,4312,2059,4,1543.12,6172.48,0
7966,4313,2089,4,19.64,74.63,5
7967,4313,2051,1,377.22,301.78,20
7968,4314,2028,4,13.67,51.95,5
7969,4314,2017,2,33.22,66.44,0
7970,4314,2019,1,346.33,329.01,5
7971,4315,2072,1,34.11,34.11,0
7972,4316,2087,3,33.41,100.23,0
7973,4317,2074,3,47.62,142.86,0
7974,4318,2087,4,33.41,133.64,0
7975,4318,2073,1,83.93,75.54,10
7976,4319,2022,4,1084.43,3470.18,20
7977,4319,2008,2,25.42,50.84,0
7978,4319,2045,1,1222.5,1222.5,0
7979,4320,2056,4,286.88,1147.52,0
7980,4320,2055,3,1703.16,4343.06,15
7981,4320,2023,2,67.99,135.98,0
7982,4321,2080,1,200.83,200.83,0
7983,4321,2001,4,81.68,326.72,0
7984,4322,2100,1,35.57,35.57,0
7985,4323,2093,4,903.01,3612.04,0
7986,4323,2085,2,352.02,704.04,0
7987,4323,2038,4,56.71,215.5,5
7988,4323,2050,2,388.25,776.5,0
7989,4324,2044,3,188.1,536.08,5
7990,4324,2040,4,30.53,109.91,10
7991,4324,2041,3,33.25,89.78,10
7992,4324,2065,1,209.37,188.43,10
7993,4325,2009,4,70.87,283.48,0
7994,4325,2084,4,10.55,42.2,0
7995,4325,2091,3,18.29,54.87,0
7996,4325,2078,4,217.4,782.64,10
7997,4326,2018,3,32.47,87.67,10
7998,4326,2019,3,346.33,987.04,5
7999,4327,2039,1,448.11,448.11,0
8000,4327,2088,1,1635.62,1553.84,5
8001,4327,2083,1,555.23,471.95,15
8002,4328,2071,4,21.19,84.76,0
8003,4328,2087,4,33.41,133.64,0
8004,4329,2023,3,67.99,203.97,0
8005,4329,2003,4,413.8,1572.44,5
8006,4329,2092,3,40.28,114.8,5
8007,4330,2011,2,1022.5,1942.75,5
8008,4330,2025,4,190.35,723.33,5
8009,4330,2009,4,70.87,269.31,5
8010,4331,2005,4,821.88,3123.14,5
8011,4331,2096,2,127.97,204.75,20
8012,4332,2045,1,1222.5,1222.5,0
8013,4333,2032,3,48.97,132.22,10
8014,4334,2092,2,40.28,68.48,15
8015,4334,2078,4,217.4,826.12,5
8016,4334,2040,1,30.53,30.53,0
8017,4334,2078,4,217.4,695.68,20
8018,4335,2061,2,65.34,130.68,0
8019,4335,2070,1,237.56,225.68,5
8020,4335,2069,1,1040.52,1040.52,0
8021,4336,2053,3,29.11,74.23,15
8022,4337,2046,2,358.44,716.88,0
8023,4337,2041,1,33.25,33.25,0
8024,4338,2054,2,273.62,465.15,15
8025,4339,2064,1,480.18,456.17,5
8026,4339,2010,4,29.84,119.36,0
8027,4340,2091,2,18.29,34.75,5
8028,4340,2098,4,303.18,1152.08,5
8029,4340,2073,3,83.93,251.79,0
8030,4341,2020,1,857.35,857.35,0
8031,4341,2004,3,810.03,1944.07,20
8032,4342,2089,2,19.64,37.32,5
8033,4342,2035,3,484.95,1454.85,0
8034,4342,2076,3,13.31,39.93,0
8035,4342,2078,3,217.4,652.2,0
8036,4343,2076,3,13.31,39.93,0
8037,4343,2015,4,296.44,1067.18,10
8038,4343,2059,2,1543.12,3086.24,0
8039,4343,2028,1,13.67,13.67,0
8040,4344,2021,3,276.48,829.44,0
8041,4344,2038,2,56.71,90.74,20
8042,4344,2011,1,1022.5,1022.5,0
8043,4344,2076,4,13.31,50.58,5
8044,4345,2093,4,903.01,3070.23,15
8045,4345,2040,3,30.53,87.01,5
8046,4346,2037,4,130.62,522.48,0
8047,4346,2041,1,33.25,29.92,10
8048,4346,2008,4,25.42,101.68,0
8049,4347,2037,2,130.62,235.12,10
8050,4347,2024,3,48.34,130.52,10
8051,4347,2062,3,1545.39,4636.17,0
8052,4348,2004,4,810.03,3078.11,5
8053,4348,2017,2,33.22,66.44,0
8054,4349,2099,1,221.86,199.67,10
8055,4349,2028,4,13.67,51.95,5
8056,4350,2065,4,209.37,711.86,15
8057,4351,2018,2,32.47,64.94,0
8058,4351,2087,1,33.41,33.41,0
8059,4352,2089,3,19.64,50.08,15
8060,4353,2052,1,856.26,856.26,0
8061,4353,2046,2,358.44,716.88,0
8062,4354,2098,1,303.18,288.02,5
8063,4355,2023,1,67.99,61.19,10
8064,4355,2100,4,35.57,142.28,0
8065,4355,2057,1,40.83,34.71,15
8066,4355,2043,1,46.31,46.31,0
8067,4356,2012,2,38.81,62.1,20
8068,4356,2024,2,48.34,82.18,15
8069,4356,2054,2,273.62,547.24,0
8070,4356,2002,1,1730.96,1557.86,10
8071,4357,2018,4,32.47,129.88,0
8072,4357,2081,3,77.16,231.48,0
8073,4357,2078,3,217.4,652.2,0
8074,4357,2099,2,221.86,443.72,0
8075,4358,2083,3,555.23,1665.69,0
8076,4358,2061,1,65.34,65.34,0
8077,4359,2049,3,98.58,295.74,0
8078,4360,2057,1,40.83,38.79,5
8079,4360,2026,1,344.85,344.85,0
8080,4360,2049,2,98.58,187.3,5
8081,4361,2093,3,903.01,2709.03,0
8082,4361,2046,4,358.44,1218.7,15
8083,4361,2048,2,880.52,1761.04,0
8084,4362,2019,3,346.33,987.04,5
8085,4362,2024,1,48.34,48.34,0
8086,4363,2003,3,413.8,1241.4,0
8087,4363,2061,3,65.34,176.42,10
8088,4363,2076,3,13.31,39.93,0
8089,4364,2053,2,29.11,52.4,10
8090,4364,2084,4,10.55,42.2,0
8091,4365,2012,1,38.81,34.93,10
8092,4365,2082,2,32.76,65.52,0
8093,4365,2099,3,221.86,665.58,0
8094,4365,2014,2,80.82,161.64,0
8095,4365,2068,4,130.11,520.44,0
8096,4365,2067,4,330.49,1321.96,0
8097,4365,2041,3,33.25,89.78,10
8098,4366,2008,4,25.42,101.68,0
8099,4367,2053,3,29.11,82.96,5
8100,4368,2077,2,284.76,512.57,10
8101,4368,2083,1,555.23,444.18,20
8102,4369,2058,1,46.76,44.42,5
8103,4369,2013,4,48.7,194.8,0
8104,4369,2032,2,48.97,78.35,20
8105,4369,2035,1,484.95,460.7,5
8106,4370,2056,1,286.88,286.88,0
8107,4370,2053,4,29.11,116.44,0
8108,4371,2064,1,480.18,480.18,0
8109,4371,2006,1,34.68,34.68,0
8110,4371,2053,4,29.11,116.44,0
8111,4372,2014,3,80.82,218.21,10
8112,4372,2005,4,821.88,2794.39,15
8113,4372,2032,4,48.97,195.88,0
8114,4372,2049,2,98.58,187.3,5
8115,4373,2012,3,38.81,110.61,5
8116,4373,2067,1,330.49,330.49,0
8117,4374,2039,2,448.11,896.22,0
8118,4374,2017,2,33.22,63.12,5
8119,4374,2089,1,19.64,19.64,0
8120,4375,2025,4,190.35,685.26,10
8121,4375,2097,4,632.61,2530.44,0
8122,4376,2028,2,13.67,24.61,10
8123,4376,2098,1,303.18,272.86,10
8124,4376,2096,3,127.97,383.91,0
8125,4377,2004,3,810.03,2065.58,15
8126,4377,2063,4,373.81,1420.48,5
8127,4377,2030,1,47.85,47.85,0
8128,4377,2036,2,43.48,78.26,10
8129,4377,2038,3,56.71,161.62,5
8130,4377,2081,3,77.16,196.76,15
8131,4378,2039,1,448.11,448.11,0
8132,4379,2011,4,1022.5,4090.0,0
8133,4379,2011,1,1022.5,1022.5,0
8134,4379,2055,2,1703.16,3406.32,0
8135,4380,2020,1,857.35,728.75,15
8136,4380,2044,1,188.1,188.1,0
8137,4380,2010,1,29.84,29.84,0
8138,4380,2058,4,46.76,187.04,0
8139,4381,2076,2,13.31,25.29,5
8140,4382,2097,2,632.61,1265.22,0
8141,4382,2072,2,34.11,68.22,0
8142,4383,2008,4,25.42,86.43,15
8143,4383,2012,3,38.81,110.61,5
8144,4383,2040,2,30.53,51.9,15
8145,4383,2066,4,181.12,688.26,5
8146,4383,2056,2,286.88,545.07,5
8147,4384,2029,2,96.44,192.88,0
8148,4384,2071,1,21.19,16.95,20
8149,4385,2089,2,19.64,39.28,0
8150,4385,2072,3,34.11,86.98,15
8151,4385,2009,3,70.87,212.61,0
8152,4386,2081,2,77.16,131.17,15
8153,4386,2004,3,810.03,2187.08,10
8154,4386,2080,1,200.83,200.83,0
8155,4386,2075,1,1371.74,1371.74,0
8156,4387,2065,4,209.37,837.48,0
8157,4387,2021,2,276.48,497.66,10
8158,4388,2044,4,188.1,752.4,0
8159,4388,2040,1,30.53,30.53,0
8160,4389,2038,1,56.71,53.87,5
8161,4389,2005,4,821.88,2794.39,15
8162,4390,2071,2,21.19,42.38,0
8163,4390,2036,3,43.48,130.44,0
8164,4391,2006,2,34.68,69.36,0
8165,4391,2004,3,810.03,2187.08,10
8166,4391,2095,4,43.25,173.0,0
8167,4392,2088,1,1635.62,1635.62,0
8168,4392,2097,3,632.61,1897.83,0
8169,4392,2093,1,903.01,903.01,0
8170,4393,2056,4,286.88,1147.52,0
8171,4394,2075,3,1371.74,3703.7,10
8172,4394,2012,4,38.81,131.95,15
8173,4394,2019,2,346.33,692.66,0
8174,4394,2045,4,1222.5,4645.5,5
8175,4395,2074,1,47.62,38.1,20
8176,4395,2054,4,273.62,1094.48,0
8177,4395,2071,1,21.19,21.19,0
8178,4395,2074,2,47.62,76.19,20
8179,4395,2096,2,127.97,217.55,15
8180,4396,2050,2,388.25,698.85,10
8181,4396,2044,3,188.1,564.3,0
8182,4396,2004,2,810.03,1620.06,0
8183,4397,2055,4,1703.16,6812.64,0
8184,4397,2060,2,49.95,84.92,15
8185,4398,2032,2,48.97,93.04,5
8186,4399,2099,4,221.86,887.44,0
8187,4399,2051,1,377.22,377.22,0
8188,4400,2027,3,1239.54,3718.62,0
8189,4400,2022,2,1084.43,2168.86,0
8190,4400,2011,3,1022.5,2914.12,5
8191,4400,2049,3,98.58,295.74,0
8192,4400,2081,2,77.16,154.32,0
8193,4400,2056,3,286.88,860.64,0
8194,4401,2076,3,13.31,37.93,5
8195,4401,2099,1,221.86,221.86,0
8196,4402,2057,4,40.83,155.15,5
8197,4402,2075,3,1371.74,4115.22,0
8198,4402,2011,4,1022.5,4090.0,0
8199,4403,2043,1,46.31,46.31,0
8200,4403,2089,4,19.64,78.56,0
8201,4403,2081,1,77.16,77.16,0
8202,4404,2011,4,1022.5,3885.5,5
8203,4404,2048,4,880.52,3522.08,0
8204,4405,2002,1,1730.96,1644.41,5
8205,4405,2044,2,188.1,338.58,10
8206,4405,2089,1,19.64,17.68,10
8207,4405,2089,2,19.64,39.28,0
8208,4406,2085,4,352.02,1408.08,0
8209,4406,2057,2,40.83,81.66,0
8210,4406,2083,4,555.23,2220.92,0
8211,4406,2060,4,49.95,199.8,0
8212,4407,2054,3,273.62,820.86,0
8213,4407,2022,3,1084.43,3090.63,5
8214,4407,2031,3,43.62,104.69,20
8215,4407,2082,1,32.76,27.85,15
8216,4408,2024,4,48.34,164.36,15
8217,4408,2057,4,40.83,163.32,0
8218,4408,2001,2,81.68,155.19,5
8219,4409,2060,2,49.95,89.91,10
8220,4409,2079,4,29.21,116.84,0
8221,4409,2090,2,140.69,281.38,0
8222,4409,2079,2,29.21,52.58,10
8223,4409,2012,4,38.81,131.95,15
8224,4409,2027,4,1239.54,4214.44,15
8225,4410,2084,2,10.55,17.94,15
8226,4410,2019,3,346.33,987.04,5
8227,4410,2032,4,48.97,186.09,5
8228,4411,2050,1,388.25,368.84,5
8229,4411,2048,4,880.52,3522.08,0
8230,4412,2065,1,209.37,198.9,5
8231,4413,2060,4,49.95,169.83,15
8232,4413,2015,1,296.44,296.44,0
8233,4414,2004,4,810.03,2592.1,20
8234,4414,2090,3,140.69,400.97,5
8235,4414,2006,1,34.68,34.68,0
8236,4415,2096,3,127.97,383.91,0
8237,4415,2036,2,43.48,82.61,5
8238,4416,2047,3,69.63,208.89,0
8239,4416,2097,1,632.61,537.72,15
8240,4416,2086,4,119.99,431.96,10
8241,4416,2014,2,80.82,137.39,15
8242,4417,2092,4,40.28,161.12,0
8243,4418,2084,1,10.55,9.5,10
8244,4418,2051,4,377.22,1433.44,5
8245,4419,2049,2,98.58,187.3,5
8246,4419,2033,3,36.7,110.1,0
8247,4420,2019,3,346.33,935.09,10
8248,4420,2021,4,276.48,940.03,15
8249,4421,2029,2,96.44,163.95,15
8250,4421,2056,4,286.88,1147.52,0
8251,4421,2066,3,181.12,543.36,0
8252,4422,2095,4,43.25,155.7,10
8253,4422,2001,1,81.68,65.34,20
8254,4422,2057,4,40.83,155.15,5
8255,4423,2036,4,43.48,173.92,0
8256,4423,2039,1,448.11,448.11,0
8257,4424,2039,4,448.11,1792.44,0
8258,4424,2032,1,48.97,46.52,5
8259,4425,2002,2,1730.96,3461.92,0
8260,4425,2078,1,217.4,184.79,15
8261,4426,2052,2,856.26,1541.27,10
8262,4426,2016,4,15.11,57.42,5
8263,4427,2012,1,38.81,31.05,20
8264,4427,2036,1,43.48,41.31,5
8265,4428,2031,2,43.62,87.24,0
8266,4428,2085,1,352.02,352.02,0
8267,4428,2088,3,1635.62,4416.17,10
8268,4428,2098,3,303.18,909.54,0
8269,4428,2020,3,857.35,2443.45,5
8270,4429,2011,1,1022.5,1022.5,0
8271,4430,2046,2,358.44,716.88,0
8272,4430,2014,1,80.82,68.7,15
8273,4431,2028,2,13.67,24.61,10
8274,4431,2029,1,96.44,96.44,0
8275,4431,2087,3,33.41,95.22,5
8276,4432,2002,2,1730.96,2942.63,15
8277,4432,2037,3,130.62,391.86,0
8278,4432,2039,3,448.11,1344.33,0
8279,4433,2026,2,344.85,655.22,5
8280,4433,2014,3,80.82,242.46,0
8281,4434,2033,3,36.7,110.1,0
8282,4434,2003,2,413.8,786.22,5
8283,4434,2039,1,448.11,380.89,15
8284,4434,2052,3,856.26,2568.78,0
8285,4435,2099,1,221.86,221.86,0
8286,4435,2045,2,1222.5,1956.0,20
8287,4436,2056,2,286.88,573.76,0
8288,4436,2012,4,38.81,131.95,15
8289,4436,2033,1,36.7,36.7,0
8290,4436,2001,2,81.68,163.36,0
8291,4437,2036,1,43.48,43.48,0
8292,4437,2094,2,259.12,518.24,0
8293,4438,2037,1,130.62,130.62,0
8294,4439,2014,2,80.82,137.39,15
8295,4439,2004,1,810.03,729.03,10
8296,4439,2003,2,413.8,703.46,15
8297,4440,2078,3,217.4,619.59,5
8298,4440,2030,1,47.85,47.85,0
8299,4440,2021,3,276.48,705.02,15
8300,4440,2071,2,21.19,40.26,5
8301,4440,2095,4,43.25,173.0,0
8302,4441,2058,1,46.76,46.76,0
8303,4441,2096,4,127.97,511.88,0
8304,4441,2033,4,36.7,132.12,10
8305,4441,2031,4,43.62,157.03,10
8306,4441,2042,4,1820.54,7282.16,0
8307,4441,2093,1,903.01,903.01,0
8308,4442,2097,1,632.61,632.61,0
8309,4442,2042,1,1820.54,1456.43,20
8310,4442,2043,3,46.31,138.93,0
8311,4443,2028,1,13.67,12.99,5
8312,4443,2033,4,36.7,146.8,0
8313,4443,2030,1,47.85,47.85,0
8314,4444,2084,2,10.55,21.1,0
8315,4445,2015,3,296.44,844.85,5
8316,4446,2094,3,259.12,777.36,0
8317,4446,2092,1,40.28,38.27,5
8318,4446,2019,4,346.33,1246.79,10
8319,4446,2029,2,96.44,192.88,0
8320,4447,2065,3,209.37,628.11,0
8321,4447,2066,2,181.12,307.9,15
8322,4447,2018,2,32.47,64.94,0
8323,4447,2047,4,69.63,264.59,5
8324,4448,2008,2,25.42,48.3,5
8325,4448,2041,1,33.25,31.59,5
8326,4448,2044,3,188.1,479.66,15
8327,4449,2075,2,1371.74,2743.48,0
8328,4449,2028,1,13.67,13.67,0
8329,4450,2086,4,119.99,479.96,0
8330,4450,2007,4,181.55,689.89,5
8331,4450,2078,2,217.4,434.8,0
8332,4450,2064,2,480.18,912.34,5
8333,4451,2075,2,1371.74,2606.31,5
8334,4451,2093,2,903.01,1625.42,10
8335,4451,2043,2,46.31,92.62,0
8336,4452,2012,1,38.81,38.81,0
8337,4452,2020,1,857.35,771.62,10
8338,4452,2025,1,190.35,190.35,0
8339,4452,2024,2,48.34,96.68,0
8340,4453,2061,3,65.34,186.22,5
8341,4453,2060,4,49.95,199.8,0
8342,4454,2067,4,330.49,1123.67,15
8343,4454,2056,1,286.88,286.88,0
8344,4454,2004,3,810.03,2430.09,0
8345,4454,2020,3,857.35,2443.45,5
8346,4455,2061,2,65.34,124.15,5
8347,4455,2025,4,190.35,685.26,10
8348,4455,2002,2,1730.96,2769.54,20
8349,4455,2064,4,480.18,1920.72,0
8350,4455,2062,3,1545.39,3940.74,15
8351,4456,2048,2,880.52,1496.88,15
8352,4456,2022,3,1084.43,3253.29,0
8353,4456,2009,2,70.87,134.65,5
8354,4457,2077,4,284.76,1139.04,0
8355,4457,2033,2,36.7,69.73,5
8356,4458,2075,3,1371.74,4115.22,0
8357,4458,2027,1,1239.54,1177.56,5
8358,4459,2056,3,286.88,860.64,0
8359,4460,2057,3,40.83,122.49,0
8360,4460,2058,2,46.76,93.52,0
8361,4460,2052,4,856.26,3425.04,0
8362,4460,2005,2,821.88,1397.2,15
8363,4461,2012,2,38.81,65.98,15
8364,4461,2022,1,1084.43,1084.43,0
8365,4461,2027,2,1239.54,2355.13,5
8366,4461,2040,2,30.53,58.01,5
8367,4461,2021,3,276.48,787.97,5
8368,4461,2087,1,33.41,33.41,0
8369,4462,2002,3,1730.96,5192.88,0
8370,4462,2090,1,140.69,126.62,10
8371,4462,2082,4,32.76,131.04,0
8372,4462,2059,2,1543.12,3086.24,0
8373,4463,2068,4,130.11,494.42,5
8374,4464,2081,3,77.16,208.33,10
8375,4465,2030,1,47.85,43.07,10
8376,4465,2040,2,30.53,58.01,5
8377,4465,2027,2,1239.54,2355.13,5
8378,4465,2026,3,344.85,982.82,5
8379,4466,2084,1,10.55,10.55,0
8380,4466,2070,2,237.56,427.61,10
8381,4466,2044,2,188.1,376.2,0
8382,4467,2002,3,1730.96,4933.24,5
8383,4468,2051,3,377.22,1075.08,5
8384,4468,2098,4,303.18,1152.08,5
8385,4469,2014,1,80.82,76.78,5
8386,4469,2034,3,282.04,761.51,10
8387,4470,2064,2,480.18,864.32,10
8388,4470,2097,3,632.61,1897.83,0
8389,4470,2038,1,56.71,53.87,5
8390,4470,2013,3,48.7,146.1,0
8391,4471,2073,3,83.93,251.79,0
8392,4471,2053,1,29.11,29.11,0
8393,4471,2018,1,32.47,29.22,10
8394,4471,2032,2,48.97,97.94,0
8395,4471,2092,3,40.28,102.71,15
8396,4471,2013,4,48.7,185.06,5
8397,4472,2095,3,43.25,123.26,5
8398,4472,2090,4,140.69,562.76,0
8399,4472,2066,2,181.12,362.24,0
8400,4472,2093,2,903.01,1625.42,10
8401,4473,2100,4,35.57,120.94,15
8402,4473,2030,1,47.85,43.07,10
8403,4473,2099,1,221.86,210.77,5
8404,4473,2056,4,286.88,1032.77,10
8405,4474,2030,2,47.85,86.13,10
8406,4474,2071,2,21.19,42.38,0
8407,4475,2085,2,352.02,598.43,15
8408,4475,2075,2,1371.74,2743.48,0
8409,4476,2086,4,119.99,479.96,0
8410,4476,2096,2,127.97,255.94,0
8411,4476,2082,2,32.76,62.24,5
8412,4477,2096,1,127.97,108.77,15
8413,4477,2011,3,1022.5,3067.5,0
8414,4478,2013,3,48.7,146.1,0
8415,4478,2088,1,1635.62,1472.06,10
8416,4478,2073,1,83.93,83.93,0
8417,4479,2069,4,1040.52,3537.77,15
8418,4479,2001,4,81.68,326.72,0
8419,4479,2017,1,33.22,31.56,5
8420,4480,2026,3,344.85,879.37,15
8421,4480,2059,3,1543.12,4629.36,0
8422,4481,2008,1,25.42,25.42,0
8423,4481,2026,2,344.85,655.22,5
8424,4481,2051,1,377.22,377.22,0
8425,4481,2050,3,388.25,1164.75,0
8426,4481,2067,3,330.49,991.47,0
8427,4481,2084,2,10.55,16.88,20
8428,4482,2078,4,217.4,869.6,0
8429,4482,2017,1,33.22,28.24,15
8430,4483,2007,2,181.55,363.1,0
8431,4483,2057,2,40.83,81.66,0
8432,4484,2031,1,43.62,39.26,10
8433,4484,2093,1,903.01,857.86,5
8434,4484,2052,3,856.26,2568.78,0
8435,4484,2007,2,181.55,308.64,15
8436,4484,2085,2,352.02,704.04,0
8437,4485,2018,1,32.47,32.47,0
8438,4485,2023,2,67.99,115.58,15
8439,4486,2085,3,352.02,1056.06,0
8440,4487,2087,2,33.41,66.82,0
8441,4487,2014,3,80.82,218.21,10
8442,4488,2054,2,273.62,465.15,15
8443,4488,2080,2,200.83,321.33,20
8444,4488,2020,2,857.35,1714.7,0
8445,4488,2017,1,33.22,33.22,0
8446,4489,2019,4,346.33,1177.52,15
8447,4489,2023,4,67.99,244.76,10
8448,4489,2057,4,40.83,163.32,0
8449,4489,2051,3,377.22,1075.08,5
8450,4489,2066,3,181.12,434.69,20
8451,4489,2015,2,296.44,592.88,0
8452,4490,2033,3,36.7,99.09,10
8453,4490,2071,2,21.19,42.38,0
8454,4490,2100,2,35.57,71.14,0
8455,4490,2100,3,35.57,90.7,15
8456,4490,2079,1,29.21,24.83,15
8457,4490,2007,3,181.55,517.42,5
8458,4491,2025,2,190.35,380.7,0
8459,4491,2044,4,188.1,752.4,0
8460,4491,2007,2,181.55,344.94,5
8461,4492,2034,4,282.04,1128.16,0
8462,4492,2063,3,373.81,953.22,15
8463,4492,2076,2,13.31,23.96,10
8464,4492,2055,3,1703.16,4343.06,15
8465,4492,2010,3,29.84,89.52,0
8466,4493,2053,1,29.11,27.65,5
8467,4493,2017,4,33.22,132.88,0
8468,4494,2070,2,237.56,475.12,0
8469,4494,2020,4,857.35,3429.4,0
8470,4494,2012,3,38.81,116.43,0
8471,4494,2065,1,209.37,188.43,10
8472,4495,2048,4,880.52,3522.08,0
8473,4495,2085,4,352.02,1408.08,0
8474,4495,2032,2,48.97,97.94,0
8475,4495,2023,1,67.99,61.19,10
8476,4496,2077,3,284.76,854.28,0
8477,4496,2081,3,77.16,231.48,0
8478,4496,2058,1,46.76,37.41,20
8479,4497,2050,2,388.25,737.68,5
8480,4497,2030,1,47.85,43.07,10
8481,4497,2003,1,413.8,372.42,10
8482,4498,2079,2,29.21,55.5,5
8483,4498,2047,3,69.63,188.0,10
8484,4499,2061,4,65.34,235.22,10
8485,4499,2018,2,32.47,58.45,10
8486,4499,2082,2,32.76,65.52,0
8487,4499,2067,3,330.49,941.9,5
8488,4499,2075,2,1371.74,2606.31,5
8489,4500,2072,1,34.11,34.11,0
8490,4500,2027,3,1239.54,3718.62,0
8491,4500,2077,3,284.76,854.28,0
8492,4500,2006,1,34.68,27.74,20
8493,4501,2094,4,259.12,932.83,10
8494,4501,2058,4,46.76,158.98,15
8495,4502,2097,4,632.61,2403.92,5
8496,4502,2068,4,130.11,442.37,15
8497,4502,2051,3,377.22,1075.08,5
8498,4503,2035,3,484.95,1454.85,0
8499,4503,2027,4,1239.54,4958.16,0
8500,4504,2097,2,632.61,1201.96,5
8501,4504,2013,2,48.7,92.53,5
8502,4505,2049,3,98.58,295.74,0
8503,4506,2073,3,83.93,226.61,10
8504,4506,2012,1,38.81,34.93,10
8505,4506,2045,4,1222.5,4645.5,5
8506,4507,2097,4,632.61,2530.44,0
8507,4507,2035,2,484.95,824.42,15
8508,4508,2073,1,83.93,79.73,5
8509,4508,2049,2,98.58,197.16,0
8510,4509,2094,4,259.12,1036.48,0
8511,4510,2079,2,29.21,58.42,0
8512,4510,2092,3,40.28,102.71,15
8513,4511,2003,1,413.8,413.8,0
8514,4512,2023,3,67.99,163.18,20
8515,4512,2059,4,1543.12,5246.61,15
8516,4512,2096,1,127.97,127.97,0
8517,4512,2080,1,200.83,200.83,0
8518,4513,2069,3,1040.52,2809.4,10
8519,4513,2020,4,857.35,3429.4,0
8520,4513,2016,1,15.11,14.35,5
8521,4514,2096,1,127.97,127.97,0
8522,4515,2045,1,1222.5,1100.25,10
8523,4515,2083,1,555.23,471.95,15
8524,4516,2030,4,47.85,191.4,0
8525,4516,2070,2,237.56,451.36,5
8526,4516,2023,1,67.99,67.99,0
8527,4517,2069,2,1040.52,2081.04,0
8528,4517,2100,3,35.57,106.71,0
8529,4517,2084,1,10.55,10.02,5
8530,4518,2037,2,130.62,248.18,5
8531,4518,2001,2,81.68,163.36,0
8532,4518,2052,1,856.26,813.45,5
8533,4519,2018,1,32.47,32.47,0
8534,4519,2046,1,358.44,322.6,10
8535,4519,2006,2,34.68,69.36,0
8536,4519,2069,4,1040.52,4162.08,0
8537,4519,2009,1,70.87,70.87,0
8538,4519,2086,2,119.99,239.98,0
8539,4520,2010,2,29.84,50.73,15
8540,4520,2083,1,555.23,499.71,10
8541,4520,2073,2,83.93,151.07,10
8542,4520,2003,4,413.8,1655.2,0
8543,4521,2041,3,33.25,94.76,5
8544,4521,2074,2,47.62,90.48,5
8545,4521,2023,4,67.99,258.36,5
8546,4521,2080,1,200.83,180.75,10
8547,4522,2017,1,33.22,33.22,0
8548,4522,2015,2,296.44,503.95,15
8549,4522,2013,1,48.7,46.26,5
8550,4522,2015,2,296.44,533.59,10
8551,4522,2010,3,29.84,71.62,20
8552,4522,2033,4,36.7,146.8,0
8553,4523,2070,4,237.56,855.22,10
8554,4523,2036,4,43.48,156.53,10
8555,4524,2070,1,237.56,213.8,10
8556,4525,2016,3,15.11,45.33,0
8557,4526,2039,3,448.11,1344.33,0
8558,4526,2006,1,34.68,32.95,5
8559,4526,2046,2,358.44,716.88,0
8560,4526,2049,4,98.58,315.46,20
8561,4526,2021,4,276.48,1105.92,0
8562,4526,2051,3,377.22,905.33,20
8563,4526,2040,3,30.53,91.59,0
8564,4527,2029,1,96.44,91.62,5
8565,4527,2005,4,821.88,2958.77,10
8566,4528,2023,2,67.99,135.98,0
8567,4528,2027,1,1239.54,1239.54,0
8568,4529,2076,3,13.31,37.93,5
8569,4529,2010,2,29.84,50.73,15
8570,4529,2016,4,15.11,60.44,0
8571,4530,2029,4,96.44,366.47,5
8572,4530,2027,3,1239.54,2974.9,20
8573,4530,2061,4,65.34,261.36,0
8574,4531,2024,2,48.34,87.01,10
8575,4531,2045,3,1222.5,3300.75,10
8576,4531,2040,3,30.53,87.01,5
8577,4532,2013,3,48.7,146.1,0
8578,4532,2019,4,346.33,1177.52,15
8579,4532,2011,3,1022.5,3067.5,0
8580,4532,2033,1,36.7,36.7,0
8581,4533,2060,4,49.95,189.81,5
8582,4533,2038,3,56.71,170.13,0
8583,4533,2047,4,69.63,236.74,15
8584,4533,2096,3,127.97,383.91,0
8585,4534,2077,1,284.76,270.52,5
8586,4534,2058,3,46.76,119.24,15
8587,4535,2019,3,346.33,935.09,10
8588,4535,2071,1,21.19,18.01,15
8589,4536,2033,3,36.7,88.08,20
8590,4536,2011,1,1022.5,1022.5,0
8591,4536,2072,3,34.11,102.33,0
8592,4536,2020,2,857.35,1714.7,0
8593,4537,2028,3,13.67,34.86,15
8594,4537,2076,4,13.31,50.58,5
8595,4538,2054,1,273.62,273.62,0
8596,4538,2099,3,221.86,599.02,10
8597,4539,2098,2,303.18,515.41,15
8598,4539,2012,1,38.81,34.93,10
8599,4539,2002,1,1730.96,1730.96,0
8600,4540,2027,2,1239.54,2479.08,0
8601,4540,2076,1,13.31,11.31,15
8602,4540,2021,2,276.48,552.96,0
8603,4540,2009,2,70.87,127.57,10
8604,4540,2047,3,69.63,167.11,20
8605,4541,2094,2,259.12,492.33,5
8606,4541,2039,2,448.11,761.79,15
8607,4541,2080,1,200.83,200.83,0
8608,4542,2021,1,276.48,276.48,0
8609,4543,2047,4,69.63,278.52,0
8610,4543,2015,3,296.44,889.32,0
8611,4543,2088,1,1635.62,1390.28,15
8612,4543,2050,3,388.25,1106.51,5
8613,4543,2027,3,1239.54,2974.9,20
8614,4544,2093,1,903.01,812.71,10
8615,4544,2009,2,70.87,141.74,0
8616,4544,2075,2,1371.74,2743.48,0
8617,4544,2052,1,856.26,856.26,0
8618,4544,2045,4,1222.5,4645.5,5
8619,4545,2045,2,1222.5,2445.0,0
8620,4545,2019,2,346.33,692.66,0
8621,4545,2016,1,15.11,15.11,0
8622,4546,2017,1,33.22,28.24,15
8623,4546,2084,1,10.55,9.5,10
8624,4547,2049,4,98.58,354.89,10
8625,4547,2091,3,18.29,54.87,0
8626,4547,2011,1,1022.5,971.38,5
8627,4547,2094,2,259.12,466.42,10
8628,4547,2054,1,273.62,232.58,15
8629,4547,2072,4,34.11,122.8,10
8630,4547,2087,4,33.41,133.64,0
8631,4548,2061,4,65.34,248.29,5
8632,4548,2063,3,373.81,1065.36,5
8633,4548,2001,1,81.68,81.68,0
8634,4548,2036,2,43.48,69.57,20
8635,4549,2057,3,40.83,116.37,5
8636,4550,2082,4,32.76,131.04,0
8637,4550,2076,2,13.31,26.62,0
8638,4550,2091,1,18.29,18.29,0
8639,4551,2013,2,48.7,97.4,0
8640,4551,2011,1,1022.5,1022.5,0
8641,4551,2065,1,209.37,209.37,0
8642,4552,2077,4,284.76,1139.04,0
8643,4552,2077,1,284.76,227.81,20
8644,4552,2050,1,388.25,368.84,5
8645,4553,2015,2,296.44,503.95,15
8646,4553,2061,4,65.34,248.29,5
8647,4553,2099,3,221.86,665.58,0
8648,4553,2084,2,10.55,21.1,0
8649,4554,2081,1,77.16,77.16,0
8650,4554,2015,4,296.44,1067.18,10
8651,4554,2032,1,48.97,48.97,0
8652,4554,2009,4,70.87,283.48,0
8653,4555,2052,4,856.26,3425.04,0
8654,4555,2013,4,48.7,165.58,15
8655,4556,2005,4,821.88,3287.52,0
8656,4556,2061,2,65.34,111.08,15
8657,4556,2096,4,127.97,460.69,10
8658,4556,2009,3,70.87,212.61,0
8659,4557,2025,1,190.35,171.32,10
8660,4557,2047,3,69.63,208.89,0
8661,4558,2093,4,903.01,3070.23,15
8662,4558,2051,1,377.22,339.5,10
8663,4558,2001,1,81.68,65.34,20
8664,4558,2052,4,856.26,3425.04,0
8665,4559,2075,3,1371.74,4115.22,0
8666,4559,2093,2,903.01,1806.02,0
8667,4560,2027,4,1239.54,4710.25,5
8668,4561,2049,4,98.58,394.32,0
8669,4561,2014,2,80.82,145.48,10
8670,4561,2033,1,36.7,36.7,0
8671,4561,2005,4,821.88,3123.14,5
8672,4562,2066,3,181.12,461.86,15
8673,4562,2075,3,1371.74,4115.22,0
8674,4563,2090,1,140.69,140.69,0
8675,4563,2015,1,296.44,281.62,5
8676,4563,2064,1,480.18,480.18,0
8677,4563,2017,1,33.22,33.22,0
8678,4563,2061,4,65.34,261.36,0
8679,4563,2026,1,344.85,327.61,5
8680,4564,2089,3,19.64,50.08,15
8681,4565,2031,4,43.62,174.48,0
8682,4565,2090,1,140.69,140.69,0
8683,4565,2056,2,286.88,487.7,15
8684,4565,2078,4,217.4,739.16,15
8685,4566,2017,4,33.22,132.88,0
8686,4566,2046,4,358.44,1218.7,15
8687,4566,2020,1,857.35,814.48,5
8688,4566,2082,1,32.76,26.21,20
8689,4567,2021,1,276.48,276.48,0
8690,4567,2033,3,36.7,93.58,15
8691,4567,2022,1,1084.43,1030.21,5
8692,4568,2005,3,821.88,2342.36,5
8693,4568,2070,4,237.56,902.73,5
8694,4568,2066,4,181.12,724.48,0
8695,4569,2030,3,47.85,122.02,15
8696,4569,2037,1,130.62,130.62,0
8697,4569,2056,3,286.88,817.61,5
8698,4570,2011,2,1022.5,2045.0,0
8699,4570,2004,2,810.03,1620.06,0
8700,4570,2049,3,98.58,280.95,5
8701,4571,2015,1,296.44,296.44,0
8702,4571,2038,3,56.71,170.13,0
8703,4572,2075,2,1371.74,2331.96,15
8704,4572,2074,4,47.62,190.48,0
8705,4573,2028,1,13.67,13.67,0
8706,4573,2028,2,13.67,24.61,10
8707,4573,2035,1,484.95,436.46,10
8708,4573,2004,4,810.03,3240.12,0
8709,4573,2049,3,98.58,266.17,10
8710,4574,2081,3,77.16,231.48,0
8711,4575,2004,1,810.03,810.03,0
8712,4575,2021,3,276.48,746.5,10
8713,4575,2018,2,32.47,61.69,5
8714,4575,2022,1,1084.43,1084.43,0
8715,4575,2076,2,13.31,26.62,0
8716,4576,2022,1,1084.43,867.54,20
8717,4576,2088,2,1635.62,2944.12,10
8718,4576,2062,2,1545.39,2627.16,15
8719,4576,2097,1,632.61,632.61,0
8720,4577,2073,3,83.93,226.61,10
8721,4577,2089,4,19.64,70.7,10
8722,4578,2089,2,19.64,39.28,0
8723,4578,2097,1,632.61,600.98,5
8724,4579,2081,4,77.16,308.64,0
8725,4579,2025,2,190.35,380.7,0
8726,4579,2024,4,48.34,164.36,15
8727,4579,2021,2,276.48,552.96,0
8728,4579,2007,4,181.55,617.27,15
8729,4580,2080,2,200.83,361.49,10
8730,4580,2012,3,38.81,116.43,0
8731,4580,2082,2,32.76,62.24,5
8732,4580,2068,2,130.11,247.21,5
8733,4580,2034,2,282.04,564.08,0
8734,4581,2049,2,98.58,187.3,5
8735,4581,2040,3,30.53,82.43,10
8736,4581,2039,1,448.11,448.11,0
8737,4582,2059,3,1543.12,4629.36,0
8738,4583,2014,2,80.82,161.64,0
8739,4584,2068,3,130.11,351.3,10
8740,4585,2087,3,33.41,85.2,15
8741,4585,2090,3,140.69,422.07,0
8742,4586,2027,1,1239.54,1239.54,0
8743,4587,2036,1,43.48,43.48,0
8744,4587,2078,2,217.4,434.8,0
8745,4588,2079,2,29.21,46.74,20
8746,4588,2002,3,1730.96,5192.88,0
8747,4588,2016,1,15.11,15.11,0
8748,4588,2089,2,19.64,39.28,0
8749,4589,2073,4,83.93,335.72,0
8750,4589,2001,3,81.68,245.04,0
8751,4590,2085,2,352.02,704.04,0
8752,4590,2019,2,346.33,692.66,0
8753,4590,2010,4,29.84,119.36,0
8754,4590,2011,3,1022.5,3067.5,0
8755,4591,2014,3,80.82,242.46,0
8756,4591,2054,1,273.62,273.62,0
8757,4591,2079,3,29.21,78.87,10
8758,4592,2071,4,21.19,84.76,0
8759,4592,2076,2,13.31,26.62,0
8760,4592,2053,4,29.11,116.44,0
8761,4592,2005,4,821.88,2794.39,15
8762,4592,2033,3,36.7,104.6,5
8763,4593,2010,4,29.84,119.36,0
8764,4593,2018,2,32.47,58.45,10
8765,4593,2063,4,373.81,1495.24,0
8766,4593,2018,3,32.47,82.8,15
8767,4593,2054,3,273.62,820.86,0
8768,4593,2088,3,1635.62,4906.86,0
8769,4594,2016,2,15.11,30.22,0
8770,4594,2011,4,1022.5,4090.0,0
8771,4595,2072,1,34.11,34.11,0
8772,4595,2027,3,1239.54,3346.76,10
8773,4595,2052,3,856.26,2568.78,0
8774,4596,2059,3,1543.12,4629.36,0
8775,4597,2049,3,98.58,295.74,0
8776,4597,2084,4,10.55,42.2,0
8777,4597,2050,4,388.25,1475.35,5
8778,4598,2023,3,67.99,203.97,0
8779,4599,2039,4,448.11,1792.44,0
8780,4599,2032,2,48.97,88.15,10
8781,4599,2037,4,130.62,522.48,0
8782,4600,2016,4,15.11,60.44,0
8783,4600,2036,1,43.48,43.48,0
8784,4600,2091,4,18.29,73.16,0
8785,4601,2073,2,83.93,151.07,10
8786,4602,2100,1,35.57,32.01,10
8787,4602,2063,4,373.81,1495.24,0
8788,4602,2071,4,21.19,67.81,20
8789,4602,2041,1,33.25,33.25,0
8790,4603,2012,3,38.81,116.43,0
8791,4603,2082,2,32.76,62.24,5
8792,4603,2010,4,29.84,107.42,10
8793,4604,2084,3,10.55,30.07,5
8794,4604,2059,4,1543.12,5246.61,15
8795,4605,2079,3,29.21,87.63,0
8796,4605,2083,3,555.23,1665.69,0
8797,4605,2043,3,46.31,111.14,20
8798,4605,2041,4,33.25,133.0,0
8799,4606,2060,1,49.95,47.45,5
8800,4607,2058,4,46.76,187.04,0
8801,4607,2100,3,35.57,90.7,15
8802,4607,2038,2,56.71,113.42,0
8803,4607,2054,1,273.62,259.94,5
8804,4607,2060,1,49.95,39.96,20
8805,4608,2027,3,1239.54,3718.62,0
8806,4608,2006,3,34.68,104.04,0
8807,4609,2015,4,296.44,1185.76,0
8808,4610,2020,3,857.35,2443.45,5
8809,4610,2075,1,1371.74,1234.57,10
8810,4610,2038,4,56.71,215.5,5
8811,4610,2002,4,1730.96,5539.07,20
8812,4610,2081,3,77.16,231.48,0
8813,4610,2086,4,119.99,479.96,0
8814,4611,2002,3,1730.96,5192.88,0
8815,4611,2099,2,221.86,443.72,0
8816,4611,2067,3,330.49,892.32,10
8817,4611,2064,2,480.18,912.34,5
8818,4611,2077,2,284.76,541.04,5
8819,4611,2001,2,81.68,138.86,15
8820,4612,2023,4,67.99,271.96,0
8821,4612,2071,4,21.19,80.52,5
8822,4612,2038,1,56.71,51.04,10
8823,4613,2054,4,273.62,1094.48,0
8824,4613,2050,3,388.25,1164.75,0
8825,4614,2020,1,857.35,814.48,5
8826,4614,2092,1,40.28,40.28,0
8827,4615,2100,3,35.57,96.04,10
8828,4616,2037,1,130.62,130.62,0
8829,4616,2051,2,377.22,679.0,10
8830,4616,2024,1,48.34,48.34,0
8831,4617,2004,3,810.03,1944.07,20
8832,4617,2067,4,330.49,1255.86,5
8833,4617,2091,4,18.29,73.16,0
8834,4618,2095,2,43.25,86.5,0
8835,4618,2081,2,77.16,154.32,0
8836,4619,2003,3,413.8,1241.4,0
8837,4619,2074,2,47.62,90.48,5
8838,4620,2078,1,217.4,195.66,10
8839,4620,2032,4,48.97,176.29,10
8840,4620,2025,3,190.35,571.05,0
8841,4621,2077,4,284.76,968.18,15
8842,4621,2005,1,821.88,698.6,15
8843,4621,2043,2,46.31,92.62,0
8844,4622,2064,3,480.18,1296.49,10
8845,4623,2069,1,1040.52,1040.52,0
8846,4624,2022,2,1084.43,2168.86,0
8847,4624,2007,2,181.55,290.48,20
8848,4625,2018,1,32.47,29.22,10
8849,4625,2006,3,34.68,93.64,10
8850,4626,2019,4,346.33,1385.32,0
8851,4626,2049,3,98.58,251.38,15
8852,4627,2094,3,259.12,738.49,5
8853,4627,2064,2,480.18,864.32,10
8854,4628,2065,3,209.37,502.49,20
8855,4628,2067,1,330.49,313.97,5
8856,4628,2043,2,46.31,87.99,5
8857,4629,2074,3,47.62,142.86,0
8858,4629,2049,2,98.58,197.16,0
8859,4629,2002,1,1730.96,1730.96,0
8860,4629,2043,2,46.31,87.99,5
8861,4629,2005,4,821.88,3287.52,0
8862,4630,2066,3,181.12,543.36,0
8863,4630,2058,4,46.76,187.04,0
8864,4631,2042,2,1820.54,3641.08,0
8865,4631,2052,2,856.26,1712.52,0
8866,4631,2081,1,77.16,77.16,0
8867,4632,2018,1,32.47,32.47,0
8868,4632,2045,1,1222.5,1100.25,10
8869,4632,2060,2,49.95,79.92,20
8870,4632,2042,3,1820.54,4369.3,20
8871,4632,2081,1,77.16,77.16,0
8872,4633,2043,4,46.31,185.24,0
8873,4633,2050,3,388.25,1164.75,0
8874,4634,2060,3,49.95,142.36,5
8875,4634,2054,3,273.62,820.86,0
8876,4634,2054,2,273.62,547.24,0
8877,4634,2053,3,29.11,78.6,10
8878,4635,2008,1,25.42,25.42,0
8879,4636,2090,1,140.69,140.69,0
8880,4636,2087,4,33.41,126.96,5
8881,4637,2027,4,1239.54,4958.16,0
8882,4637,2048,2,880.52,1408.83,20
8883,4637,2075,3,1371.74,4115.22,0
8884,4637,2011,1,1022.5,920.25,10
8885,4638,2037,1,130.62,130.62,0
8886,4639,2098,3,303.18,864.06,5
8887,4639,2012,4,38.81,155.24,0
8888,4640,2059,1,1543.12,1543.12,0
8889,4640,2010,1,29.84,28.35,5
8890,4640,2035,1,484.95,460.7,5
8891,4640,2029,3,96.44,289.32,0
8892,4640,2037,1,130.62,130.62,0
8893,4640,2061,4,65.34,222.16,15
8894,4640,2034,4,282.04,1128.16,0
8895,4641,2094,3,259.12,699.62,10
8896,4641,2072,3,34.11,102.33,0
8897,4641,2008,1,25.42,25.42,0
8898,4642,2041,3,33.25,89.78,10
8899,4642,2034,2,282.04,564.08,0
8900,4643,2058,1,46.76,44.42,5
8901,4643,2050,1,388.25,349.42,10
8902,4643,2048,3,880.52,2641.56,0
8903,4643,2092,4,40.28,136.95,15
8904,4644,2093,4,903.01,3250.84,10
8905,4644,2086,3,119.99,323.97,10
8906,4644,2072,2,34.11,68.22,0
8907,4645,2016,2,15.11,27.2,10
8908,4645,2067,2,330.49,594.88,10
8909,4645,2049,3,98.58,295.74,0
8910,4645,2073,1,83.93,83.93,0
8911,4646,2056,4,286.88,1090.14,5
8912,4646,2094,2,259.12,518.24,0
8913,4646,2017,2,33.22,66.44,0
8914,4646,2034,4,282.04,1128.16,0
8915,4646,2041,3,33.25,99.75,0
8916,4647,2057,4,40.83,155.15,5
8917,4647,2007,4,181.55,653.58,10
8918,4648,2050,3,388.25,1164.75,0
8919,4648,2096,4,127.97,460.69,10
8920,4648,2025,3,190.35,571.05,0
8921,4649,2048,3,880.52,2641.56,0
8922,4649,2069,3,1040.52,2653.33,15
8923,4650,2068,1,130.11,130.11,0
8924,4650,2058,1,46.76,46.76,0
8925,4651,2058,3,46.76,140.28,0
8926,4651,2072,2,34.11,54.58,20
8927,4652,2036,2,43.48,86.96,0
8928,4652,2038,1,56.71,56.71,0
8929,4652,2087,2,33.41,63.48,5
8930,4652,2100,3,35.57,85.37,20
8931,4653,2099,2,221.86,443.72,0
8932,4653,2018,1,32.47,27.6,15
8933,4653,2036,3,43.48,130.44,0
8934,4653,2040,1,30.53,24.42,20
8935,4653,2036,3,43.48,130.44,0
8936,4653,2036,3,43.48,123.92,5
8937,4654,2008,3,25.42,76.26,0
8938,4654,2097,4,632.61,2403.92,5
8939,4654,2023,2,67.99,122.38,10
8940,4655,2083,1,555.23,555.23,0
8941,4655,2027,2,1239.54,2107.22,15
8942,4655,2064,2,480.18,912.34,5
8943,4655,2028,2,13.67,27.34,0
8944,4656,2025,1,190.35,180.83,5
8945,4656,2097,1,632.61,632.61,0
8946,4657,2022,4,1084.43,4120.83,5
8947,4657,2058,3,46.76,133.27,5
8948,4657,2015,2,296.44,563.24,5
8949,4658,2090,3,140.69,422.07,0
8950,4658,2007,4,181.55,726.2,0
8951,4658,2039,4,448.11,1792.44,0
8952,4659,2017,4,33.22,112.95,15
8953,4659,2057,3,40.83,122.49,0
8954,4659,2090,1,140.69,126.62,10
8955,4659,2094,3,259.12,777.36,0
8956,4659,2078,2,217.4,413.06,5
8957,4660,2019,3,346.33,1038.99,0
8958,4660,2022,1,1084.43,1030.21,5
8959,4660,2072,4,34.11,136.44,0
8960,4660,2057,2,40.83,81.66,0
8961,4660,2040,2,30.53,51.9,15
8962,4660,2088,2,1635.62,3271.24,0
8963,4661,2054,1,273.62,259.94,5
8964,4661,2035,1,484.95,436.46,10
8965,4661,2055,3,1703.16,5109.48,0
8966,4662,2064,1,480.18,408.15,15
8967,4662,2062,3,1545.39,4636.17,0
8968,4662,2049,4,98.58,394.32,0
8969,4662,2048,3,880.52,2641.56,0
8970,4662,2012,1,38.81,38.81,0
8971,4663,2087,1,33.41,28.4,15
8972,4663,2053,1,29.11,27.65,5
8973,4663,2099,2,221.86,377.16,15
8974,4664,2014,2,80.82,161.64,0
8975,4665,2009,4,70.87,283.48,0
8976,4665,2003,3,413.8,1117.26,10
8977,4666,2008,4,25.42,96.6,5
8978,4666,2010,1,29.84,26.86,10
8979,4666,2083,2,555.23,1110.46,0
8980,4666,2078,2,217.4,434.8,0
8981,4666,2072,3,34.11,102.33,0
8982,4667,2040,4,30.53,122.12,0
8983,4667,2053,4,29.11,116.44,0
8984,4667,2045,2,1222.5,2445.0,0
8985,4668,2079,2,29.21,49.66,15
8986,4668,2053,1,29.11,29.11,0
8987,4668,2009,2,70.87,141.74,0
8988,4669,2058,1,46.76,44.42,5
8989,4669,2048,4,880.52,3522.08,0
8990,4669,2035,1,484.95,484.95,0
8991,4669,2055,3,1703.16,5109.48,0
8992,4670,2053,4,29.11,116.44,0
8993,4670,2026,3,344.85,982.82,5
8994,4670,2020,2,857.35,1628.96,5
8995,4670,2052,3,856.26,2311.9,10
8996,4670,2002,1,1730.96,1730.96,0
8997,4670,2086,2,119.99,227.98,5
8998,4671,2012,1,38.81,36.87,5
8999,4671,2076,1,13.31,12.64,5
9000,4672,2010,4,29.84,119.36,0
9001,4673,2026,4,344.85,1379.4,0
9002,4674,2067,4,330.49,1255.86,5
9003,4674,2069,3,1040.52,2965.48,5
9004,4674,2074,4,47.62,190.48,0
9005,4675,2093,4,903.01,3612.04,0
9006,4675,2081,2,77.16,138.89,10
9007,4676,2099,2,221.86,399.35,10
9008,4676,2037,3,130.62,313.49,20
9009,4676,2038,1,56.71,56.71,0
9010,4676,2055,1,1703.16,1362.53,20
9011,4676,2015,3,296.44,800.39,10
9012,4677,2030,3,47.85,136.37,5
9013,4677,2058,2,46.76,93.52,0
9014,4678,2009,2,70.87,120.48,15
9015,4679,2094,3,259.12,621.89,20
9016,4679,2005,4,821.88,2958.77,10
9017,4679,2053,1,29.11,29.11,0
9018,4680,2004,4,810.03,3078.11,5
9019,4680,2062,4,1545.39,6181.56,0
9020,4680,2058,3,46.76,133.27,5
9021,4681,2071,1,21.19,21.19,0
9022,4682,2061,4,65.34,261.36,0
9023,4682,2087,3,33.41,95.22,5
9024,4682,2063,4,373.81,1495.24,0
9025,4682,2002,2,1730.96,3115.73,10
9026,4682,2072,2,34.11,68.22,0
9027,4682,2054,1,273.62,273.62,0
9028,4683,2063,4,373.81,1270.95,15
9029,4683,2015,1,296.44,281.62,5
9030,4683,2051,4,377.22,1508.88,0
9031,4683,2052,1,856.26,856.26,0
9032,4683,2055,2,1703.16,3065.69,10
9033,4683,2096,4,127.97,511.88,0
9034,4684,2093,4,903.01,3612.04,0
9035,4684,2021,1,276.48,221.18,20
9036,4685,2073,2,83.93,142.68,15
9037,4685,2085,2,352.02,668.84,5
9038,4685,2078,2,217.4,434.8,0
9039,4685,2072,1,34.11,34.11,0
9040,4686,2083,2,555.23,1110.46,0
9041,4686,2081,4,77.16,293.21,5
9042,4686,2036,4,43.48,156.53,10
9043,4686,2028,3,13.67,34.86,15
9044,4687,2058,3,46.76,140.28,0
9045,4687,2030,4,47.85,191.4,0
9046,4687,2049,2,98.58,197.16,0
9047,4688,2045,1,1222.5,1222.5,0
9048,4688,2058,3,46.76,140.28,0
9049,4688,2006,4,34.68,131.78,5
9050,4688,2043,1,46.31,46.31,0
9051,4689,2049,2,98.58,197.16,0
9052,4689,2089,4,19.64,78.56,0
9053,4690,2043,1,46.31,43.99,5
9054,4690,2058,4,46.76,177.69,5
9055,4691,2041,1,33.25,28.26,15
9056,4691,2053,4,29.11,110.62,5
9057,4692,2087,3,33.41,100.23,0
9058,4692,2059,1,1543.12,1543.12,0
9059,4692,2037,3,130.62,391.86,0
9060,4692,2029,4,96.44,366.47,5
9061,4692,2080,4,200.83,722.99,10
9062,4693,2035,2,484.95,969.9,0
9063,4693,2011,4,1022.5,4090.0,0
9064,4694,2003,1,413.8,413.8,0
9065,4695,2001,4,81.68,326.72,0
9066,4696,2040,1,30.53,25.95,15
9067,4696,2078,2,217.4,369.58,15
9068,4696,2011,4,1022.5,3272.0,20
9069,4697,2060,3,49.95,149.85,0
9070,4697,2025,4,190.35,761.4,0
9071,4697,2067,3,330.49,941.9,5
9072,4698,2023,2,67.99,108.78,20
9073,4698,2073,3,83.93,251.79,0
9074,4699,2005,4,821.88,3287.52,0
9075,4699,2029,2,96.44,163.95,15
9076,4700,2044,2,188.1,357.39,5
9077,4700,2085,4,352.02,1196.87,15
9078,4700,2058,3,46.76,119.24,15
9079,4701,2098,3,303.18,818.59,10
9080,4701,2068,3,130.11,370.81,5
9081,4702,2056,1,286.88,258.19,10
9082,4702,2091,1,18.29,16.46,10
9083,4703,2054,2,273.62,492.52,10
9084,4703,2040,1,30.53,29.0,5
9085,4704,2086,2,119.99,227.98,5
9086,4704,2006,1,34.68,34.68,0
9087,4704,2029,2,96.44,192.88,0
9088,4705,2018,4,32.47,116.89,10
9089,4705,2064,2,480.18,960.36,0
9090,4706,2027,4,1239.54,4958.16,0
9091,4706,2092,4,40.28,161.12,0
9092,4706,2052,3,856.26,2568.78,0
9093,4707,2004,4,810.03,3240.12,0
9094,4707,2076,2,13.31,26.62,0
9095,4708,2048,1,880.52,880.52,0
9096,4708,2064,1,480.18,480.18,0
9097,4708,2055,3,1703.16,5109.48,0
9098,4709,2026,4,344.85,1241.46,10
9099,4709,2003,4,413.8,1489.68,10
9100,4709,2050,2,388.25,660.02,15
9101,4710,2003,3,413.8,1241.4,0
9102,4711,2035,3,484.95,1454.85,0
9103,4711,2002,1,1730.96,1730.96,0
9104,4711,2050,1,388.25,368.84,5
9105,4711,2022,3,1084.43,3253.29,0
9106,4711,2037,3,130.62,391.86,0
9107,4712,2054,3,273.62,779.82,5
9108,4712,2071,3,21.19,63.57,0
9109,4712,2038,4,56.71,204.16,10
9110,4712,2038,4,56.71,226.84,0
9111,4712,2092,3,40.28,114.8,5
9112,4712,2062,4,1545.39,6181.56,0
9113,4713,2029,1,96.44,91.62,5
9114,4713,2096,4,127.97,409.5,20
9115,4714,2064,4,480.18,1920.72,0
9116,4714,2027,3,1239.54,3346.76,10
9117,4714,2020,2,857.35,1371.76,20
9118,4714,2039,4,448.11,1792.44,0
9119,4714,2043,3,46.31,118.09,15
9120,4715,2093,1,903.01,903.01,0
9121,4715,2018,3,32.47,87.67,10
9122,4715,2061,4,65.34,248.29,5
9123,4715,2007,2,181.55,363.1,0
9124,4716,2076,2,13.31,25.29,5
9125,4716,2089,1,19.64,19.64,0
9126,4716,2037,3,130.62,372.27,5
9127,4716,2030,3,47.85,129.2,10
9128,4717,2068,4,130.11,520.44,0
9129,4717,2017,3,33.22,99.66,0
9130,4718,2066,2,181.12,326.02,10
9131,4718,2070,3,237.56,712.68,0
9132,4719,2076,2,13.31,26.62,0
9133,4719,2098,3,303.18,864.06,5
9134,4719,2012,2,38.81,77.62,0
9135,4720,2028,3,13.67,38.96,5
9136,4720,2077,1,284.76,242.05,15
9137,4721,2087,1,33.41,33.41,0
9138,4721,2062,3,1545.39,4636.17,0
9139,4721,2098,2,303.18,606.36,0
9140,4722,2093,2,903.01,1625.42,10
9141,4722,2038,2,56.71,107.75,5
9142,4722,2033,4,36.7,132.12,10
9143,4723,2044,2,188.1,376.2,0
9144,4723,2042,4,1820.54,7282.16,0
9145,4723,2008,2,25.42,48.3,5
9146,4724,2029,2,96.44,192.88,0
9147,4724,2054,2,273.62,547.24,0
9148,4725,2028,3,13.67,41.01,0
9149,4725,2034,3,282.04,846.12,0
9150,4726,2014,3,80.82,206.09,15
9151,4726,2080,1,200.83,170.71,15
9152,4726,2057,2,40.83,81.66,0
9153,4726,2003,4,413.8,1572.44,5
9154,4727,2092,3,40.28,120.84,0
9155,4728,2042,2,1820.54,3276.97,10
9156,4728,2013,2,48.7,97.4,0
9157,4729,2025,1,190.35,180.83,5
9158,4729,2099,1,221.86,199.67,10
9159,4729,2001,1,81.68,73.51,10
9160,4729,2086,4,119.99,455.96,5
9161,4730,2061,2,65.34,124.15,5
9162,4730,2075,2,1371.74,2606.31,5
9163,4731,2005,2,821.88,1315.01,20
9164,4731,2030,1,47.85,47.85,0
9165,4731,2040,3,30.53,91.59,0
9166,4731,2056,1,286.88,258.19,10
9167,4731,2050,3,388.25,1048.28,10
9168,4732,2040,4,30.53,116.01,5
9169,4732,2064,2,480.18,912.34,5
9170,4733,2027,1,1239.54,1115.59,10
9171,4733,2027,1,1239.54,1239.54,0
9172,4733,2069,1,1040.52,1040.52,0
9173,4733,2017,4,33.22,132.88,0
9174,4733,2061,4,65.34,261.36,0
9175,4734,2007,4,181.55,726.2,0
9176,4734,2059,1,1543.12,1543.12,0
9177,4734,2046,4,358.44,1362.07,5
9178,4735,2097,2,632.61,1201.96,5
9179,4735,2039,1,448.11,448.11,0
9180,4735,2001,2,81.68,147.02,10
9181,4736,2082,1,32.76,27.85,15
9182,4736,2071,1,21.19,19.07,10
9183,4736,2013,3,48.7,146.1,0
9184,4736,2079,1,29.21,29.21,0
9185,4737,2097,4,632.61,2530.44,0
9186,4737,2098,1,303.18,303.18,0
9187,4738,2074,1,47.62,47.62,0
9188,4738,2022,3,1084.43,3253.29,0
9189,4739,2018,2,32.47,51.95,20
9190,4739,2078,3,217.4,586.98,10
9191,4739,2088,2,1635.62,2944.12,10
9192,4739,2060,4,49.95,189.81,5
9193,4740,2070,3,237.56,712.68,0
9194,4740,2027,1,1239.54,1239.54,0
9195,4740,2058,1,46.76,46.76,0
9196,4741,2081,2,77.16,154.32,0
9197,4741,2050,3,388.25,1106.51,5
9198,4741,2048,1,880.52,880.52,0
9199,4741,2025,4,190.35,761.4,0
9200,4741,2012,1,38.81,38.81,0
9201,4742,2084,2,10.55,21.1,0
9202,4742,2030,2,47.85,86.13,10
9203,4742,2089,3,19.64,58.92,0
9204,4743,2069,2,1040.52,2081.04,0
9205,4743,2029,4,96.44,385.76,0
9206,4743,2026,1,344.85,310.36,10
9207,4743,2015,1,296.44,296.44,0
9208,4743,2068,2,130.11,260.22,0
9209,4743,2036,2,43.48,86.96,0
9210,4744,2092,4,40.28,153.06,5
9211,4745,2059,2,1543.12,2777.62,10
9212,4745,2090,1,140.69,126.62,10
9213,4745,2096,4,127.97,409.5,20
9214,4745,2058,1,46.76,44.42,5
9215,4746,2087,3,33.41,95.22,5
9216,4746,2040,2,30.53,61.06,0
9217,4747,2073,3,83.93,226.61,10
9218,4747,2083,1,555.23,527.47,5
9219,4747,2006,2,34.68,69.36,0
9220,4748,2084,1,10.55,10.02,5
9221,4748,2024,3,48.34,137.77,5
9222,4748,2027,2,1239.54,2355.13,5
9223,4749,2058,4,46.76,168.34,10
9224,4749,2092,2,40.28,68.48,15
9225,4749,2034,4,282.04,1128.16,0
9226,4750,2020,3,857.35,2314.85,10
9227,4750,2013,4,48.7,175.32,10
9228,4750,2039,4,448.11,1792.44,0
9229,4750,2042,3,1820.54,5461.62,0
9230,4751,2079,2,29.21,52.58,10
9231,4752,2033,1,36.7,31.2,15
9232,4752,2064,4,480.18,1920.72,0
9233,4752,2052,4,856.26,3425.04,0
9234,4753,2011,4,1022.5,3476.5,15
9235,4754,2054,3,273.62,738.77,10
9236,4754,2042,2,1820.54,3276.97,10
9237,4754,2022,1,1084.43,1084.43,0
9238,4755,2015,1,296.44,296.44,0
9239,4755,2091,4,18.29,73.16,0
9240,4755,2068,3,130.11,390.33,0
9241,4756,2042,1,1820.54,1729.51,5
9242,4756,2048,3,880.52,2377.4,10
9243,4756,2089,2,19.64,39.28,0
9244,4757,2033,3,36.7,110.1,0
9245,4758,2070,3,237.56,677.05,5
9246,4758,2017,4,33.22,119.59,10
9247,4759,2093,2,903.01,1806.02,0
9248,4759,2079,4,29.21,116.84,0
9249,4759,2004,1,810.03,769.53,5
9250,4760,2095,1,43.25,38.93,10
9251,4760,2024,2,48.34,87.01,10
9252,4760,2083,1,555.23,555.23,0
9253,4761,2016,3,15.11,45.33,0
9254,4761,2042,1,1820.54,1729.51,5
9255,4761,2082,3,32.76,98.28,0
9256,4761,2092,3,40.28,114.8,5
9257,4762,2023,2,67.99,135.98,0
9258,4762,2054,3,273.62,738.77,10
9259,4763,2055,4,1703.16,5790.74,15
9260,4764,2029,4,96.44,385.76,0
9261,4764,2031,1,43.62,41.44,5
9262,4765,2079,1,29.21,26.29,10
9263,4765,2009,4,70.87,269.31,5
9264,4765,2014,4,80.82,323.28,0
9265,4765,2067,2,330.49,660.98,0
9266,4766,2011,3,1022.5,3067.5,0
9267,4766,2089,4,19.64,78.56,0
9268,4767,2058,1,46.76,46.76,0
9269,4767,2067,1,330.49,330.49,0
9270,4767,2021,2,276.48,497.66,10
9271,4767,2094,1,259.12,259.12,0
9272,4768,2001,1,81.68,81.68,0
9273,4768,2070,2,237.56,403.85,15
9274,4769,2037,2,130.62,261.24,0
9275,4769,2100,1,35.57,30.23,15
9276,4769,2002,3,1730.96,4933.24,5
9277,4770,2070,3,237.56,712.68,0
9278,4770,2015,3,296.44,844.85,5
9279,4770,2094,3,259.12,738.49,5
9280,4770,2099,2,221.86,443.72,0
9281,4771,2027,2,1239.54,2479.08,0
9282,4772,2081,4,77.16,293.21,5
9283,4772,2004,4,810.03,3240.12,0
9284,4773,2033,3,36.7,104.6,5
9285,4773,2052,3,856.26,2568.78,0
9286,4773,2011,2,1022.5,1942.75,5
9287,4773,2091,4,18.29,73.16,0
9288,4773,2027,4,1239.54,4214.44,15
9289,4774,2093,4,903.01,3612.04,0
9290,4774,2043,1,46.31,43.99,5
9291,4774,2041,3,33.25,99.75,0
9292,4774,2018,3,32.47,97.41,0
9293,4775,2030,1,47.85,45.46,5
9294,4775,2009,4,70.87,269.31,5
9295,4775,2082,1,32.76,32.76,0
9296,4775,2077,4,284.76,1139.04,0
9297,4776,2055,4,1703.16,5790.74,15
9298,4776,2028,4,13.67,54.68,0
9299,4776,2009,2,70.87,120.48,15
9300,4777,2027,4,1239.54,4958.16,0
9301,4777,2068,2,130.11,260.22,0
9302,4778,2013,1,48.7,48.7,0
9303,4778,2031,1,43.62,43.62,0
9304,4778,2022,4,1084.43,4337.72,0
9305,4779,2029,1,96.44,86.8,10
9306,4779,2022,1,1084.43,1084.43,0
9307,4779,2044,4,188.1,752.4,0
9308,4780,2034,1,282.04,239.73,15
9309,4780,2082,2,32.76,65.52,0
9310,4780,2038,2,56.71,107.75,5
9311,4780,2054,4,273.62,1094.48,0
9312,4781,2011,3,1022.5,2914.12,5
9313,4781,2092,4,40.28,161.12,0
9314,4781,2082,1,32.76,32.76,0
9315,4782,2073,3,83.93,251.79,0
9316,4783,2052,4,856.26,2911.28,15
9317,4783,2038,3,56.71,170.13,0
9318,4783,2085,3,352.02,1056.06,0
9319,4783,2012,2,38.81,65.98,15
9320,4784,2063,2,373.81,710.24,5
9321,4784,2036,3,43.48,130.44,0
9322,4784,2013,4,48.7,155.84,20
9323,4784,2033,3,36.7,110.1,0
9324,4784,2017,3,33.22,94.68,5
9325,4784,2096,1,127.97,121.57,5
9326,4785,2023,3,67.99,203.97,0
9327,4785,2033,3,36.7,88.08,20
9328,4785,2084,3,10.55,31.65,0
9329,4786,2062,2,1545.39,3090.78,0
9330,4786,2099,1,221.86,221.86,0
9331,4786,2059,2,1543.12,2623.3,15
9332,4786,2086,4,119.99,479.96,0
9333,4787,2021,3,276.48,829.44,0
9334,4787,2059,3,1543.12,4166.42,10
9335,4788,2006,1,34.68,34.68,0
9336,4788,2090,3,140.69,400.97,5
9337,4788,2084,3,10.55,30.07,5
9338,4788,2096,4,127.97,511.88,0
9339,4788,2019,2,346.33,658.03,5
9340,4789,2096,3,127.97,383.91,0
9341,4789,2023,3,67.99,193.77,5
9342,4789,2080,1,200.83,180.75,10
9343,4789,2087,1,33.41,33.41,0
9344,4790,2011,2,1022.5,2045.0,0
9345,4790,2052,3,856.26,2568.78,0
9346,4790,2058,2,46.76,93.52,0
9347,4790,2076,2,13.31,23.96,10
9348,4790,2076,4,13.31,45.25,15
9349,4790,2066,4,181.12,652.03,10
9350,4791,2063,1,373.81,355.12,5
9351,4791,2003,4,413.8,1489.68,10
9352,4791,2005,2,821.88,1643.76,0
9353,4792,2009,1,70.87,70.87,0
9354,4793,2025,1,190.35,180.83,5
9355,4793,2049,2,98.58,177.44,10
9356,4793,2093,3,903.01,2709.03,0
9357,4793,2032,4,48.97,176.29,10
9358,4794,2010,1,29.84,29.84,0
9359,4794,2051,3,377.22,1131.66,0
9360,4795,2099,4,221.86,843.07,5
9361,4796,2015,4,296.44,1067.18,10
9362,4796,2082,1,32.76,31.12,5
9363,4796,2039,1,448.11,403.3,10
9364,4796,2025,1,190.35,171.32,10
9365,4797,2063,4,373.81,1270.95,15
9366,4797,2059,2,1543.12,3086.24,0
9367,4797,2014,2,80.82,161.64,0
9368,4798,2064,1,480.18,480.18,0
9369,4798,2097,1,632.61,600.98,5
9370,4798,2035,1,484.95,484.95,0
9371,4799,2051,3,377.22,961.91,15
9372,4799,2062,3,1545.39,3940.74,15
9373,4799,2008,1,25.42,25.42,0
9374,4800,2074,1,47.62,40.48,15
9375,4800,2017,3,33.22,99.66,0
9376,4801,2046,2,358.44,645.19,10
9377,4801,2022,4,1084.43,4120.83,5
9378,4801,2075,1,1371.74,1371.74,0
9379,4801,2040,1,30.53,30.53,0
9380,4802,2076,1,13.31,11.98,10
9381,4802,2080,2,200.83,341.41,15
9382,4802,2055,2,1703.16,3406.32,0
9383,4803,2077,1,284.76,270.52,5
9384,4803,2046,4,358.44,1433.76,0
9385,4803,2069,4,1040.52,3953.98,5
9386,4803,2017,2,33.22,53.15,20
9387,4804,2023,3,67.99,203.97,0
9388,4804,2078,2,217.4,434.8,0
9389,4804,2099,2,221.86,443.72,0
9390,4804,2082,1,32.76,27.85,15
9391,4804,2012,4,38.81,155.24,0
9392,4804,2073,2,83.93,167.86,0
9393,4805,2070,4,237.56,950.24,0
9394,4806,2084,2,10.55,21.1,0
9395,4807,2011,3,1022.5,2760.75,10
9396,4807,2057,2,40.83,81.66,0
9397,4807,2011,3,1022.5,2607.38,15
9398,4808,2008,2,25.42,48.3,5
9399,4808,2062,4,1545.39,6181.56,0
9400,4808,2057,1,40.83,40.83,0
9401,4808,2047,3,69.63,167.11,20
9402,4809,2089,1,19.64,16.69,15
9403,4809,2061,1,65.34,62.07,5
9404,4809,2100,1,35.57,35.57,0
9405,4810,2030,2,47.85,90.92,5
9406,4810,2082,3,32.76,98.28,0
9407,4810,2023,4,67.99,271.96,0
9408,4811,2001,2,81.68,147.02,10
9409,4811,2067,3,330.49,991.47,0
9410,4811,2051,1,377.22,377.22,0
9411,4811,2061,3,65.34,196.02,0
9412,4812,2098,2,303.18,606.36,0
9413,4813,2081,2,77.16,154.32,0
9414,4813,2062,3,1545.39,4172.55,10
9415,4814,2040,1,30.53,30.53,0
9416,4814,2017,1,33.22,26.58,20
9417,4814,2054,3,273.62,820.86,0
9418,4815,2086,2,119.99,227.98,5
9419,4815,2021,1,276.48,276.48,0
9420,4815,2078,4,217.4,869.6,0
9421,4815,2059,2,1543.12,2777.62,10
9422,4816,2069,3,1040.52,3121.56,0
9423,4816,2050,1,388.25,349.42,10
9424,4816,2055,2,1703.16,3406.32,0
9425,4816,2023,1,67.99,54.39,20
9426,4816,2020,4,857.35,3429.4,0
9427,4817,2046,3,358.44,1075.32,0
9428,4817,2055,4,1703.16,6472.01,5
9429,4817,2041,2,33.25,53.2,20
9430,4817,2069,2,1040.52,1872.94,10
9431,4817,2099,1,221.86,188.58,15
9432,4818,2010,4,29.84,119.36,0
9433,4818,2063,4,373.81,1420.48,5
9434,4818,2066,4,181.12,652.03,10
9435,4818,2094,3,259.12,777.36,0
9436,4818,2063,2,373.81,672.86,10
9437,4819,2048,2,880.52,1761.04,0
9438,4819,2048,4,880.52,2993.77,15
9439,4820,2046,2,358.44,716.88,0
9440,4820,2007,2,181.55,344.94,5
9441,4820,2033,1,36.7,36.7,0
9442,4821,2048,2,880.52,1761.04,0
9443,4821,2088,4,1635.62,6542.48,0
9444,4821,2004,1,810.03,648.02,20
9445,4821,2044,3,188.1,564.3,0
9446,4821,2014,1,80.82,80.82,0
9447,4822,2006,4,34.68,138.72,0
9448,4822,2019,2,346.33,692.66,0
9449,4823,2060,2,49.95,94.9,5
9450,4823,2053,3,29.11,78.6,10
9451,4824,2082,2,32.76,58.97,10
9452,4824,2041,4,33.25,126.35,5
9453,4825,2021,2,276.48,552.96,0
9454,4826,2049,4,98.58,335.17,15
9455,4826,2055,4,1703.16,6131.38,10
9456,4826,2026,3,344.85,931.1,10
9457,4826,2031,3,43.62,130.86,0
9458,4827,2088,3,1635.62,4906.86,0
9459,4827,2093,1,903.01,812.71,10
9460,4827,2025,1,190.35,190.35,0
9461,4828,2021,3,276.48,829.44,0
9462,4828,2064,1,480.18,456.17,5
9463,4828,2100,2,35.57,71.14,0
9464,4829,2090,2,140.69,281.38,0
9465,4829,2094,2,259.12,466.42,10
9466,4830,2040,3,30.53,91.59,0
9467,4830,2032,3,48.97,139.56,5
9468,4830,2049,3,98.58,251.38,15
9469,4830,2039,2,448.11,896.22,0
9470,4831,2021,3,276.48,787.97,5
9471,4831,2002,2,1730.96,3461.92,0
9472,4832,2073,2,83.93,167.86,0
9473,4832,2022,1,1084.43,1084.43,0
9474,4832,2015,1,296.44,281.62,5
9475,4833,2075,3,1371.74,3703.7,10
9476,4833,2063,3,373.81,1121.43,0
9477,4833,2049,1,98.58,98.58,0
9478,4833,2085,3,352.02,897.65,15
9479,4834,2077,3,284.76,726.14,15
9480,4834,2084,4,10.55,42.2,0
9481,4834,2064,1,480.18,480.18,0
9482,4835,2049,1,98.58,98.58,0
9483,4835,2043,1,46.31,43.99,5
9484,4835,2014,2,80.82,161.64,0
9485,4835,2037,1,130.62,130.62,0
9486,4836,2037,4,130.62,522.48,0
9487,4837,2001,4,81.68,326.72,0
9488,4837,2026,3,344.85,931.1,10
9489,4837,2036,4,43.48,173.92,0
9490,4838,2079,1,29.21,29.21,0
9491,4838,2065,4,209.37,711.86,15
9492,4838,2044,3,188.1,564.3,0
9493,4839,2016,3,15.11,36.26,20
9494,4839,2025,4,190.35,723.33,5
9495,4840,2003,2,413.8,827.6,0
9496,4840,2085,3,352.02,1056.06,0
9497,4840,2022,2,1084.43,2168.86,0
9498,4841,2032,4,48.97,186.09,5
9499,4841,2006,1,34.68,34.68,0
9500,4842,2007,2,181.55,363.1,0
9501,4842,2010,3,29.84,71.62,20
9502,4842,2023,4,67.99,271.96,0
9503,4842,2010,1,29.84,28.35,5
9504,4842,2044,1,188.1,188.1,0
9505,4843,2018,1,32.47,32.47,0
9506,4844,2006,2,34.68,69.36,0
9507,4845,2032,1,48.97,44.07,10
9508,4845,2021,1,276.48,276.48,0
9509,4845,2063,2,373.81,747.62,0
9510,4845,2066,2,181.12,362.24,0
9511,4846,2043,2,46.31,92.62,0
9512,4846,2053,1,29.11,24.74,15
9513,4847,2022,4,1084.43,3903.95,10
9514,4847,2002,2,1730.96,3461.92,0
9515,4847,2048,3,880.52,2377.4,10
9516,4847,2085,1,352.02,316.82,10
9517,4848,2097,2,632.61,1201.96,5
9518,4848,2040,1,30.53,24.42,20
9519,4849,2005,1,821.88,821.88,0
9520,4849,2025,4,190.35,685.26,10
9521,4849,2028,2,13.67,25.97,5
9522,4850,2076,1,13.31,13.31,0
9523,4850,2091,1,18.29,18.29,0
9524,4851,2024,4,48.34,164.36,15
9525,4851,2020,1,857.35,771.62,10
9526,4851,2070,2,237.56,427.61,10
9527,4851,2050,1,388.25,330.01,15
9528,4852,2072,1,34.11,32.4,5
9529,4853,2067,1,330.49,330.49,0
9530,4853,2090,3,140.69,400.97,5
9531,4853,2009,2,70.87,141.74,0
9532,4854,2074,2,47.62,95.24,0
9533,4854,2007,3,181.55,462.95,15
9534,4855,2023,1,67.99,61.19,10
9535,4855,2094,4,259.12,932.83,10
9536,4855,2096,2,127.97,230.35,10
9537,4855,2053,4,29.11,116.44,0
9538,4855,2051,1,377.22,377.22,0
9539,4856,2011,4,1022.5,4090.0,0
9540,4856,2012,1,38.81,38.81,0
9541,4857,2095,3,43.25,129.75,0
9542,4857,2015,3,296.44,889.32,0
9543,4857,2091,4,18.29,65.84,10
9544,4857,2011,1,1022.5,1022.5,0
9545,4857,2060,3,49.95,149.85,0
9546,4858,2039,2,448.11,851.41,5
9547,4858,2014,1,80.82,80.82,0
9548,4858,2026,1,344.85,344.85,0
9549,4858,2077,3,284.76,854.28,0
9550,4858,2019,1,346.33,346.33,0
9551,4858,2003,1,413.8,413.8,0
9552,4859,2050,2,388.25,660.02,15
9553,4859,2067,4,330.49,1123.67,15
9554,4859,2069,3,1040.52,2965.48,5
9555,4859,2097,1,632.61,537.72,15
9556,4860,2096,4,127.97,460.69,10
9557,4861,2028,3,13.67,36.91,10
9558,4861,2041,1,33.25,29.92,10
9559,4861,2013,3,48.7,131.49,10
9560,4861,2059,2,1543.12,2623.3,15
9561,4862,2050,1,388.25,388.25,0
9562,4863,2028,3,13.67,36.91,10
9563,4863,2093,1,903.01,903.01,0
9564,4864,2064,3,480.18,1440.54,0
9565,4864,2044,2,188.1,376.2,0
9566,4864,2019,3,346.33,987.04,5
9567,4864,2098,1,303.18,303.18,0
9568,4864,2044,4,188.1,677.16,10
9569,4865,2029,4,96.44,347.18,10
9570,4865,2079,4,29.21,116.84,0
9571,4865,2052,1,856.26,813.45,5
9572,4866,2021,1,276.48,248.83,10
9573,4866,2062,4,1545.39,5872.48,5
9574,4867,2001,3,81.68,232.79,5
9575,4867,2028,4,13.67,51.95,5
9576,4868,2034,2,282.04,507.67,10
9577,4869,2055,3,1703.16,5109.48,0
9578,4869,2054,3,273.62,779.82,5
9579,4869,2073,4,83.93,335.72,0
9580,4869,2077,2,284.76,484.09,15
9581,4870,2081,1,77.16,77.16,0
9582,4870,2068,2,130.11,260.22,0
9583,4871,2001,3,81.68,232.79,5
9584,4871,2028,3,13.67,36.91,10
9585,4871,2070,1,237.56,237.56,0
9586,4872,2054,3,273.62,820.86,0
9587,4872,2075,4,1371.74,5486.96,0
9588,4872,2002,3,1730.96,4933.24,5
9589,4872,2014,4,80.82,290.95,10
9590,4872,2066,3,181.12,543.36,0
9591,4873,2066,3,181.12,516.19,5
9592,4873,2062,3,1545.39,4636.17,0
9593,4874,2055,4,1703.16,5790.74,15
9594,4874,2003,3,413.8,1117.26,10
9595,4875,2041,1,33.25,29.92,10
9596,4875,2088,1,1635.62,1635.62,0
9597,4875,2038,3,56.71,170.13,0
9598,4875,2033,4,36.7,124.78,15
9599,4875,2016,1,15.11,14.35,5
9600,4876,2032,4,48.97,166.5,15
9601,4876,2088,1,1635.62,1635.62,0
9602,4877,2034,4,282.04,1128.16,0
9603,4877,2064,4,480.18,1920.72,0
9604,4877,2049,4,98.58,335.17,15
9605,4877,2018,3,32.47,77.93,20
9606,4877,2054,4,273.62,1039.76,5
9607,4877,2067,3,330.49,941.9,5
9608,4878,2048,4,880.52,3522.08,0
9609,4878,2007,2,181.55,344.94,5
9610,4878,2066,2,181.12,362.24,0
9611,4878,2036,4,43.48,147.83,15
9612,4879,2058,3,46.76,126.25,10
9613,4879,2020,3,857.35,2572.05,0
9614,4879,2055,1,1703.16,1532.84,10
9615,4880,2005,3,821.88,2465.64,0
9616,4881,2045,1,1222.5,1222.5,0
9617,4881,2086,3,119.99,359.97,0
9618,4881,2070,3,237.56,641.41,10
9619,4882,2092,3,40.28,102.71,15
9620,4882,2099,1,221.86,221.86,0
9621,4882,2030,4,47.85,181.83,5
9622,4882,2041,1,33.25,29.92,10
9623,4883,2007,4,181.55,653.58,10
9624,4883,2078,3,217.4,652.2,0
9625,4883,2077,2,284.76,512.57,10
9626,4883,2081,2,77.16,154.32,0
9627,4884,2070,2,237.56,475.12,0
9628,4884,2044,1,188.1,188.1,0
9629,4885,2037,2,130.62,235.12,10
9630,4885,2082,1,32.76,27.85,15
9631,4885,2067,2,330.49,594.88,10
9632,4886,2085,2,352.02,633.64,10
9633,4887,2069,4,1040.52,3953.98,5
9634,4887,2033,2,36.7,73.4,0
9635,4888,2025,2,190.35,380.7,0
9636,4888,2076,2,13.31,25.29,5
9637,4888,2062,4,1545.39,6181.56,0
9638,4888,2004,3,810.03,2430.09,0
9639,4888,2028,4,13.67,51.95,5
9640,4889,2001,3,81.68,245.04,0
9641,4889,2062,2,1545.39,3090.78,0
9642,4889,2017,4,33.22,106.3,20
9643,4889,2054,4,273.62,985.03,10
9644,4890,2100,1,35.57,32.01,10
9645,4890,2007,3,181.55,544.65,0
9646,4891,2005,4,821.88,3123.14,5
9647,4891,2037,3,130.62,391.86,0
9648,4892,2069,4,1040.52,3953.98,5
9649,4893,2005,2,821.88,1643.76,0
9650,4893,2075,3,1371.74,3909.46,5
9651,4893,2065,3,209.37,628.11,0
9652,4893,2054,1,273.62,232.58,15
9653,4894,2064,1,480.18,480.18,0
9654,4894,2060,4,49.95,159.84,20
9655,4895,2001,3,81.68,220.54,10
9656,4895,2074,4,47.62,152.38,20
9657,4896,2076,2,13.31,23.96,10
9658,4896,2056,1,286.88,286.88,0
9659,4897,2020,1,857.35,728.75,15
9660,4897,2071,3,21.19,54.03,15
9661,4898,2019,3,346.33,1038.99,0
9662,4899,2074,2,47.62,90.48,5
9663,4899,2062,2,1545.39,2936.24,5
9664,4900,2059,1,1543.12,1543.12,0
9665,4900,2045,1,1222.5,1222.5,0
9666,4900,2092,2,40.28,80.56,0
9667,4901,2023,3,67.99,193.77,5
9668,4902,2032,3,48.97,146.91,0
9669,4902,2097,4,632.61,2530.44,0
9670,4902,2082,3,32.76,78.62,20
9671,4903,2076,2,13.31,21.3,20
9672,4903,2036,4,43.48,173.92,0
9673,4903,2068,2,130.11,247.21,5
9674,4904,2099,4,221.86,887.44,0
9675,4905,2072,1,34.11,34.11,0
9676,4905,2005,1,821.88,739.69,10
9677,4905,2006,2,34.68,69.36,0
9678,4905,2077,1,284.76,284.76,0
9679,4905,2090,4,140.69,562.76,0
9680,4906,2065,3,209.37,533.89,15
9681,4906,2007,4,181.55,726.2,0
9682,4907,2012,2,38.81,77.62,0
9683,4907,2027,2,1239.54,2479.08,0
9684,4907,2051,1,377.22,358.36,5
9685,4908,2058,3,46.76,140.28,0
9686,4908,2080,3,200.83,481.99,20
9687,4908,2098,4,303.18,1030.81,15
9688,4908,2055,1,1703.16,1447.69,15
9689,4909,2072,2,34.11,57.99,15
9690,4909,2062,2,1545.39,2781.7,10
9691,4909,2076,3,13.31,37.93,5
9692,4910,2064,2,480.18,768.29,20
9693,4910,2023,3,67.99,203.97,0
9694,4911,2017,4,33.22,132.88,0
9695,4911,2024,3,48.34,145.02,0
9696,4911,2059,3,1543.12,4629.36,0
9697,4912,2072,2,34.11,68.22,0
9698,4912,2099,2,221.86,443.72,0
9699,4912,2091,3,18.29,54.87,0
9700,4912,2001,3,81.68,245.04,0
9701,4913,2019,3,346.33,1038.99,0
9702,4913,2071,1,21.19,21.19,0
9703,4914,2100,4,35.57,142.28,0
9704,4914,2008,1,25.42,21.61,15
9705,4915,2025,4,190.35,761.4,0
9706,4915,2013,4,48.7,185.06,5
9707,4916,2028,3,13.67,34.86,15
9708,4916,2073,3,83.93,239.2,5
9709,4917,2013,1,48.7,48.7,0
9710,4918,2012,4,38.81,139.72,10
9711,4918,2049,2,98.58,177.44,10
9712,4918,2026,4,344.85,1310.43,5
9713,4918,2013,2,48.7,97.4,0
9714,4919,2078,3,217.4,652.2,0
9715,4919,2075,1,1371.74,1234.57,10
9716,4919,2098,4,303.18,1212.72,0
9717,4920,2018,4,32.47,123.39,5
9718,4920,2067,3,330.49,941.9,5
9719,4920,2025,1,190.35,190.35,0
9720,4921,2082,3,32.76,98.28,0
9721,4922,2044,1,188.1,188.1,0
9722,4922,2070,1,237.56,213.8,10
9723,4922,2055,3,1703.16,4854.01,5
9724,4922,2062,3,1545.39,4636.17,0
9725,4923,2002,3,1730.96,4933.24,5
9726,4924,2038,2,56.71,90.74,20
9727,4924,2098,2,303.18,606.36,0
9728,4924,2002,1,1730.96,1557.86,10
9729,4924,2042,4,1820.54,6189.84,15
9730,4925,2014,1,80.82,80.82,0
9731,4925,2028,2,13.67,27.34,0
9732,4925,2019,3,346.33,987.04,5
9733,4926,2070,3,237.56,570.14,20
9734,4926,2038,1,56.71,48.2,15
9735,4927,2053,4,29.11,93.15,20
9736,4927,2040,2,30.53,61.06,0
9737,4928,2013,1,48.7,43.83,10
9738,4928,2087,4,33.41,133.64,0
9739,4928,2011,3,1022.5,2914.12,5
9740,4929,2006,3,34.68,104.04,0
9741,4929,2045,4,1222.5,4645.5,5
9742,4930,2092,3,40.28,120.84,0
9743,4930,2021,4,276.48,1105.92,0
9744,4930,2045,1,1222.5,1222.5,0
9745,4931,2026,3,344.85,982.82,5
9746,4931,2062,4,1545.39,6181.56,0
9747,4931,2009,3,70.87,212.61,0
9748,4931,2064,1,480.18,480.18,0
9749,4932,2043,1,46.31,43.99,5
9750,4932,2093,4,903.01,3431.44,5
9751,4932,2060,4,49.95,189.81,5
9752,4933,2051,3,377.22,1131.66,0
9753,4934,2069,4,1040.52,3953.98,5
9754,4934,2047,1,69.63,69.63,0
9755,4935,2043,3,46.31,118.09,15
9756,4936,2084,2,10.55,21.1,0
9757,4936,2026,1,344.85,327.61,5
9758,4936,2049,3,98.58,295.74,0
9759,4936,2008,2,25.42,45.76,10
9760,4937,2078,4,217.4,782.64,10
9761,4937,2005,3,821.88,2342.36,5
9762,4937,2045,2,1222.5,2445.0,0
9763,4937,2091,3,18.29,54.87,0
9764,4937,2024,1,48.34,43.51,10
9765,4938,2050,4,388.25,1320.05,15
9766,4938,2048,1,880.52,748.44,15
9767,4938,2075,4,1371.74,4938.26,10
9768,4938,2030,3,47.85,136.37,5
9769,4939,2041,1,33.25,28.26,15
9770,4940,2075,2,1371.74,2469.13,10
9771,4940,2008,2,25.42,45.76,10
9772,4940,2004,3,810.03,2430.09,0
9773,4940,2041,1,33.25,31.59,5
9774,4941,2001,3,81.68,245.04,0
9775,4941,2016,4,15.11,60.44,0
9776,4941,2083,3,555.23,1665.69,0
9777,4942,2043,2,46.31,87.99,5
9778,4942,2050,1,388.25,368.84,5
9779,4942,2091,1,18.29,18.29,0
9780,4942,2082,3,32.76,88.45,10
9781,4942,2024,4,48.34,193.36,0
9782,4943,2057,4,40.83,163.32,0
9783,4943,2045,2,1222.5,2445.0,0
9784,4944,2062,2,1545.39,3090.78,0
9785,4944,2065,4,209.37,837.48,0
9786,4944,2022,1,1084.43,921.77,15
9787,4944,2053,1,29.11,24.74,15
9788,4945,2084,4,10.55,42.2,0
9789,4945,2011,1,1022.5,1022.5,0
9790,4946,2064,3,480.18,1368.51,5
9791,4946,2009,4,70.87,283.48,0
9792,4946,2055,3,1703.16,5109.48,0
9793,4947,2021,4,276.48,884.74,20
9794,4947,2077,3,284.76,768.85,10
9795,4947,2047,4,69.63,278.52,0
9796,4948,2003,2,413.8,827.6,0
9797,4948,2011,3,1022.5,2914.12,5
9798,4948,2035,4,484.95,1939.8,0
9799,4949,2001,3,81.68,220.54,10
9800,4949,2038,2,56.71,113.42,0
9801,4949,2033,4,36.7,139.46,5
9802,4949,2092,3,40.28,114.8,5
9803,4949,2062,4,1545.39,6181.56,0
9804,4949,2085,2,352.02,633.64,10
9805,4949,2042,3,1820.54,5188.54,5
9806,4950,2070,4,237.56,950.24,0
9807,4950,2059,3,1543.12,4629.36,0
9808,4951,2074,3,47.62,142.86,0
9809,4951,2016,4,15.11,54.4,10
9810,4951,2097,3,632.61,1897.83,0
9811,4952,2080,4,200.83,803.32,0
9812,4952,2038,3,56.71,144.61,15
9813,4952,2096,1,127.97,127.97,0
9814,4953,2036,3,43.48,130.44,0
9815,4953,2085,1,352.02,316.82,10
9816,4954,2085,1,352.02,334.42,5
9817,4954,2043,1,46.31,43.99,5
9818,4955,2009,3,70.87,212.61,0
9819,4955,2018,1,32.47,32.47,0
9820,4955,2021,4,276.48,1105.92,0
9821,4956,2093,1,903.01,812.71,10
9822,4956,2059,4,1543.12,5555.23,10
9823,4957,2053,1,29.11,26.2,10
9824,4957,2009,4,70.87,269.31,5
9825,4957,2057,3,40.83,122.49,0
9826,4957,2001,3,81.68,245.04,0
9827,4957,2062,4,1545.39,5872.48,5
9828,4957,2052,2,856.26,1541.27,10
9829,4958,2050,3,388.25,1106.51,5
9830,4958,2097,4,632.61,2530.44,0
9831,4959,2022,3,1084.43,3253.29,0
9832,4960,2081,3,77.16,231.48,0
9833,4960,2015,2,296.44,592.88,0
9834,4960,2075,1,1371.74,1371.74,0
9835,4960,2002,1,1730.96,1730.96,0
9836,4960,2031,1,43.62,41.44,5
9837,4961,2086,1,119.99,107.99,10
9838,4961,2080,3,200.83,602.49,0
9839,4961,2005,3,821.88,2465.64,0
9840,4962,2004,4,810.03,3078.11,5
9841,4962,2064,2,480.18,816.31,15
9842,4962,2094,2,259.12,518.24,0
9843,4963,2064,2,480.18,960.36,0
9844,4963,2002,2,1730.96,2942.63,15
9845,4963,2055,4,1703.16,6812.64,0
9846,4964,2060,4,49.95,199.8,0
9847,4964,2087,4,33.41,126.96,5
9848,4965,2007,1,181.55,181.55,0
9849,4965,2001,2,81.68,155.19,5
9850,4966,2010,2,29.84,59.68,0
9851,4966,2021,4,276.48,1050.62,5
9852,4966,2073,1,83.93,67.14,20
9853,4966,2055,4,1703.16,6812.64,0
9854,4967,2086,2,119.99,203.98,15
9855,4967,2045,4,1222.5,4890.0,0
9856,4968,2010,3,29.84,89.52,0
9857,4969,2027,4,1239.54,4462.34,10
9858,4969,2003,4,413.8,1655.2,0
9859,4969,2008,3,25.42,76.26,0
9860,4969,2034,3,282.04,846.12,0
9861,4969,2054,3,273.62,779.82,5
9862,4969,2073,1,83.93,83.93,0
9863,4969,2077,3,284.76,811.57,5
9864,4969,2034,4,282.04,1128.16,0
9865,4970,2075,2,1371.74,2743.48,0
9866,4970,2012,4,38.81,131.95,15
9867,4970,2091,4,18.29,69.5,5
9868,4971,2031,1,43.62,43.62,0
9869,4971,2046,3,358.44,967.79,10
9870,4972,2049,4,98.58,374.6,5
9871,4972,2040,4,30.53,97.7,20
9872,4972,2032,2,48.97,88.15,10
9873,4973,2036,2,43.48,78.26,10
9874,4974,2013,4,48.7,165.58,15
9875,4974,2053,1,29.11,29.11,0
9876,4974,2017,3,33.22,84.71,15
9877,4975,2036,3,43.48,130.44,0
9878,4975,2002,1,1730.96,1730.96,0
9879,4975,2057,4,40.83,138.82,15
9880,4975,2081,1,77.16,65.59,15
9881,4976,2069,3,1040.52,2809.4,10
9882,4976,2032,3,48.97,146.91,0
9883,4976,2034,3,282.04,803.81,5
9884,4977,2044,1,188.1,178.7,5
9885,4977,2024,4,48.34,183.69,5
9886,4978,2037,3,130.62,391.86,0
9887,4978,2026,1,344.85,310.36,10
9888,4979,2010,4,29.84,119.36,0
9889,4979,2049,3,98.58,295.74,0
9890,4979,2036,4,43.48,173.92,0
9891,4980,2006,3,34.68,93.64,10
9892,4980,2064,4,480.18,1920.72,0
9893,4980,2094,3,259.12,777.36,0
9894,4981,2058,4,46.76,187.04,0
9895,4981,2080,2,200.83,401.66,0
9896,4981,2009,1,70.87,70.87,0
9897,4981,2018,2,32.47,64.94,0
9898,4981,2011,2,1022.5,2045.0,0
9899,4981,2059,3,1543.12,4397.89,5
9900,4982,2069,3,1040.52,2653.33,15
9901,4983,2020,4,857.35,3257.93,5
9902,4983,2068,3,130.11,351.3,10
9903,4983,2041,1,33.25,33.25,0
9904,4984,2060,4,49.95,199.8,0
9905,4984,2036,3,43.48,123.92,5
9906,4984,2019,1,346.33,294.38,15
9907,4984,2059,3,1543.12,3934.96,15
9908,4984,2043,2,46.31,92.62,0
9909,4984,2029,4,96.44,385.76,0
9910,4985,2089,2,19.64,39.28,0
9911,4985,2099,2,221.86,377.16,15
9912,4985,2077,1,284.76,270.52,5
9913,4985,2001,2,81.68,147.02,10
9914,4985,2026,3,344.85,982.82,5
9915,4986,2057,1,40.83,40.83,0
9916,4986,2060,1,49.95,49.95,0
9917,4986,2100,4,35.57,135.17,5
9918,4986,2033,1,36.7,36.7,0
9919,4986,2019,1,346.33,294.38,15
9920,4987,2042,3,1820.54,5461.62,0
9921,4987,2041,2,33.25,63.18,5
9922,4987,2029,3,96.44,289.32,0
9923,4988,2097,1,632.61,600.98,5
9924,4988,2084,3,10.55,31.65,0
9925,4989,2026,4,344.85,1172.49,15
9926,4990,2029,4,96.44,366.47,5
9927,4990,2097,2,632.61,1265.22,0
9928,4990,2020,1,857.35,857.35,0
9929,4991,2040,3,30.53,91.59,0
9930,4991,2024,3,48.34,137.77,5
9931,4991,2100,1,35.57,30.23,15
9932,4991,2047,3,69.63,208.89,0
9933,4992,2002,1,1730.96,1557.86,10
9934,4992,2031,1,43.62,39.26,10
9935,4992,2017,2,33.22,66.44,0
9936,4992,2029,2,96.44,192.88,0
9937,4993,2074,4,47.62,190.48,0
9938,4994,2062,4,1545.39,6181.56,0
9939,4994,2085,2,352.02,668.84,5
9940,4994,2012,1,38.81,38.81,0
9941,4994,2031,1,43.62,37.08,15
9942,4994,2035,1,484.95,460.7,5
9943,4995,2059,3,1543.12,4629.36,0
9944,4995,2003,3,413.8,1117.26,10
9945,4995,2076,3,13.31,39.93,0
9946,4996,2059,2,1543.12,2623.3,15
9947,4996,2090,3,140.69,422.07,0
9948,4996,2032,4,48.97,195.88,0
9949,4996,2005,1,821.88,698.6,15
9950,4996,2023,1,67.99,64.59,5
9951,4997,2023,3,67.99,203.97,0
9952,4997,2093,1,903.01,722.41,20
9953,4997,2098,2,303.18,606.36,0
9954,4997,2012,2,38.81,65.98,15
9955,4998,2023,2,67.99,115.58,15
9956,4999,2042,4,1820.54,6553.94,10
9957,4999,2038,4,56.71,226.84,0
9958,4999,2091,3,18.29,54.87,0
9959,5000,2018,4,32.47,116.89,10
9960,5000,2082,4,32.76,111.38,15
